2026-03-30 10:39:03,195 1467288 DEBUG ? odoo.netsvc: logger level set: "odoo.http.rpc.request:INFO" 
2026-03-30 10:39:03,195 1467288 DEBUG ? odoo.netsvc: logger level set: "odoo.http.rpc.response:INFO" 
2026-03-30 10:39:03,195 1467288 DEBUG ? odoo.netsvc: logger level set: ":INFO" 
2026-03-30 10:39:03,196 1467288 DEBUG ? odoo.netsvc: logger level set: "odoo:DEBUG" 
2026-03-30 10:39:03,196 1467288 DEBUG ? odoo.netsvc: logger level set: "odoo.sql_db:INFO" 
2026-03-30 10:39:03,196 1467288 DEBUG ? odoo.netsvc: logger level set: ":INFO" 
2026-03-30 10:39:03,196 1467288 INFO ? odoo: Odoo version 18.0 
2026-03-30 10:39:03,196 1467288 INFO ? odoo: Using configuration file at /home/pablo/odoo/debian/odoo.conf 
2026-03-30 10:39:03,196 1467288 INFO ? odoo: addons paths: ['/home/pablo/odoo/odoo/addons', '/home/pablo/.local/share/Odoo/addons/18.0', '/home/pablo/odoo/addons', '/home/pablo/odoo/addons/helpdesk'] 
2026-03-30 10:39:03,196 1467288 INFO ? odoo: database: odoo@localhost:5432 
2026-03-30 10:39:03,347 1467288 INFO ? odoo.addons.base.models.ir_actions_report: You need Wkhtmltopdf to print a pdf version of the reports. 
2026-03-30 10:39:03,366 1467288 INFO ? odoo.addons.base.models.ir_actions_report: You need Wkhtmltoimage to generate images from html. 
2026-03-30 10:39:03,557 1467288 DEBUG ? odoo.service.server: Setting signal handlers 
2026-03-30 10:39:03,559 1467288 INFO ? odoo.service.server: HTTP service (werkzeug) running on TECNICO-FREELANCE-PC.localdomain:8069 
2026-03-30 10:39:03,630 1467288 DEBUG pruebas odoo.modules.registry: Multiprocess load registry signaling: [Registry: 26] [Cache default: 28] [Cache assets: 3] [Cache templates: 2] [Cache routing: 1] [Cache groups: 2] 
2026-03-30 10:39:03,708 1467288 INFO pruebas odoo.modules.loading: loading 1 modules... 
2026-03-30 10:39:03,708 1467288 DEBUG pruebas odoo.modules.loading: Loading module base (1/1) 
2026-03-30 10:39:03,714 1467288 DEBUG pruebas odoo.modules.loading: Module base loaded in 0.01s, 0 queries 
2026-03-30 10:39:03,714 1467288 INFO pruebas odoo.modules.loading: 1 modules loaded in 0.01s, 0 queries (+0 extra) 
2026-03-30 10:39:03,800 1467288 INFO pruebas odoo.modules.loading: updating modules list 
2026-03-30 10:39:03,803 1467288 INFO pruebas odoo.addons.base.models.ir_module: ALLOW access to module.update_list on [] to user __system__ #1 via n/a 
2026-03-30 10:39:05,268 1467288 INFO pruebas odoo.addons.base.models.ir_module: ALLOW access to module.button_upgrade on ['Helpdesk Management'] to user __system__ #1 via n/a 
2026-03-30 10:39:05,268 1467288 INFO pruebas odoo.addons.base.models.ir_module: ALLOW access to module.update_list on ['Helpdesk Management'] to user __system__ #1 via n/a 
2026-03-30 10:39:06,339 1467288 INFO pruebas odoo.addons.base.models.ir_module: ALLOW access to module.button_install on [] to user __system__ #1 via n/a 
2026-03-30 10:39:06,386 1467288 DEBUG pruebas odoo.modules.loading: Updating graph with 100 more modules 
2026-03-30 10:39:06,387 1467288 INFO pruebas odoo.modules.loading: loading 101 modules... 
2026-03-30 10:39:06,387 1467288 DEBUG pruebas odoo.modules.loading: Loading module l10n_us (2/101) 
2026-03-30 10:39:06,389 1467288 DEBUG pruebas odoo.modules.loading: Module l10n_us loaded in 0.00s, 0 queries 
2026-03-30 10:39:06,389 1467288 DEBUG pruebas odoo.modules.loading: Loading module social_media (3/101) 
2026-03-30 10:39:06,390 1467288 DEBUG pruebas odoo.modules.loading: Module social_media loaded in 0.00s, 0 queries 
2026-03-30 10:39:06,390 1467288 DEBUG pruebas odoo.modules.loading: Loading module uom (4/101) 
2026-03-30 10:39:06,391 1467288 DEBUG pruebas odoo.modules.loading: Module uom loaded in 0.00s, 0 queries 
2026-03-30 10:39:06,391 1467288 DEBUG pruebas odoo.modules.loading: Loading module web (5/101) 
2026-03-30 10:39:06,393 1467288 DEBUG pruebas odoo.modules.loading: Module web loaded in 0.00s, 0 queries 
2026-03-30 10:39:06,393 1467288 DEBUG pruebas odoo.modules.loading: Loading module auth_totp (6/101) 
2026-03-30 10:39:06,403 1467288 DEBUG pruebas odoo.modules.loading: Module auth_totp loaded in 0.01s, 0 queries 
2026-03-30 10:39:06,403 1467288 DEBUG pruebas odoo.modules.loading: Loading module barcodes (7/101) 
2026-03-30 10:39:06,412 1467288 DEBUG pruebas odoo.modules.loading: Module barcodes loaded in 0.01s, 0 queries 
2026-03-30 10:39:06,412 1467288 DEBUG pruebas odoo.modules.loading: Loading module base_import (8/101) 
2026-03-30 10:39:06,672 1467288 DEBUG pruebas odoo.modules.loading: Module base_import loaded in 0.26s, 0 queries 
2026-03-30 10:39:06,672 1467288 DEBUG pruebas odoo.modules.loading: Loading module base_import_module (9/101) 
2026-03-30 10:39:06,675 1467288 DEBUG pruebas odoo.modules.loading: Module base_import_module loaded in 0.00s, 0 queries 
2026-03-30 10:39:06,675 1467288 DEBUG pruebas odoo.modules.loading: Loading module base_setup (10/101) 
2026-03-30 10:39:06,678 1467288 DEBUG pruebas odoo.modules.loading: Module base_setup loaded in 0.00s, 0 queries 
2026-03-30 10:39:06,678 1467288 DEBUG pruebas odoo.modules.loading: Loading module bus (11/101) 
2026-03-30 10:39:06,688 1467288 DEBUG pruebas odoo.modules.loading: Module bus loaded in 0.01s, 0 queries 
2026-03-30 10:39:06,688 1467288 DEBUG pruebas odoo.modules.loading: Loading module http_routing (12/101) 
2026-03-30 10:39:06,691 1467288 DEBUG pruebas odoo.modules.loading: Module http_routing loaded in 0.00s, 0 queries 
2026-03-30 10:39:06,691 1467288 DEBUG pruebas odoo.modules.loading: Loading module onboarding (13/101) 
2026-03-30 10:39:06,694 1467288 DEBUG pruebas odoo.modules.loading: Module onboarding loaded in 0.00s, 0 queries 
2026-03-30 10:39:06,694 1467288 DEBUG pruebas odoo.modules.loading: Loading module resource (14/101) 
2026-03-30 10:39:06,703 1467288 DEBUG pruebas odoo.modules.loading: Module resource loaded in 0.01s, 0 queries 
2026-03-30 10:39:06,703 1467288 DEBUG pruebas odoo.modules.loading: Loading module utm (15/101) 
2026-03-30 10:39:06,707 1467288 DEBUG pruebas odoo.modules.loading: Module utm loaded in 0.00s, 0 queries 
2026-03-30 10:39:06,707 1467288 DEBUG pruebas odoo.modules.loading: Loading module web_hierarchy (16/101) 
2026-03-30 10:39:06,710 1467288 DEBUG pruebas odoo.modules.loading: Module web_hierarchy loaded in 0.00s, 0 queries 
2026-03-30 10:39:06,710 1467288 DEBUG pruebas odoo.modules.loading: Loading module web_tour (17/101) 
2026-03-30 10:39:06,713 1467288 DEBUG pruebas odoo.modules.loading: Module web_tour loaded in 0.00s, 0 queries 
2026-03-30 10:39:06,713 1467288 DEBUG pruebas odoo.modules.loading: Loading module barcodes_gs1_nomenclature (18/101) 
2026-03-30 10:39:06,715 1467288 DEBUG pruebas odoo.modules.loading: Module barcodes_gs1_nomenclature loaded in 0.00s, 0 queries 
2026-03-30 10:39:06,715 1467288 DEBUG pruebas odoo.modules.loading: Loading module html_editor (19/101) 
2026-03-30 10:39:06,780 1467288 DEBUG pruebas odoo.modules.loading: Module html_editor loaded in 0.07s, 0 queries 
2026-03-30 10:39:06,781 1467288 DEBUG pruebas odoo.modules.loading: Loading module iap (20/101) 
2026-03-30 10:39:06,781 1467288 DEBUG pruebas odoo.modules.loading: Module iap loaded in 0.00s, 0 queries 
2026-03-30 10:39:06,781 1467288 DEBUG pruebas odoo.modules.loading: Loading module mail (21/101) 
2026-03-30 10:39:06,787 1467288 DEBUG pruebas odoo.modules.loading: Module mail loaded in 0.01s, 0 queries 
2026-03-30 10:39:06,787 1467288 DEBUG pruebas odoo.modules.loading: Loading module web_editor (22/101) 
2026-03-30 10:39:06,799 1467288 DEBUG pruebas odoo.modules.loading: Module web_editor loaded in 0.01s, 0 queries 
2026-03-30 10:39:06,799 1467288 DEBUG pruebas odoo.modules.loading: Loading module analytic (23/101) 
2026-03-30 10:39:06,804 1467288 DEBUG pruebas odoo.modules.loading: Module analytic loaded in 0.01s, 0 queries 
2026-03-30 10:39:06,805 1467288 DEBUG pruebas odoo.modules.loading: Loading module auth_signup (24/101) 
2026-03-30 10:39:06,807 1467288 DEBUG pruebas odoo.modules.loading: Module auth_signup loaded in 0.00s, 0 queries 
2026-03-30 10:39:06,807 1467288 DEBUG pruebas odoo.modules.loading: Loading module auth_totp_mail (25/101) 
2026-03-30 10:39:06,808 1467288 DEBUG pruebas odoo.modules.loading: Module auth_totp_mail loaded in 0.00s, 0 queries 
2026-03-30 10:39:06,809 1467288 DEBUG pruebas odoo.modules.loading: Loading module base_install_request (26/101) 
2026-03-30 10:39:06,810 1467288 DEBUG pruebas odoo.modules.loading: Module base_install_request loaded in 0.00s, 0 queries 
2026-03-30 10:39:06,811 1467288 DEBUG pruebas odoo.modules.loading: Loading module calendar (27/101) 
2026-03-30 10:39:06,822 1467288 DEBUG pruebas odoo.modules.loading: Module calendar loaded in 0.01s, 0 queries 
2026-03-30 10:39:06,822 1467288 DEBUG pruebas odoo.modules.loading: Loading module contacts (28/101) 
2026-03-30 10:39:06,823 1467288 DEBUG pruebas odoo.modules.loading: Module contacts loaded in 0.00s, 0 queries 
2026-03-30 10:39:06,823 1467288 DEBUG pruebas odoo.modules.loading: Loading module gamification (29/101) 
2026-03-30 10:39:06,832 1467288 DEBUG pruebas odoo.modules.loading: Module gamification loaded in 0.01s, 0 queries 
2026-03-30 10:39:06,833 1467288 DEBUG pruebas odoo.modules.loading: Loading module iap_mail (30/101) 
2026-03-30 10:39:06,834 1467288 DEBUG pruebas odoo.modules.loading: Module iap_mail loaded in 0.00s, 0 queries 
2026-03-30 10:39:06,834 1467288 DEBUG pruebas odoo.modules.loading: Loading module link_tracker (31/101) 
2026-03-30 10:39:06,837 1467288 DEBUG pruebas odoo.modules.loading: Module link_tracker loaded in 0.00s, 0 queries 
2026-03-30 10:39:06,837 1467288 DEBUG pruebas odoo.modules.loading: Loading module mail_bot (32/101) 
2026-03-30 10:39:06,839 1467288 DEBUG pruebas odoo.modules.loading: Module mail_bot loaded in 0.00s, 0 queries 
2026-03-30 10:39:06,839 1467288 DEBUG pruebas odoo.modules.loading: Loading module microsoft_outlook (33/101) 
2026-03-30 10:39:06,841 1467288 DEBUG pruebas odoo.modules.loading: Module microsoft_outlook loaded in 0.00s, 0 queries 
2026-03-30 10:39:06,842 1467288 DEBUG pruebas odoo.modules.loading: Loading module phone_validation (34/101) 
2026-03-30 10:39:06,851 1467288 DEBUG pruebas odoo.modules.loading: Module phone_validation loaded in 0.01s, 0 queries 
2026-03-30 10:39:06,852 1467288 DEBUG pruebas odoo.modules.loading: Loading module privacy_lookup (35/101) 
2026-03-30 10:39:06,859 1467288 DEBUG pruebas odoo.modules.loading: Module privacy_lookup loaded in 0.01s, 0 queries 
2026-03-30 10:39:06,859 1467288 DEBUG pruebas odoo.modules.loading: Loading module product (36/101) 
2026-03-30 10:39:06,880 1467288 DEBUG pruebas odoo.modules.loading: Module product loaded in 0.02s, 0 queries 
2026-03-30 10:39:06,880 1467288 DEBUG pruebas odoo.modules.loading: Loading module rating (37/101) 
2026-03-30 10:39:06,891 1467288 DEBUG pruebas odoo.modules.loading: Module rating loaded in 0.01s, 0 queries 
2026-03-30 10:39:06,892 1467288 DEBUG pruebas odoo.modules.loading: Loading module resource_mail (38/101) 
2026-03-30 10:39:06,892 1467288 DEBUG pruebas odoo.modules.loading: Module resource_mail loaded in 0.00s, 0 queries 
2026-03-30 10:39:06,892 1467288 DEBUG pruebas odoo.modules.loading: Loading module sales_team (39/101) 
2026-03-30 10:39:06,896 1467288 DEBUG pruebas odoo.modules.loading: Module sales_team loaded in 0.00s, 0 queries 
2026-03-30 10:39:06,896 1467288 DEBUG pruebas odoo.modules.loading: Loading module web_unsplash (40/101) 
2026-03-30 10:39:06,899 1467288 DEBUG pruebas odoo.modules.loading: Module web_unsplash loaded in 0.00s, 0 queries 
2026-03-30 10:39:06,899 1467288 DEBUG pruebas odoo.modules.loading: Loading module partner_autocomplete (41/101) 
2026-03-30 10:39:06,904 1467288 DEBUG pruebas odoo.modules.loading: Module partner_autocomplete loaded in 0.00s, 0 queries 
2026-03-30 10:39:06,904 1467288 DEBUG pruebas odoo.modules.loading: Loading module portal (42/101) 
2026-03-30 10:39:06,904 1467288 DEBUG pruebas odoo.modules.loading: Module portal loaded in 0.00s, 0 queries 
2026-03-30 10:39:06,905 1467288 DEBUG pruebas odoo.modules.loading: Loading module sms (43/101) 
2026-03-30 10:39:06,917 1467288 DEBUG pruebas odoo.modules.loading: Module sms loaded in 0.01s, 0 queries 
2026-03-30 10:39:06,917 1467288 DEBUG pruebas odoo.modules.loading: Loading module snailmail (44/101) 
2026-03-30 10:39:06,924 1467288 DEBUG pruebas odoo.modules.loading: Module snailmail loaded in 0.01s, 0 queries 
2026-03-30 10:39:06,925 1467288 DEBUG pruebas odoo.modules.loading: Loading module survey (45/101) 
2026-03-30 10:39:06,935 1467288 DEBUG pruebas odoo.modules.loading: Module survey loaded in 0.01s, 0 queries 
2026-03-30 10:39:06,935 1467288 DEBUG pruebas odoo.modules.loading: Loading module auth_totp_portal (46/101) 
2026-03-30 10:39:06,936 1467288 DEBUG pruebas odoo.modules.loading: Module auth_totp_portal loaded in 0.00s, 0 queries 
2026-03-30 10:39:06,936 1467288 DEBUG pruebas odoo.modules.loading: Loading module calendar_sms (47/101) 
2026-03-30 10:39:06,937 1467288 DEBUG pruebas odoo.modules.loading: Module calendar_sms loaded in 0.00s, 0 queries 
2026-03-30 10:39:06,938 1467288 DEBUG pruebas odoo.modules.loading: Loading module digest (48/101) 
2026-03-30 10:39:06,941 1467288 DEBUG pruebas odoo.modules.loading: Module digest loaded in 0.00s, 0 queries 
2026-03-30 10:39:06,941 1467288 DEBUG pruebas odoo.modules.loading: Loading module payment (49/101) 
2026-03-30 10:39:06,955 1467288 DEBUG pruebas odoo.modules.loading: Module payment loaded in 0.01s, 0 queries 
2026-03-30 10:39:06,955 1467288 DEBUG pruebas odoo.modules.loading: Loading module portal_rating (50/101) 
2026-03-30 10:39:06,958 1467288 DEBUG pruebas odoo.modules.loading: Module portal_rating loaded in 0.00s, 0 queries 
2026-03-30 10:39:06,958 1467288 DEBUG pruebas odoo.modules.loading: Loading module spreadsheet (51/101) 
2026-03-30 10:39:06,961 1467288 DEBUG pruebas odoo.modules.loading: Module spreadsheet loaded in 0.00s, 0 queries 
2026-03-30 10:39:06,961 1467288 DEBUG pruebas odoo.modules.loading: Loading module account (52/101) 
2026-03-30 10:39:07,056 1467288 DEBUG pruebas odoo.modules.loading: Module account loaded in 0.10s, 0 queries 
2026-03-30 10:39:07,058 1467288 DEBUG pruebas odoo.modules.loading: Loading module crm (53/101) 
2026-03-30 10:39:07,102 1467288 DEBUG pruebas odoo.modules.loading: Module crm loaded in 0.04s, 0 queries 
2026-03-30 10:39:07,102 1467288 DEBUG pruebas odoo.modules.loading: Loading module hr (54/101) 
2026-03-30 10:39:07,137 1467288 DEBUG pruebas odoo.modules.loading: Module hr loaded in 0.03s, 0 queries 
2026-03-30 10:39:07,137 1467288 DEBUG pruebas odoo.modules.loading: Loading module mass_mailing (55/101) 
2026-03-30 10:39:07,158 1467288 DEBUG pruebas odoo.modules.loading: Module mass_mailing loaded in 0.02s, 0 queries 
2026-03-30 10:39:07,158 1467288 DEBUG pruebas odoo.modules.loading: Loading module project (56/101) 
2026-03-30 10:39:07,178 1467288 DEBUG pruebas odoo.modules.loading: Module project loaded in 0.02s, 0 queries 
2026-03-30 10:39:07,179 1467288 DEBUG pruebas odoo.modules.loading: Loading module spreadsheet_dashboard (57/101) 
2026-03-30 10:39:07,182 1467288 DEBUG pruebas odoo.modules.loading: Module spreadsheet_dashboard loaded in 0.00s, 0 queries 
2026-03-30 10:39:07,182 1467288 DEBUG pruebas odoo.modules.loading: Loading module stock (58/101) 
2026-03-30 10:39:07,220 1467288 DEBUG pruebas odoo.modules.loading: Module stock loaded in 0.04s, 0 queries 
2026-03-30 10:39:07,220 1467288 DEBUG pruebas odoo.modules.loading: Loading module account_add_gln (59/101) 
2026-03-30 10:39:07,221 1467288 DEBUG pruebas odoo.modules.loading: Module account_add_gln loaded in 0.00s, 0 queries 
2026-03-30 10:39:07,222 1467288 DEBUG pruebas odoo.modules.loading: Loading module account_edi_ubl_cii (60/101) 
2026-03-30 10:39:07,239 1467288 DEBUG pruebas odoo.modules.loading: Module account_edi_ubl_cii loaded in 0.02s, 0 queries 
2026-03-30 10:39:07,239 1467288 DEBUG pruebas odoo.modules.loading: Loading module account_payment (61/101) 
2026-03-30 10:39:07,245 1467288 DEBUG pruebas odoo.modules.loading: Module account_payment loaded in 0.01s, 0 queries 
2026-03-30 10:39:07,245 1467288 DEBUG pruebas odoo.modules.loading: Loading module base_iban (62/101) 
2026-03-30 10:39:07,247 1467288 DEBUG pruebas odoo.modules.loading: Module base_iban loaded in 0.00s, 0 queries 
2026-03-30 10:39:07,247 1467288 DEBUG pruebas odoo.modules.loading: Loading module base_vat (63/101) 
2026-03-30 10:39:07,248 1467288 DEBUG pruebas odoo.modules.loading: Module base_vat loaded in 0.00s, 0 queries 
2026-03-30 10:39:07,248 1467288 DEBUG pruebas odoo.modules.loading: Loading module board (64/101) 
2026-03-30 10:39:07,250 1467288 DEBUG pruebas odoo.modules.loading: Module board loaded in 0.00s, 0 queries 
2026-03-30 10:39:07,251 1467288 DEBUG pruebas odoo.modules.loading: Loading module crm_sms (65/101) 
2026-03-30 10:39:07,252 1467288 DEBUG pruebas odoo.modules.loading: Module crm_sms loaded in 0.00s, 0 queries 
2026-03-30 10:39:07,252 1467288 DEBUG pruebas odoo.modules.loading: Loading module hr_calendar (66/101) 
2026-03-30 10:39:07,254 1467288 DEBUG pruebas odoo.modules.loading: Module hr_calendar loaded in 0.00s, 0 queries 
2026-03-30 10:39:07,254 1467288 DEBUG pruebas odoo.modules.loading: Loading module hr_gamification (67/101) 
2026-03-30 10:39:07,256 1467288 DEBUG pruebas odoo.modules.loading: Module hr_gamification loaded in 0.00s, 0 queries 
2026-03-30 10:39:07,257 1467288 DEBUG pruebas odoo.modules.loading: Loading module hr_org_chart (68/101) 
2026-03-30 10:39:07,258 1467288 DEBUG pruebas odoo.modules.loading: Module hr_org_chart loaded in 0.00s, 0 queries 
2026-03-30 10:39:07,258 1467288 DEBUG pruebas odoo.modules.loading: Loading module hr_skills (69/101) 
2026-03-30 10:39:07,267 1467288 DEBUG pruebas odoo.modules.loading: Module hr_skills loaded in 0.01s, 0 queries 
2026-03-30 10:39:07,267 1467288 DEBUG pruebas odoo.modules.loading: Loading module iap_crm (70/101) 
2026-03-30 10:39:07,268 1467288 DEBUG pruebas odoo.modules.loading: Module iap_crm loaded in 0.00s, 0 queries 
2026-03-30 10:39:07,268 1467288 DEBUG pruebas odoo.modules.loading: Loading module l10n_us_account (71/101) 
2026-03-30 10:39:07,268 1467288 DEBUG pruebas odoo.modules.loading: Module l10n_us_account loaded in 0.00s, 0 queries 
2026-03-30 10:39:07,268 1467288 DEBUG pruebas odoo.modules.loading: Loading module mail_bot_hr (72/101) 
2026-03-30 10:39:07,269 1467288 DEBUG pruebas odoo.modules.loading: Module mail_bot_hr loaded in 0.00s, 0 queries 
2026-03-30 10:39:07,269 1467288 DEBUG pruebas odoo.modules.loading: Loading module mass_mailing_crm (73/101) 
2026-03-30 10:39:07,271 1467288 DEBUG pruebas odoo.modules.loading: Module mass_mailing_crm loaded in 0.00s, 0 queries 
2026-03-30 10:39:07,271 1467288 DEBUG pruebas odoo.modules.loading: Loading module mass_mailing_themes (74/101) 
2026-03-30 10:39:07,271 1467288 DEBUG pruebas odoo.modules.loading: Module mass_mailing_themes loaded in 0.00s, 0 queries 
2026-03-30 10:39:07,271 1467288 DEBUG pruebas odoo.modules.loading: Loading module project_account (75/101) 
2026-03-30 10:39:07,272 1467288 DEBUG pruebas odoo.modules.loading: Module project_account loaded in 0.00s, 0 queries 
2026-03-30 10:39:07,272 1467288 DEBUG pruebas odoo.modules.loading: Loading module project_sms (76/101) 
2026-03-30 10:39:07,275 1467288 DEBUG pruebas odoo.modules.loading: Module project_sms loaded in 0.00s, 0 queries 
2026-03-30 10:39:07,275 1467288 DEBUG pruebas odoo.modules.loading: Loading module project_stock (77/101) 
2026-03-30 10:39:07,276 1467288 DEBUG pruebas odoo.modules.loading: Module project_stock loaded in 0.00s, 0 queries 
2026-03-30 10:39:07,276 1467288 DEBUG pruebas odoo.modules.loading: Loading module project_todo (78/101) 
2026-03-30 10:39:07,278 1467288 DEBUG pruebas odoo.modules.loading: Module project_todo loaded in 0.00s, 0 queries 
2026-03-30 10:39:07,278 1467288 DEBUG pruebas odoo.modules.loading: Loading module purchase (79/101) 
2026-03-30 10:39:07,290 1467288 DEBUG pruebas odoo.modules.loading: Module purchase loaded in 0.01s, 0 queries 
2026-03-30 10:39:07,290 1467288 DEBUG pruebas odoo.modules.loading: Loading module snailmail_account (80/101) 
2026-03-30 10:39:07,292 1467288 DEBUG pruebas odoo.modules.loading: Module snailmail_account loaded in 0.00s, 0 queries 
2026-03-30 10:39:07,292 1467288 DEBUG pruebas odoo.modules.loading: Loading module spreadsheet_account (81/101) 
2026-03-30 10:39:07,293 1467288 DEBUG pruebas odoo.modules.loading: Module spreadsheet_account loaded in 0.00s, 0 queries 
2026-03-30 10:39:07,293 1467288 DEBUG pruebas odoo.modules.loading: Loading module spreadsheet_dashboard_account (82/101) 
2026-03-30 10:39:07,294 1467288 DEBUG pruebas odoo.modules.loading: Module spreadsheet_dashboard_account loaded in 0.00s, 0 queries 
2026-03-30 10:39:07,294 1467288 DEBUG pruebas odoo.modules.loading: Loading module stock_account (83/101) 
2026-03-30 10:39:07,305 1467288 DEBUG pruebas odoo.modules.loading: Module stock_account loaded in 0.01s, 0 queries 
2026-03-30 10:39:07,305 1467288 DEBUG pruebas odoo.modules.loading: Loading module stock_sms (84/101) 
2026-03-30 10:39:07,307 1467288 DEBUG pruebas odoo.modules.loading: Module stock_sms loaded in 0.00s, 0 queries 
2026-03-30 10:39:07,308 1467288 DEBUG pruebas odoo.modules.loading: Loading module account_qr_code_sepa (85/101) 
2026-03-30 10:39:07,309 1467288 DEBUG pruebas odoo.modules.loading: Module account_qr_code_sepa loaded in 0.00s, 0 queries 
2026-03-30 10:39:07,309 1467288 DEBUG pruebas odoo.modules.loading: Loading module crm_iap_enrich (86/101) 
2026-03-30 10:39:07,310 1467288 DEBUG pruebas odoo.modules.loading: Module crm_iap_enrich loaded in 0.00s, 0 queries 
2026-03-30 10:39:07,310 1467288 DEBUG pruebas odoo.modules.loading: Loading module crm_iap_mine (87/101) 
2026-03-30 10:39:07,314 1467288 DEBUG pruebas odoo.modules.loading: Module crm_iap_mine loaded in 0.00s, 0 queries 
2026-03-30 10:39:07,315 1467288 INFO pruebas odoo.modules.loading: Loading module helpdesk_mgmt (88/101) 
2026-03-30 10:39:07,373 1467288 DEBUG pruebas odoo.models: Patching res.partner.bank.partner_country_name with translate=True 
2026-03-30 10:39:07,374 1467288 DEBUG pruebas odoo.models: Patching res.config.settings.report_footer with translate=True 
2026-03-30 10:39:07,374 1467288 DEBUG pruebas odoo.models: Patching res.config.settings.invoice_terms with translate=True 
2026-03-30 10:39:07,375 1467288 DEBUG pruebas odoo.models: Patching res.config.settings.invoice_terms_html with translate=True 
2026-03-30 10:39:07,384 1467288 DEBUG pruebas odoo.models: Patching base.document.layout.report_header with translate=True 
2026-03-30 10:39:07,384 1467288 DEBUG pruebas odoo.models: Patching base.document.layout.report_footer with translate=True 
2026-03-30 10:39:07,384 1467288 DEBUG pruebas odoo.models: Patching base.document.layout.company_details with translate=True 
2026-03-30 10:39:07,386 1467288 DEBUG pruebas odoo.models: Patching iap.account.description with translate=True 
2026-03-30 10:39:07,395 1467288 DEBUG pruebas odoo.models: Patching calendar.event.res_model_name with translate=True 
2026-03-30 10:39:07,396 1467288 DEBUG pruebas odoo.models: Patching gamification.badge.user.badge_name with translate=True 
2026-03-30 10:39:07,397 1467288 DEBUG pruebas odoo.models: Patching gamification.challenge.line.name with translate=True 
2026-03-30 10:39:07,397 1467288 DEBUG pruebas odoo.models: Patching gamification.challenge.line.definition_suffix with translate=True 
2026-03-30 10:39:07,399 1467288 DEBUG pruebas odoo.models: Patching product.template.uom_name with translate=True 
2026-03-30 10:39:07,403 1467288 DEBUG pruebas odoo.models: Patching product.pricelist.item.product_uom with translate=True 
2026-03-30 10:39:07,404 1467288 DEBUG pruebas odoo.models: Patching product.template.attribute.value.name with translate=True 
2026-03-30 10:39:07,414 1467288 DEBUG pruebas odoo.models: Patching account.move.line.account_name with translate=True 
2026-03-30 10:39:07,419 1467288 DEBUG pruebas odoo.models: Patching account.report.expression.report_line_name with translate=True 
2026-03-30 10:39:07,424 1467288 DEBUG pruebas odoo.models: Patching crm.lead.scoring.frequency.field.name with translate=True 
2026-03-30 10:39:07,443 1467288 DEBUG pruebas odoo.models: Patching spreadsheet.dashboard.share.name with translate=True 
2026-03-30 10:39:07,450 1467288 DEBUG pruebas odoo.models: Patching stock.replenishment.option.uom with translate=True 
2026-03-30 10:39:07,454 1467288 DEBUG pruebas odoo.models: Patching stock.valuation.layer.revaluation.product_uom_name with translate=True 
2026-03-30 10:39:07,568 1467288 DEBUG pruebas odoo.models: Patching res.partner.bank.partner_country_name with translate=True 
2026-03-30 10:39:07,568 1467288 DEBUG pruebas odoo.models: Patching res.config.settings.report_footer with translate=True 
2026-03-30 10:39:07,569 1467288 DEBUG pruebas odoo.models: Patching res.config.settings.invoice_terms with translate=True 
2026-03-30 10:39:07,569 1467288 DEBUG pruebas odoo.models: Patching res.config.settings.invoice_terms_html with translate=True 
2026-03-30 10:39:07,578 1467288 DEBUG pruebas odoo.models: Patching base.document.layout.report_header with translate=True 
2026-03-30 10:39:07,579 1467288 DEBUG pruebas odoo.models: Patching base.document.layout.report_footer with translate=True 
2026-03-30 10:39:07,579 1467288 DEBUG pruebas odoo.models: Patching base.document.layout.company_details with translate=True 
2026-03-30 10:39:07,582 1467288 DEBUG pruebas odoo.models: Patching iap.account.description with translate=True 
2026-03-30 10:39:07,593 1467288 DEBUG pruebas odoo.models: Patching calendar.event.res_model_name with translate=True 
2026-03-30 10:39:07,594 1467288 DEBUG pruebas odoo.models: Patching gamification.badge.user.badge_name with translate=True 
2026-03-30 10:39:07,595 1467288 DEBUG pruebas odoo.models: Patching gamification.challenge.line.name with translate=True 
2026-03-30 10:39:07,595 1467288 DEBUG pruebas odoo.models: Patching gamification.challenge.line.definition_suffix with translate=True 
2026-03-30 10:39:07,597 1467288 DEBUG pruebas odoo.models: Patching product.template.uom_name with translate=True 
2026-03-30 10:39:07,602 1467288 DEBUG pruebas odoo.models: Patching product.pricelist.item.product_uom with translate=True 
2026-03-30 10:39:07,602 1467288 DEBUG pruebas odoo.models: Patching product.template.attribute.value.name with translate=True 
2026-03-30 10:39:07,613 1467288 DEBUG pruebas odoo.models: Patching account.move.line.account_name with translate=True 
2026-03-30 10:39:07,617 1467288 DEBUG pruebas odoo.models: Patching account.report.expression.report_line_name with translate=True 
2026-03-30 10:39:07,621 1467288 DEBUG pruebas odoo.models: Patching crm.lead.scoring.frequency.field.name with translate=True 
2026-03-30 10:39:07,632 1467288 DEBUG pruebas odoo.models: Patching spreadsheet.dashboard.share.name with translate=True 
2026-03-30 10:39:07,638 1467288 DEBUG pruebas odoo.models: Patching stock.replenishment.option.uom with translate=True 
2026-03-30 10:39:07,643 1467288 DEBUG pruebas odoo.models: Patching stock.valuation.layer.revaluation.product_uom_name with translate=True 
2026-03-30 10:39:07,733 1467288 INFO pruebas odoo.modules.registry: module helpdesk_mgmt: creating or updating database tables 
2026-03-30 10:39:07,876 1467288 DEBUG pruebas odoo.models: Table 'res_company': setting default value of new column fiscalyear_last_day to 31 
2026-03-30 10:39:07,877 1467288 DEBUG pruebas odoo.models: Table 'res_company': setting default value of new column fiscalyear_last_month to '12' 
2026-03-30 10:39:07,878 1467288 DEBUG pruebas odoo.models: Table 'res_company': setting default value of new column account_price_include to 'tax_excluded' 
2026-03-30 10:39:07,882 1467288 DEBUG pruebas odoo.models: Table 'res_company': setting default value of new column account_opening_date to '2026-01-01' 
2026-03-30 10:39:07,882 1467288 DEBUG pruebas odoo.models: Table 'res_company': setting default value of new column po_lead to 0.0 
2026-03-30 10:39:07,894 1467288 DEBUG pruebas odoo.models: Table 'res_config_settings': setting default value of new column company_id to 1 
2026-03-30 10:39:07,905 1467288 DEBUG pruebas odoo.models: Table 'res_partner': setting default value of new column autopost_bills to 'ask' 
2026-03-30 10:39:07,916 1467288 DEBUG pruebas odoo.models: Table 'res_users': setting default value of new column notification_type to 'email' 
2026-03-30 10:39:07,926 1467288 WARNING pruebas odoo.addons.base.models.ir_model: Two fields (case_number, number) of helpdesk.ticket() have the same label: Número de caso. [Modules: helpdesk_mgmt and helpdesk_mgmt] 
2026-03-30 10:39:07,927 1467288 WARNING pruebas odoo.addons.base.models.ir_model: Two fields (subject_id, subject) of helpdesk.ticket() have the same label: Asunto. [Modules: helpdesk_mgmt and helpdesk_mgmt] 
2026-03-30 10:39:07,927 1467288 WARNING pruebas odoo.addons.base.models.ir_model: Two fields (state_reason_id, state_reason) of helpdesk.ticket() have the same label: Razón para el estado. [Modules: helpdesk_mgmt and helpdesk_mgmt] 
2026-03-30 10:39:08,137 1467288 DEBUG pruebas odoo.schema: Table 'res_company': column 'fiscalyear_last_day': added constraint NOT NULL 
2026-03-30 10:39:08,139 1467288 DEBUG pruebas odoo.schema: Table 'res_company': column 'fiscalyear_last_month': added constraint NOT NULL 
2026-03-30 10:39:08,140 1467288 DEBUG pruebas odoo.schema: Table 'res_company': column 'account_price_include': added constraint NOT NULL 
2026-03-30 10:39:08,141 1467288 DEBUG pruebas odoo.schema: Table 'res_company': column 'account_opening_date': added constraint NOT NULL 
2026-03-30 10:39:08,142 1467288 DEBUG pruebas odoo.schema: Table 'res_company': column 'po_lead': added constraint NOT NULL 
2026-03-30 10:39:08,143 1467288 DEBUG pruebas odoo.schema: Table 'res_config_settings': column 'company_id': added constraint NOT NULL 
2026-03-30 10:39:08,148 1467288 DEBUG pruebas odoo.schema: Table 'res_partner': column 'autopost_bills': added constraint NOT NULL 
2026-03-30 10:39:08,153 1467288 DEBUG pruebas odoo.schema: Table 'res_users': column 'notification_type': added constraint NOT NULL 
2026-03-30 10:39:08,157 1467288 INFO pruebas odoo.schema: Keep unexpected index helpdesk_ticket__priority_index on table helpdesk_ticket 
2026-03-30 10:39:08,157 1467288 INFO pruebas odoo.schema: Keep unexpected index helpdesk_ticket__state_index on table helpdesk_ticket 
2026-03-30 10:39:08,157 1467288 INFO pruebas odoo.schema: Keep unexpected index helpdesk_ticket__subject_id_index on table helpdesk_ticket 
2026-03-30 10:39:08,203 1467288 INFO pruebas odoo.modules.loading: loading helpdesk_mgmt/data/helpdesk_data.xml 
2026-03-30 10:39:08,212 1467288 DEBUG pruebas odoo.modules.registry: Invalidating templates model caches from write /home/pablo/odoo/odoo/addons/base/models/ir_ui_view.py:550 
2026-03-30 10:39:08,216 1467288 DEBUG pruebas odoo.modules.registry: Invalidating templates model caches from write /home/pablo/odoo/odoo/addons/base/models/ir_ui_view.py:550 
2026-03-30 10:39:08,292 1467288 INFO pruebas odoo.modules.loading: loading helpdesk_mgmt/security/helpdesk_security.xml 
2026-03-30 10:39:08,300 1467288 DEBUG pruebas odoo.modules.registry: Invalidating default model caches from call_cache_clearing_methods /home/pablo/odoo/odoo/addons/base/models/ir_model.py:2183 
2026-03-30 10:39:08,376 1467288 DEBUG pruebas odoo.modules.registry: Invalidating groups model caches from write /home/pablo/odoo/odoo/addons/base/models/res_users.py:1539 
2026-03-30 10:39:08,376 1467288 DEBUG pruebas odoo.modules.registry: Invalidating default model caches from write /home/pablo/odoo/odoo/addons/base/models/res_users.py:1681 
2026-03-30 10:39:08,377 1467288 DEBUG pruebas odoo.modules.registry: Invalidating groups model caches from _update_xmlids /home/pablo/odoo/odoo/addons/base/models/ir_model.py:2414 
2026-03-30 10:39:08,381 1467288 DEBUG pruebas odoo.modules.registry: Invalidating default model caches from call_cache_clearing_methods /home/pablo/odoo/odoo/addons/base/models/ir_model.py:2183 
2026-03-30 10:39:08,422 1467288 DEBUG pruebas odoo.modules.registry: Invalidating groups model caches from write /home/pablo/odoo/odoo/addons/base/models/res_users.py:1539 
2026-03-30 10:39:08,422 1467288 DEBUG pruebas odoo.modules.registry: Invalidating default model caches from write /home/pablo/odoo/odoo/addons/base/models/res_users.py:1681 
2026-03-30 10:39:08,423 1467288 DEBUG pruebas odoo.modules.registry: Invalidating groups model caches from _update_xmlids /home/pablo/odoo/odoo/addons/base/models/ir_model.py:2414 
2026-03-30 10:39:08,425 1467288 DEBUG pruebas odoo.modules.registry: Invalidating default model caches from call_cache_clearing_methods /home/pablo/odoo/odoo/addons/base/models/ir_model.py:2183 
2026-03-30 10:39:08,460 1467288 DEBUG pruebas odoo.modules.registry: Invalidating groups model caches from write /home/pablo/odoo/odoo/addons/base/models/res_users.py:1539 
2026-03-30 10:39:08,461 1467288 DEBUG pruebas odoo.modules.registry: Invalidating default model caches from write /home/pablo/odoo/odoo/addons/base/models/res_users.py:1681 
2026-03-30 10:39:08,466 1467288 DEBUG pruebas odoo.modules.registry: Invalidating groups model caches from _update_xmlids /home/pablo/odoo/odoo/addons/base/models/ir_model.py:2414 
2026-03-30 10:39:08,472 1467288 DEBUG pruebas odoo.modules.registry: Invalidating default model caches from call_cache_clearing_methods /home/pablo/odoo/odoo/addons/base/models/ir_model.py:2183 
2026-03-30 10:39:08,587 1467288 DEBUG pruebas odoo.modules.registry: Invalidating groups model caches from write /home/pablo/odoo/odoo/addons/base/models/res_users.py:1539 
2026-03-30 10:39:08,587 1467288 DEBUG pruebas odoo.modules.registry: Invalidating default model caches from write /home/pablo/odoo/odoo/addons/base/models/res_users.py:1681 
2026-03-30 10:39:08,591 1467288 DEBUG pruebas odoo.modules.registry: Invalidating groups model caches from _update_xmlids /home/pablo/odoo/odoo/addons/base/models/ir_model.py:2414 
2026-03-30 10:39:08,607 1467288 INFO pruebas odoo.modules.loading: loading helpdesk_mgmt/security/ir.model.access.csv 
2026-03-30 10:39:09,054 1467288 DEBUG pruebas odoo.modules.registry: Invalidating default model caches from call_cache_clearing_methods /home/pablo/odoo/odoo/addons/base/models/ir_model.py:2183 
2026-03-30 10:39:09,056 1467288 DEBUG pruebas odoo.modules.registry: Invalidating default model caches from call_cache_clearing_methods /home/pablo/odoo/odoo/addons/base/models/ir_model.py:2183 
2026-03-30 10:39:09,057 1467288 DEBUG pruebas odoo.modules.registry: Invalidating default model caches from call_cache_clearing_methods /home/pablo/odoo/odoo/addons/base/models/ir_model.py:2183 
2026-03-30 10:39:09,058 1467288 DEBUG pruebas odoo.modules.registry: Invalidating default model caches from call_cache_clearing_methods /home/pablo/odoo/odoo/addons/base/models/ir_model.py:2183 
2026-03-30 10:39:09,059 1467288 DEBUG pruebas odoo.modules.registry: Invalidating default model caches from call_cache_clearing_methods /home/pablo/odoo/odoo/addons/base/models/ir_model.py:2183 
2026-03-30 10:39:09,060 1467288 DEBUG pruebas odoo.modules.registry: Invalidating default model caches from call_cache_clearing_methods /home/pablo/odoo/odoo/addons/base/models/ir_model.py:2183 
2026-03-30 10:39:09,061 1467288 DEBUG pruebas odoo.modules.registry: Invalidating default model caches from call_cache_clearing_methods /home/pablo/odoo/odoo/addons/base/models/ir_model.py:2183 
2026-03-30 10:39:09,062 1467288 DEBUG pruebas odoo.modules.registry: Invalidating default model caches from call_cache_clearing_methods /home/pablo/odoo/odoo/addons/base/models/ir_model.py:2183 
2026-03-30 10:39:09,064 1467288 DEBUG pruebas odoo.modules.registry: Invalidating default model caches from call_cache_clearing_methods /home/pablo/odoo/odoo/addons/base/models/ir_model.py:2183 
2026-03-30 10:39:09,067 1467288 DEBUG pruebas odoo.modules.registry: Invalidating default model caches from call_cache_clearing_methods /home/pablo/odoo/odoo/addons/base/models/ir_model.py:2183 
2026-03-30 10:39:09,068 1467288 DEBUG pruebas odoo.modules.registry: Invalidating default model caches from call_cache_clearing_methods /home/pablo/odoo/odoo/addons/base/models/ir_model.py:2183 
2026-03-30 10:39:09,069 1467288 DEBUG pruebas odoo.modules.registry: Invalidating default model caches from call_cache_clearing_methods /home/pablo/odoo/odoo/addons/base/models/ir_model.py:2183 
2026-03-30 10:39:09,070 1467288 DEBUG pruebas odoo.modules.registry: Invalidating default model caches from call_cache_clearing_methods /home/pablo/odoo/odoo/addons/base/models/ir_model.py:2183 
2026-03-30 10:39:09,071 1467288 DEBUG pruebas odoo.modules.registry: Invalidating default model caches from call_cache_clearing_methods /home/pablo/odoo/odoo/addons/base/models/ir_model.py:2183 
2026-03-30 10:39:09,072 1467288 DEBUG pruebas odoo.modules.registry: Invalidating default model caches from call_cache_clearing_methods /home/pablo/odoo/odoo/addons/base/models/ir_model.py:2183 
2026-03-30 10:39:09,073 1467288 DEBUG pruebas odoo.modules.registry: Invalidating default model caches from call_cache_clearing_methods /home/pablo/odoo/odoo/addons/base/models/ir_model.py:2183 
2026-03-30 10:39:09,074 1467288 DEBUG pruebas odoo.modules.registry: Invalidating default model caches from call_cache_clearing_methods /home/pablo/odoo/odoo/addons/base/models/ir_model.py:2183 
2026-03-30 10:39:09,075 1467288 DEBUG pruebas odoo.modules.registry: Invalidating default model caches from call_cache_clearing_methods /home/pablo/odoo/odoo/addons/base/models/ir_model.py:2183 
2026-03-30 10:39:09,076 1467288 DEBUG pruebas odoo.modules.registry: Invalidating default model caches from call_cache_clearing_methods /home/pablo/odoo/odoo/addons/base/models/ir_model.py:2183 
2026-03-30 10:39:09,077 1467288 DEBUG pruebas odoo.modules.registry: Invalidating default model caches from call_cache_clearing_methods /home/pablo/odoo/odoo/addons/base/models/ir_model.py:2183 
2026-03-30 10:39:09,078 1467288 DEBUG pruebas odoo.modules.registry: Invalidating default model caches from call_cache_clearing_methods /home/pablo/odoo/odoo/addons/base/models/ir_model.py:2183 
2026-03-30 10:39:09,080 1467288 DEBUG pruebas odoo.modules.registry: Invalidating default model caches from call_cache_clearing_methods /home/pablo/odoo/odoo/addons/base/models/ir_model.py:2183 
2026-03-30 10:39:09,081 1467288 DEBUG pruebas odoo.modules.registry: Invalidating default model caches from call_cache_clearing_methods /home/pablo/odoo/odoo/addons/base/models/ir_model.py:2183 
2026-03-30 10:39:09,084 1467288 DEBUG pruebas odoo.modules.registry: Invalidating default model caches from call_cache_clearing_methods /home/pablo/odoo/odoo/addons/base/models/ir_model.py:2183 
2026-03-30 10:39:09,085 1467288 DEBUG pruebas odoo.modules.registry: Invalidating default model caches from call_cache_clearing_methods /home/pablo/odoo/odoo/addons/base/models/ir_model.py:2183 
2026-03-30 10:39:09,086 1467288 DEBUG pruebas odoo.modules.registry: Invalidating default model caches from call_cache_clearing_methods /home/pablo/odoo/odoo/addons/base/models/ir_model.py:2183 
2026-03-30 10:39:09,087 1467288 DEBUG pruebas odoo.modules.registry: Invalidating default model caches from call_cache_clearing_methods /home/pablo/odoo/odoo/addons/base/models/ir_model.py:2183 
2026-03-30 10:39:09,088 1467288 DEBUG pruebas odoo.modules.registry: Invalidating default model caches from call_cache_clearing_methods /home/pablo/odoo/odoo/addons/base/models/ir_model.py:2183 
2026-03-30 10:39:09,090 1467288 DEBUG pruebas odoo.modules.registry: Invalidating default model caches from call_cache_clearing_methods /home/pablo/odoo/odoo/addons/base/models/ir_model.py:2183 
2026-03-30 10:39:09,091 1467288 DEBUG pruebas odoo.modules.registry: Invalidating default model caches from call_cache_clearing_methods /home/pablo/odoo/odoo/addons/base/models/ir_model.py:2183 
2026-03-30 10:39:09,092 1467288 DEBUG pruebas odoo.modules.registry: Invalidating default model caches from call_cache_clearing_methods /home/pablo/odoo/odoo/addons/base/models/ir_model.py:2183 
2026-03-30 10:39:09,092 1467288 DEBUG pruebas odoo.modules.registry: Invalidating default model caches from call_cache_clearing_methods /home/pablo/odoo/odoo/addons/base/models/ir_model.py:2183 
2026-03-30 10:39:09,093 1467288 DEBUG pruebas odoo.modules.registry: Invalidating default model caches from call_cache_clearing_methods /home/pablo/odoo/odoo/addons/base/models/ir_model.py:2183 
2026-03-30 10:39:09,094 1467288 DEBUG pruebas odoo.modules.registry: Invalidating default model caches from call_cache_clearing_methods /home/pablo/odoo/odoo/addons/base/models/ir_model.py:2183 
2026-03-30 10:39:09,095 1467288 DEBUG pruebas odoo.modules.registry: Invalidating default model caches from call_cache_clearing_methods /home/pablo/odoo/odoo/addons/base/models/ir_model.py:2183 
2026-03-30 10:39:09,096 1467288 DEBUG pruebas odoo.modules.registry: Invalidating default model caches from call_cache_clearing_methods /home/pablo/odoo/odoo/addons/base/models/ir_model.py:2183 
2026-03-30 10:39:09,096 1467288 DEBUG pruebas odoo.modules.registry: Invalidating default model caches from call_cache_clearing_methods /home/pablo/odoo/odoo/addons/base/models/ir_model.py:2183 
2026-03-30 10:39:09,101 1467288 INFO pruebas odoo.modules.loading: loading helpdesk_mgmt/views/res_partner_views.xml 
2026-03-30 10:39:09,105 1467288 DEBUG pruebas odoo.modules.registry: Invalidating templates model caches from write /home/pablo/odoo/odoo/addons/base/models/ir_ui_view.py:550 
2026-03-30 10:39:09,107 1467288 DEBUG pruebas odoo.modules.registry: Invalidating templates model caches from write /home/pablo/odoo/odoo/addons/base/models/ir_ui_view.py:550 
2026-03-30 10:39:09,260 1467288 INFO pruebas odoo.modules.loading: loading helpdesk_mgmt/views/res_config_settings_views.xml 
2026-03-30 10:39:09,267 1467288 DEBUG pruebas odoo.modules.registry: Invalidating templates model caches from write /home/pablo/odoo/odoo/addons/base/models/ir_ui_view.py:550 
2026-03-30 10:39:09,269 1467288 DEBUG pruebas odoo.modules.registry: Invalidating templates model caches from write /home/pablo/odoo/odoo/addons/base/models/ir_ui_view.py:550 
2026-03-30 10:39:09,319 1467288 DEBUG pruebas odoo.modules.registry: Invalidating default model caches from write /home/pablo/odoo/odoo/addons/base/models/ir_actions.py:114 
2026-03-30 10:39:09,320 1467288 INFO pruebas odoo.modules.loading: loading helpdesk_mgmt/views/helpdesk_ticket_templates.xml 
2026-03-30 10:39:09,326 1467288 DEBUG pruebas odoo.modules.registry: Invalidating templates model caches from write /home/pablo/odoo/odoo/addons/base/models/ir_ui_view.py:550 
2026-03-30 10:39:09,328 1467288 DEBUG pruebas odoo.modules.registry: Invalidating templates model caches from write /home/pablo/odoo/odoo/addons/base/models/ir_ui_view.py:550 
2026-03-30 10:39:09,338 1467288 DEBUG pruebas odoo.modules.registry: Invalidating templates model caches from write /home/pablo/odoo/odoo/addons/base/models/ir_ui_view.py:550 
2026-03-30 10:39:09,339 1467288 DEBUG pruebas odoo.modules.registry: Invalidating templates model caches from write /home/pablo/odoo/odoo/addons/base/models/ir_ui_view.py:550 
2026-03-30 10:39:09,344 1467288 DEBUG pruebas odoo.modules.registry: Invalidating templates model caches from write /home/pablo/odoo/odoo/addons/base/models/ir_ui_view.py:550 
2026-03-30 10:39:09,346 1467288 DEBUG pruebas odoo.modules.registry: Invalidating templates model caches from write /home/pablo/odoo/odoo/addons/base/models/ir_ui_view.py:550 
2026-03-30 10:39:09,357 1467288 DEBUG pruebas odoo.modules.registry: Invalidating templates model caches from write /home/pablo/odoo/odoo/addons/base/models/ir_ui_view.py:550 
2026-03-30 10:39:09,358 1467288 DEBUG pruebas odoo.modules.registry: Invalidating templates model caches from write /home/pablo/odoo/odoo/addons/base/models/ir_ui_view.py:550 
2026-03-30 10:39:09,370 1467288 DEBUG pruebas odoo.modules.registry: Invalidating templates model caches from write /home/pablo/odoo/odoo/addons/base/models/ir_ui_view.py:550 
2026-03-30 10:39:09,372 1467288 DEBUG pruebas odoo.modules.registry: Invalidating templates model caches from write /home/pablo/odoo/odoo/addons/base/models/ir_ui_view.py:550 
2026-03-30 10:39:09,378 1467288 DEBUG pruebas odoo.modules.registry: Invalidating templates model caches from write /home/pablo/odoo/odoo/addons/base/models/ir_ui_view.py:550 
2026-03-30 10:39:09,378 1467288 DEBUG pruebas odoo.modules.registry: Invalidating templates model caches from write /home/pablo/odoo/odoo/addons/base/models/ir_ui_view.py:550 
2026-03-30 10:39:09,385 1467288 DEBUG pruebas odoo.modules.registry: Invalidating templates model caches from write /home/pablo/odoo/odoo/addons/base/models/ir_ui_view.py:550 
2026-03-30 10:39:09,386 1467288 DEBUG pruebas odoo.modules.registry: Invalidating templates model caches from write /home/pablo/odoo/odoo/addons/base/models/ir_ui_view.py:550 
2026-03-30 10:39:09,392 1467288 DEBUG pruebas odoo.modules.registry: Invalidating templates model caches from write /home/pablo/odoo/odoo/addons/base/models/ir_ui_view.py:550 
2026-03-30 10:39:09,394 1467288 DEBUG pruebas odoo.modules.registry: Invalidating templates model caches from write /home/pablo/odoo/odoo/addons/base/models/ir_ui_view.py:550 
2026-03-30 10:39:09,406 1467288 DEBUG pruebas odoo.modules.registry: Invalidating templates model caches from write /home/pablo/odoo/odoo/addons/base/models/ir_ui_view.py:550 
2026-03-30 10:39:09,407 1467288 DEBUG pruebas odoo.modules.registry: Invalidating templates model caches from write /home/pablo/odoo/odoo/addons/base/models/ir_ui_view.py:550 
2026-03-30 10:39:09,409 1467288 INFO pruebas odoo.modules.loading: loading helpdesk_mgmt/views/helpdesk_ticket_time_line_views.xml 
2026-03-30 10:39:09,413 1467288 DEBUG pruebas odoo.modules.registry: Invalidating templates model caches from write /home/pablo/odoo/odoo/addons/base/models/ir_ui_view.py:550 
2026-03-30 10:39:09,413 1467288 DEBUG pruebas odoo.modules.registry: Invalidating templates model caches from write /home/pablo/odoo/odoo/addons/base/models/ir_ui_view.py:550 
2026-03-30 10:39:09,420 1467288 INFO pruebas odoo.modules.loading: loading helpdesk_mgmt/views/helpdesk_ticket_views.xml 
2026-03-30 10:39:09,425 1467288 DEBUG pruebas odoo.modules.registry: Invalidating default model caches from write /home/pablo/odoo/odoo/addons/base/models/ir_actions.py:114 
2026-03-30 10:39:09,427 1467288 DEBUG pruebas odoo.modules.registry: Invalidating default model caches from write /home/pablo/odoo/odoo/addons/base/models/ir_actions.py:114 
2026-03-30 10:39:09,430 1467288 DEBUG pruebas odoo.modules.registry: Invalidating templates model caches from write /home/pablo/odoo/odoo/addons/base/models/ir_ui_view.py:550 
2026-03-30 10:39:09,430 1467288 DEBUG pruebas odoo.modules.registry: Invalidating templates model caches from write /home/pablo/odoo/odoo/addons/base/models/ir_ui_view.py:550 
2026-03-30 10:39:09,441 1467288 DEBUG pruebas odoo.modules.registry: Invalidating templates model caches from write /home/pablo/odoo/odoo/addons/base/models/ir_ui_view.py:550 
2026-03-30 10:39:09,442 1467288 DEBUG pruebas odoo.modules.registry: Invalidating templates model caches from write /home/pablo/odoo/odoo/addons/base/models/ir_ui_view.py:550 
2026-03-30 10:39:09,447 1467288 DEBUG pruebas odoo.modules.registry: Invalidating templates model caches from write /home/pablo/odoo/odoo/addons/base/models/ir_ui_view.py:550 
2026-03-30 10:39:09,450 1467288 DEBUG pruebas odoo.modules.registry: Invalidating templates model caches from write /home/pablo/odoo/odoo/addons/base/models/ir_ui_view.py:550 
2026-03-30 10:39:09,455 1467288 DEBUG pruebas odoo.modules.registry: Invalidating templates model caches from write /home/pablo/odoo/odoo/addons/base/models/ir_ui_view.py:550 
2026-03-30 10:39:09,456 1467288 DEBUG pruebas odoo.modules.registry: Invalidating templates model caches from write /home/pablo/odoo/odoo/addons/base/models/ir_ui_view.py:550 
2026-03-30 10:39:09,461 1467288 DEBUG pruebas odoo.modules.registry: Invalidating templates model caches from write /home/pablo/odoo/odoo/addons/base/models/ir_ui_view.py:550 
2026-03-30 10:39:09,462 1467288 DEBUG pruebas odoo.modules.registry: Invalidating templates model caches from write /home/pablo/odoo/odoo/addons/base/models/ir_ui_view.py:550 
2026-03-30 10:39:09,468 1467288 DEBUG pruebas odoo.modules.registry: Invalidating templates model caches from write /home/pablo/odoo/odoo/addons/base/models/ir_ui_view.py:550 
2026-03-30 10:39:09,469 1467288 DEBUG pruebas odoo.modules.registry: Invalidating templates model caches from write /home/pablo/odoo/odoo/addons/base/models/ir_ui_view.py:550 
2026-03-30 10:39:09,474 1467288 DEBUG pruebas odoo.modules.registry: Invalidating templates model caches from write /home/pablo/odoo/odoo/addons/base/models/ir_ui_view.py:550 
2026-03-30 10:39:09,475 1467288 DEBUG pruebas odoo.modules.registry: Invalidating templates model caches from write /home/pablo/odoo/odoo/addons/base/models/ir_ui_view.py:550 
2026-03-30 10:39:09,487 1467288 DEBUG pruebas odoo.modules.registry: Invalidating templates model caches from write /home/pablo/odoo/odoo/addons/base/models/ir_ui_view.py:550 
2026-03-30 10:39:09,488 1467288 DEBUG pruebas odoo.modules.registry: Invalidating templates model caches from write /home/pablo/odoo/odoo/addons/base/models/ir_ui_view.py:550 
2026-03-30 10:39:09,496 1467288 DEBUG pruebas odoo.modules.registry: Invalidating templates model caches from write /home/pablo/odoo/odoo/addons/base/models/ir_ui_view.py:550 
2026-03-30 10:39:09,497 1467288 DEBUG pruebas odoo.modules.registry: Invalidating templates model caches from write /home/pablo/odoo/odoo/addons/base/models/ir_ui_view.py:550 
2026-03-30 10:39:09,510 1467288 DEBUG pruebas odoo.tools.convert: while parsing /home/pablo/odoo/addons/helpdesk/helpdesk_mgmt/views/helpdesk_ticket_views.xml:439
Error while parsing or validating view:

Element '<xpath expr="//header/button[@name=&#39;action_cancel_case&#39;]">' cannot be located in parent view

View error context:
{'file': '/home/pablo/odoo/addons/helpdesk/helpdesk_mgmt/views/helpdesk_ticket_views.xml',
 'line': 1,
 'name': 'helpdesk.ticket.form.resolution.ot',
 'view': ir.ui.view(1565,),
 'view.model': 'helpdesk.ticket',
 'view.parent': ir.ui.view(1552,),
 'xmlid': 'view_helpdesk_ticket_form_resolution'}
 
Traceback (most recent call last):
  File "/home/pablo/odoo/odoo/tools/convert.py", line 590, in _tag_root
    f(rec)
    ~^^^^^
  File "/home/pablo/odoo/odoo/tools/convert.py", line 444, in _tag_record
    record = model._load_records([data], self.mode == 'update')
  File "/home/pablo/odoo/odoo/models.py", line 5508, in _load_records
    data['record']._load_records_write(data['values'])
    ~~~~~~~~~~~~~~~~~~~~~~~~~~~~~~~~~~^^^^^^^^^^^^^^^^
  File "/home/pablo/odoo/odoo/addons/base/models/ir_ui_view.py", line 2311, in _load_records_write
    super(View, self)._load_records_write(values)
    ~~~~~~~~~~~~~~~~~~~~~~~~~~~~~~~~~~~~~^^^^^^^^
  File "/home/pablo/odoo/odoo/models.py", line 5426, in _load_records_write
    self.write(values)
    ~~~~~~~~~~^^^^^^^^
  File "/home/pablo/odoo/odoo/addons/base/models/ir_ui_view.py", line 554, in write
    res = super(View, self).write(self._compute_defaults(vals))
  File "/home/pablo/odoo/odoo/models.py", line 4845, in write
    fields[0].determine_inverse(real_recs)
    ~~~~~~~~~~~~~~~~~~~~~~~~~~~^^^^^^^^^^^
  File "/home/pablo/odoo/odoo/fields.py", line 1502, in determine_inverse
    determine(self.inverse, records)
    ~~~~~~~~~^^^^^^^^^^^^^^^^^^^^^^^
  File "/home/pablo/odoo/odoo/fields.py", line 110, in determine
    return needle(*args)
  File "/home/pablo/odoo/odoo/addons/base/models/ir_ui_view.py", line 262, in _inverse_arch
    view.write(data)
    ~~~~~~~~~~^^^^^^
  File "/home/pablo/odoo/odoo/addons/base/models/ir_ui_view.py", line 554, in write
    res = super(View, self).write(self._compute_defaults(vals))
  File "/home/pablo/odoo/odoo/models.py", line 4835, in write
    real_recs._validate_fields(vals, inverse_fields)
    ~~~~~~~~~~~~~~~~~~~~~~~~~~^^^^^^^^^^^^^^^^^^^^^^
  File "/home/pablo/odoo/odoo/models.py", line 1636, in _validate_fields
    check(self)
    ~~~~~^^^^^^
  File "/home/pablo/odoo/odoo/addons/base/models/ir_ui_view.py", line 377, in _check_xml
    raise err from None
  File "/home/pablo/odoo/odoo/addons/base/models/ir_ui_view.py", line 367, in _check_xml
    combined_arch = view._get_combined_arch()
  File "/home/pablo/odoo/odoo/addons/base/models/ir_ui_view.py", line 962, in _get_combined_arch
    arch = root.with_prefetch(tree_views._prefetch_ids)._combine(hierarchy)
  File "/home/pablo/odoo/odoo/addons/base/models/ir_ui_view.py", line 920, in _combine
    combined_arch = view.apply_inheritance_specs(combined_arch, arch)
  File "/home/pablo/odoo/odoo/addons/base/models/ir_ui_view.py", line 857, in apply_inheritance_specs
    self._raise_view_error(str(e), specs_tree)
    ~~~~~~~~~~~~~~~~~~~~~~^^^^^^^^^^^^^^^^^^^^
  File "/home/pablo/odoo/odoo/addons/base/models/ir_ui_view.py", line 734, in _raise_view_error
    raise err from from_exception
odoo.exceptions.ValidationError: Error while parsing or validating view:

Element '<xpath expr="//header/button[@name=&#39;action_cancel_case&#39;]">' cannot be located in parent view
2026-03-30 10:39:09,519 1467288 WARNING pruebas odoo.modules.loading: Transient module states were reset 
2026-03-30 10:39:09,519 1467288 ERROR pruebas odoo.modules.registry: Failed to load registry 
2026-03-30 10:39:09,520 1467288 CRITICAL pruebas odoo.service.server: Failed to initialize database `pruebas`. 
Traceback (most recent call last):
  File "/home/pablo/odoo/odoo/service/server.py", line 1366, in preload_registries
    registry = Registry.new(dbname, update_module=update_module)
  File "/home/pablo/odoo/.venv/lib/python3.13/site-packages/decorator.py", line 235, in fun
    return caller(func, *(extras + args), **kw)
  File "/home/pablo/odoo/odoo/tools/func.py", line 97, in locked
    return func(inst, *args, **kwargs)
  File "/home/pablo/odoo/odoo/modules/registry.py", line 129, in new
    odoo.modules.load_modules(registry, force_demo, status, update_module)
    ~~~~~~~~~~~~~~~~~~~~~~~~~^^^^^^^^^^^^^^^^^^^^^^^^^^^^^^^^^^^^^^^^^^^^^
  File "/home/pablo/odoo/odoo/modules/loading.py", line 485, in load_modules
    processed_modules += load_marked_modules(env, graph,
                         ~~~~~~~~~~~~~~~~~~~^^^^^^^^^^^^
        ['installed', 'to upgrade', 'to remove'],
        ^^^^^^^^^^^^^^^^^^^^^^^^^^^^^^^^^^^^^^^^^
        force, status, report, loaded_modules, update_module, models_to_check)
        ^^^^^^^^^^^^^^^^^^^^^^^^^^^^^^^^^^^^^^^^^^^^^^^^^^^^^^^^^^^^^^^^^^^^^^
  File "/home/pablo/odoo/odoo/modules/loading.py", line 365, in load_marked_modules
    loaded, processed = load_module_graph(
                        ~~~~~~~~~~~~~~~~~^
        env, graph, progressdict, report=report, skip_modules=loaded_modules,
        ^^^^^^^^^^^^^^^^^^^^^^^^^^^^^^^^^^^^^^^^^^^^^^^^^^^^^^^^^^^^^^^^^^^^^
        perform_checks=perform_checks, models_to_check=models_to_check
        ^^^^^^^^^^^^^^^^^^^^^^^^^^^^^^^^^^^^^^^^^^^^^^^^^^^^^^^^^^^^^^
    )
    ^
  File "/home/pablo/odoo/odoo/modules/loading.py", line 228, in load_module_graph
    load_data(env, idref, mode, kind='data', package=package)
    ~~~~~~~~~^^^^^^^^^^^^^^^^^^^^^^^^^^^^^^^^^^^^^^^^^^^^^^^^
  File "/home/pablo/odoo/odoo/modules/loading.py", line 72, in load_data
    tools.convert_file(env, package.name, filename, idref, mode, noupdate, kind)
    ~~~~~~~~~~~~~~~~~~^^^^^^^^^^^^^^^^^^^^^^^^^^^^^^^^^^^^^^^^^^^^^^^^^^^^^^^^^^
  File "/home/pablo/odoo/odoo/tools/convert.py", line 662, in convert_file
    convert_xml_import(env, module, fp, idref, mode, noupdate)
    ~~~~~~~~~~~~~~~~~~^^^^^^^^^^^^^^^^^^^^^^^^^^^^^^^^^^^^^^^^
  File "/home/pablo/odoo/odoo/tools/convert.py", line 733, in convert_xml_import
    obj.parse(doc.getroot())
    ~~~~~~~~~^^^^^^^^^^^^^^^
  File "/home/pablo/odoo/odoo/tools/convert.py", line 648, in parse
    self._tag_root(de)
    ~~~~~~~~~~~~~~^^^^
  File "/home/pablo/odoo/odoo/tools/convert.py", line 601, in _tag_root
    raise ParseError(msg) from None  # Restart with "--log-handler odoo.tools.convert:DEBUG" for complete traceback
    ^^^^^^^^^^^^^^^^^^^^^^^^^^^^^^^
odoo.tools.convert.ParseError: while parsing /home/pablo/odoo/addons/helpdesk/helpdesk_mgmt/views/helpdesk_ticket_views.xml:439
Error while parsing or validating view:

Element '<xpath expr="//header/button[@name=&#39;action_cancel_case&#39;]">' cannot be located in parent view

View error context:
{'file': '/home/pablo/odoo/addons/helpdesk/helpdesk_mgmt/views/helpdesk_ticket_views.xml',
 'line': 1,
 'name': 'helpdesk.ticket.form.resolution.ot',
 'view': ir.ui.view(1565,),
 'view.model': 'helpdesk.ticket',
 'view.parent': ir.ui.view(1552,),
 'xmlid': 'view_helpdesk_ticket_form_resolution'}

2026-03-30 10:39:09,524 1467288 DEBUG pruebas odoo.service.server: cron0 started! 
2026-03-30 10:39:09,524 1467288 DEBUG pruebas odoo.service.server: cron1 started! 
2026-03-30 10:40:09,577 1467288 DEBUG ? odoo.service.server: cron0 polling for jobs 
2026-03-30 10:40:10,588 1467288 DEBUG ? odoo.service.server: cron1 polling for jobs 
2026-03-30 10:40:11,902 1467288 DEBUG ? odoo.http: HTTP sessions stored in: /home/pablo/.local/share/Odoo/sessions 
2026-03-30 10:40:11,908 1467288 DEBUG ? odoo.modules.registry: Multiprocess load registry signaling: [Registry: 26] [Cache default: 28] [Cache assets: 3] [Cache templates: 2] [Cache routing: 1] [Cache groups: 2] 
2026-03-30 10:40:11,912 1467288 INFO ? odoo.modules.loading: loading 1 modules... 
2026-03-30 10:40:11,913 1467288 DEBUG ? odoo.modules.loading: Loading module base (1/1) 
2026-03-30 10:40:11,938 1467288 DEBUG ? odoo.modules.loading: Module base loaded in 0.03s, 0 queries 
2026-03-30 10:40:11,938 1467288 INFO ? odoo.modules.loading: 1 modules loaded in 0.03s, 0 queries (+0 extra) 
2026-03-30 10:40:11,957 1467288 DEBUG ? odoo.modules.loading: Updating graph with 100 more modules 
2026-03-30 10:40:11,958 1467288 INFO ? odoo.modules.loading: loading 101 modules... 
2026-03-30 10:40:11,958 1467288 DEBUG ? odoo.modules.loading: Loading module l10n_us (2/101) 
2026-03-30 10:40:11,967 1467288 DEBUG ? odoo.modules.loading: Module l10n_us loaded in 0.01s, 0 queries 
2026-03-30 10:40:11,967 1467288 DEBUG ? odoo.modules.loading: Loading module social_media (3/101) 
2026-03-30 10:40:11,967 1467288 DEBUG ? odoo.modules.loading: Module social_media loaded in 0.00s, 0 queries 
2026-03-30 10:40:11,967 1467288 DEBUG ? odoo.modules.loading: Loading module uom (4/101) 
2026-03-30 10:40:11,967 1467288 DEBUG ? odoo.modules.loading: Module uom loaded in 0.00s, 0 queries 
2026-03-30 10:40:11,968 1467288 DEBUG ? odoo.modules.loading: Loading module web (5/101) 
2026-03-30 10:40:11,970 1467288 DEBUG ? odoo.modules.loading: Module web loaded in 0.00s, 0 queries 
2026-03-30 10:40:11,970 1467288 DEBUG ? odoo.modules.loading: Loading module auth_totp (6/101) 
2026-03-30 10:40:11,971 1467288 DEBUG ? odoo.modules.loading: Module auth_totp loaded in 0.00s, 0 queries 
2026-03-30 10:40:11,971 1467288 DEBUG ? odoo.modules.loading: Loading module barcodes (7/101) 
2026-03-30 10:40:11,971 1467288 DEBUG ? odoo.modules.loading: Module barcodes loaded in 0.00s, 0 queries 
2026-03-30 10:40:11,971 1467288 DEBUG ? odoo.modules.loading: Loading module base_import (8/101) 
2026-03-30 10:40:11,982 1467288 DEBUG ? odoo.modules.loading: Module base_import loaded in 0.01s, 0 queries 
2026-03-30 10:40:11,982 1467288 DEBUG ? odoo.modules.loading: Loading module base_import_module (9/101) 
2026-03-30 10:40:11,983 1467288 DEBUG ? odoo.modules.loading: Module base_import_module loaded in 0.00s, 0 queries 
2026-03-30 10:40:11,983 1467288 DEBUG ? odoo.modules.loading: Loading module base_setup (10/101) 
2026-03-30 10:40:11,983 1467288 DEBUG ? odoo.modules.loading: Module base_setup loaded in 0.00s, 0 queries 
2026-03-30 10:40:11,983 1467288 DEBUG ? odoo.modules.loading: Loading module bus (11/101) 
2026-03-30 10:40:11,984 1467288 DEBUG ? odoo.modules.loading: Module bus loaded in 0.00s, 0 queries 
2026-03-30 10:40:11,984 1467288 DEBUG ? odoo.modules.loading: Loading module http_routing (12/101) 
2026-03-30 10:40:11,985 1467288 DEBUG ? odoo.modules.loading: Module http_routing loaded in 0.00s, 0 queries 
2026-03-30 10:40:11,985 1467288 DEBUG ? odoo.modules.loading: Loading module onboarding (13/101) 
2026-03-30 10:40:11,985 1467288 DEBUG ? odoo.modules.loading: Module onboarding loaded in 0.00s, 0 queries 
2026-03-30 10:40:11,985 1467288 DEBUG ? odoo.modules.loading: Loading module resource (14/101) 
2026-03-30 10:40:11,986 1467288 DEBUG ? odoo.modules.loading: Module resource loaded in 0.00s, 0 queries 
2026-03-30 10:40:11,986 1467288 DEBUG ? odoo.modules.loading: Loading module utm (15/101) 
2026-03-30 10:40:11,986 1467288 DEBUG ? odoo.modules.loading: Module utm loaded in 0.00s, 0 queries 
2026-03-30 10:40:11,987 1467288 DEBUG ? odoo.modules.loading: Loading module web_hierarchy (16/101) 
2026-03-30 10:40:11,988 1467288 DEBUG ? odoo.modules.loading: Module web_hierarchy loaded in 0.00s, 0 queries 
2026-03-30 10:40:11,998 1467288 DEBUG ? odoo.modules.loading: Loading module web_tour (17/101) 
2026-03-30 10:40:11,999 1467288 DEBUG ? odoo.modules.loading: Module web_tour loaded in 0.00s, 0 queries 
2026-03-30 10:40:11,999 1467288 DEBUG ? odoo.modules.loading: Loading module barcodes_gs1_nomenclature (18/101) 
2026-03-30 10:40:12,000 1467288 DEBUG ? odoo.modules.loading: Module barcodes_gs1_nomenclature loaded in 0.00s, 0 queries 
2026-03-30 10:40:12,000 1467288 DEBUG ? odoo.modules.loading: Loading module html_editor (19/101) 
2026-03-30 10:40:12,000 1467288 DEBUG ? odoo.modules.loading: Module html_editor loaded in 0.00s, 0 queries 
2026-03-30 10:40:12,000 1467288 DEBUG ? odoo.modules.loading: Loading module iap (20/101) 
2026-03-30 10:40:12,001 1467288 DEBUG ? odoo.modules.loading: Module iap loaded in 0.00s, 0 queries 
2026-03-30 10:40:12,001 1467288 DEBUG ? odoo.modules.loading: Loading module mail (21/101) 
2026-03-30 10:40:12,017 1467288 DEBUG ? odoo.modules.loading: Module mail loaded in 0.02s, 0 queries 
2026-03-30 10:40:12,017 1467288 DEBUG ? odoo.modules.loading: Loading module web_editor (22/101) 
2026-03-30 10:40:12,022 1467288 DEBUG ? odoo.modules.loading: Module web_editor loaded in 0.01s, 0 queries 
2026-03-30 10:40:12,023 1467288 DEBUG ? odoo.modules.loading: Loading module analytic (23/101) 
2026-03-30 10:40:12,024 1467288 DEBUG ? odoo.modules.loading: Module analytic loaded in 0.00s, 0 queries 
2026-03-30 10:40:12,024 1467288 DEBUG ? odoo.modules.loading: Loading module auth_signup (24/101) 
2026-03-30 10:40:12,024 1467288 DEBUG ? odoo.modules.loading: Module auth_signup loaded in 0.00s, 0 queries 
2026-03-30 10:40:12,025 1467288 DEBUG ? odoo.modules.loading: Loading module auth_totp_mail (25/101) 
2026-03-30 10:40:12,025 1467288 DEBUG ? odoo.modules.loading: Module auth_totp_mail loaded in 0.00s, 0 queries 
2026-03-30 10:40:12,025 1467288 DEBUG ? odoo.modules.loading: Loading module base_install_request (26/101) 
2026-03-30 10:40:12,026 1467288 DEBUG ? odoo.modules.loading: Module base_install_request loaded in 0.00s, 0 queries 
2026-03-30 10:40:12,026 1467288 DEBUG ? odoo.modules.loading: Loading module calendar (27/101) 
2026-03-30 10:40:12,027 1467288 DEBUG ? odoo.modules.loading: Module calendar loaded in 0.00s, 0 queries 
2026-03-30 10:40:12,027 1467288 DEBUG ? odoo.modules.loading: Loading module contacts (28/101) 
2026-03-30 10:40:12,027 1467288 DEBUG ? odoo.modules.loading: Module contacts loaded in 0.00s, 0 queries 
2026-03-30 10:40:12,028 1467288 DEBUG ? odoo.modules.loading: Loading module gamification (29/101) 
2026-03-30 10:40:12,037 1467288 DEBUG ? odoo.modules.loading: Module gamification loaded in 0.01s, 0 queries 
2026-03-30 10:40:12,037 1467288 DEBUG ? odoo.modules.loading: Loading module iap_mail (30/101) 
2026-03-30 10:40:12,037 1467288 DEBUG ? odoo.modules.loading: Module iap_mail loaded in 0.00s, 0 queries 
2026-03-30 10:40:12,038 1467288 DEBUG ? odoo.modules.loading: Loading module link_tracker (31/101) 
2026-03-30 10:40:12,038 1467288 DEBUG ? odoo.modules.loading: Module link_tracker loaded in 0.00s, 0 queries 
2026-03-30 10:40:12,038 1467288 DEBUG ? odoo.modules.loading: Loading module mail_bot (32/101) 
2026-03-30 10:40:12,038 1467288 DEBUG ? odoo.modules.loading: Module mail_bot loaded in 0.00s, 0 queries 
2026-03-30 10:40:12,039 1467288 DEBUG ? odoo.modules.loading: Loading module microsoft_outlook (33/101) 
2026-03-30 10:40:12,039 1467288 DEBUG ? odoo.modules.loading: Module microsoft_outlook loaded in 0.00s, 0 queries 
2026-03-30 10:40:12,039 1467288 DEBUG ? odoo.modules.loading: Loading module phone_validation (34/101) 
2026-03-30 10:40:12,053 1467288 DEBUG ? odoo.modules.loading: Module phone_validation loaded in 0.01s, 0 queries 
2026-03-30 10:40:12,053 1467288 DEBUG ? odoo.modules.loading: Loading module privacy_lookup (35/101) 
2026-03-30 10:40:12,054 1467288 DEBUG ? odoo.modules.loading: Module privacy_lookup loaded in 0.00s, 0 queries 
2026-03-30 10:40:12,054 1467288 DEBUG ? odoo.modules.loading: Loading module product (36/101) 
2026-03-30 10:40:12,055 1467288 DEBUG ? odoo.modules.loading: Module product loaded in 0.00s, 0 queries 
2026-03-30 10:40:12,056 1467288 DEBUG ? odoo.modules.loading: Loading module rating (37/101) 
2026-03-30 10:40:12,056 1467288 DEBUG ? odoo.modules.loading: Module rating loaded in 0.00s, 0 queries 
2026-03-30 10:40:12,056 1467288 DEBUG ? odoo.modules.loading: Loading module resource_mail (38/101) 
2026-03-30 10:40:12,057 1467288 DEBUG ? odoo.modules.loading: Module resource_mail loaded in 0.00s, 0 queries 
2026-03-30 10:40:12,057 1467288 DEBUG ? odoo.modules.loading: Loading module sales_team (39/101) 
2026-03-30 10:40:12,057 1467288 DEBUG ? odoo.modules.loading: Module sales_team loaded in 0.00s, 0 queries 
2026-03-30 10:40:12,057 1467288 DEBUG ? odoo.modules.loading: Loading module web_unsplash (40/101) 
2026-03-30 10:40:12,058 1467288 DEBUG ? odoo.modules.loading: Module web_unsplash loaded in 0.00s, 0 queries 
2026-03-30 10:40:12,058 1467288 DEBUG ? odoo.modules.loading: Loading module partner_autocomplete (41/101) 
2026-03-30 10:40:12,059 1467288 DEBUG ? odoo.modules.loading: Module partner_autocomplete loaded in 0.00s, 0 queries 
2026-03-30 10:40:12,059 1467288 DEBUG ? odoo.modules.loading: Loading module portal (42/101) 
2026-03-30 10:40:12,060 1467288 DEBUG ? odoo.modules.loading: Module portal loaded in 0.00s, 0 queries 
2026-03-30 10:40:12,060 1467288 DEBUG ? odoo.modules.loading: Loading module sms (43/101) 
2026-03-30 10:40:12,074 1467288 DEBUG ? odoo.modules.loading: Module sms loaded in 0.01s, 0 queries 
2026-03-30 10:40:12,074 1467288 DEBUG ? odoo.modules.loading: Loading module snailmail (44/101) 
2026-03-30 10:40:12,075 1467288 DEBUG ? odoo.modules.loading: Module snailmail loaded in 0.00s, 0 queries 
2026-03-30 10:40:12,076 1467288 DEBUG ? odoo.modules.loading: Loading module survey (45/101) 
2026-03-30 10:40:12,077 1467288 DEBUG ? odoo.modules.loading: Module survey loaded in 0.00s, 0 queries 
2026-03-30 10:40:12,077 1467288 DEBUG ? odoo.modules.loading: Loading module auth_totp_portal (46/101) 
2026-03-30 10:40:12,077 1467288 DEBUG ? odoo.modules.loading: Module auth_totp_portal loaded in 0.00s, 0 queries 
2026-03-30 10:40:12,077 1467288 DEBUG ? odoo.modules.loading: Loading module calendar_sms (47/101) 
2026-03-30 10:40:12,078 1467288 DEBUG ? odoo.modules.loading: Module calendar_sms loaded in 0.00s, 0 queries 
2026-03-30 10:40:12,078 1467288 DEBUG ? odoo.modules.loading: Loading module digest (48/101) 
2026-03-30 10:40:12,078 1467288 DEBUG ? odoo.modules.loading: Module digest loaded in 0.00s, 0 queries 
2026-03-30 10:40:12,078 1467288 DEBUG ? odoo.modules.loading: Loading module payment (49/101) 
2026-03-30 10:40:12,079 1467288 DEBUG ? odoo.modules.loading: Module payment loaded in 0.00s, 0 queries 
2026-03-30 10:40:12,079 1467288 DEBUG ? odoo.modules.loading: Loading module portal_rating (50/101) 
2026-03-30 10:40:12,080 1467288 DEBUG ? odoo.modules.loading: Module portal_rating loaded in 0.00s, 0 queries 
2026-03-30 10:40:12,080 1467288 DEBUG ? odoo.modules.loading: Loading module spreadsheet (51/101) 
2026-03-30 10:40:12,081 1467288 DEBUG ? odoo.modules.loading: Module spreadsheet loaded in 0.00s, 0 queries 
2026-03-30 10:40:12,081 1467288 DEBUG ? odoo.modules.loading: Loading module account (52/101) 
2026-03-30 10:40:12,085 1467288 DEBUG ? odoo.modules.loading: Module account loaded in 0.00s, 0 queries 
2026-03-30 10:40:12,085 1467288 DEBUG ? odoo.modules.loading: Loading module crm (53/101) 
2026-03-30 10:40:12,087 1467288 DEBUG ? odoo.modules.loading: Module crm loaded in 0.00s, 0 queries 
2026-03-30 10:40:12,088 1467288 DEBUG ? odoo.modules.loading: Loading module hr (54/101) 
2026-03-30 10:40:12,095 1467288 DEBUG ? odoo.modules.loading: Module hr loaded in 0.01s, 0 queries 
2026-03-30 10:40:12,095 1467288 DEBUG ? odoo.modules.loading: Loading module mass_mailing (55/101) 
2026-03-30 10:40:12,098 1467288 DEBUG ? odoo.modules.loading: Module mass_mailing loaded in 0.00s, 0 queries 
2026-03-30 10:40:12,098 1467288 DEBUG ? odoo.modules.loading: Loading module project (56/101) 
2026-03-30 10:40:12,100 1467288 DEBUG ? odoo.modules.loading: Module project loaded in 0.00s, 0 queries 
2026-03-30 10:40:12,100 1467288 DEBUG ? odoo.modules.loading: Loading module spreadsheet_dashboard (57/101) 
2026-03-30 10:40:12,100 1467288 DEBUG ? odoo.modules.loading: Module spreadsheet_dashboard loaded in 0.00s, 0 queries 
2026-03-30 10:40:12,101 1467288 DEBUG ? odoo.modules.loading: Loading module stock (58/101) 
2026-03-30 10:40:12,106 1467288 DEBUG ? odoo.modules.loading: Module stock loaded in 0.00s, 0 queries 
2026-03-30 10:40:12,106 1467288 DEBUG ? odoo.modules.loading: Loading module account_add_gln (59/101) 
2026-03-30 10:40:12,106 1467288 DEBUG ? odoo.modules.loading: Module account_add_gln loaded in 0.00s, 0 queries 
2026-03-30 10:40:12,106 1467288 DEBUG ? odoo.modules.loading: Loading module account_edi_ubl_cii (60/101) 
2026-03-30 10:40:12,108 1467288 DEBUG ? odoo.modules.loading: Module account_edi_ubl_cii loaded in 0.00s, 0 queries 
2026-03-30 10:40:12,109 1467288 DEBUG ? odoo.modules.loading: Loading module account_payment (61/101) 
2026-03-30 10:40:12,111 1467288 DEBUG ? odoo.modules.loading: Module account_payment loaded in 0.00s, 0 queries 
2026-03-30 10:40:12,111 1467288 DEBUG ? odoo.modules.loading: Loading module base_iban (62/101) 
2026-03-30 10:40:12,111 1467288 DEBUG ? odoo.modules.loading: Module base_iban loaded in 0.00s, 0 queries 
2026-03-30 10:40:12,111 1467288 DEBUG ? odoo.modules.loading: Loading module base_vat (63/101) 
2026-03-30 10:40:12,112 1467288 DEBUG ? odoo.modules.loading: Module base_vat loaded in 0.00s, 0 queries 
2026-03-30 10:40:12,112 1467288 DEBUG ? odoo.modules.loading: Loading module board (64/101) 
2026-03-30 10:40:12,112 1467288 DEBUG ? odoo.modules.loading: Module board loaded in 0.00s, 0 queries 
2026-03-30 10:40:12,112 1467288 DEBUG ? odoo.modules.loading: Loading module crm_sms (65/101) 
2026-03-30 10:40:12,112 1467288 DEBUG ? odoo.modules.loading: Module crm_sms loaded in 0.00s, 0 queries 
2026-03-30 10:40:12,112 1467288 DEBUG ? odoo.modules.loading: Loading module hr_calendar (66/101) 
2026-03-30 10:40:12,112 1467288 DEBUG ? odoo.modules.loading: Module hr_calendar loaded in 0.00s, 0 queries 
2026-03-30 10:40:12,112 1467288 DEBUG ? odoo.modules.loading: Loading module hr_gamification (67/101) 
2026-03-30 10:40:12,113 1467288 DEBUG ? odoo.modules.loading: Module hr_gamification loaded in 0.00s, 0 queries 
2026-03-30 10:40:12,113 1467288 DEBUG ? odoo.modules.loading: Loading module hr_org_chart (68/101) 
2026-03-30 10:40:12,113 1467288 DEBUG ? odoo.modules.loading: Module hr_org_chart loaded in 0.00s, 0 queries 
2026-03-30 10:40:12,113 1467288 DEBUG ? odoo.modules.loading: Loading module hr_skills (69/101) 
2026-03-30 10:40:12,114 1467288 DEBUG ? odoo.modules.loading: Module hr_skills loaded in 0.00s, 0 queries 
2026-03-30 10:40:12,114 1467288 DEBUG ? odoo.modules.loading: Loading module iap_crm (70/101) 
2026-03-30 10:40:12,115 1467288 DEBUG ? odoo.modules.loading: Module iap_crm loaded in 0.00s, 0 queries 
2026-03-30 10:40:12,115 1467288 DEBUG ? odoo.modules.loading: Loading module l10n_us_account (71/101) 
2026-03-30 10:40:12,115 1467288 DEBUG ? odoo.modules.loading: Module l10n_us_account loaded in 0.00s, 0 queries 
2026-03-30 10:40:12,115 1467288 DEBUG ? odoo.modules.loading: Loading module mail_bot_hr (72/101) 
2026-03-30 10:40:12,115 1467288 DEBUG ? odoo.modules.loading: Module mail_bot_hr loaded in 0.00s, 0 queries 
2026-03-30 10:40:12,115 1467288 DEBUG ? odoo.modules.loading: Loading module mass_mailing_crm (73/101) 
2026-03-30 10:40:12,115 1467288 DEBUG ? odoo.modules.loading: Module mass_mailing_crm loaded in 0.00s, 0 queries 
2026-03-30 10:40:12,115 1467288 DEBUG ? odoo.modules.loading: Loading module mass_mailing_themes (74/101) 
2026-03-30 10:40:12,115 1467288 DEBUG ? odoo.modules.loading: Module mass_mailing_themes loaded in 0.00s, 0 queries 
2026-03-30 10:40:12,115 1467288 DEBUG ? odoo.modules.loading: Loading module project_account (75/101) 
2026-03-30 10:40:12,126 1467288 DEBUG ? odoo.modules.loading: Module project_account loaded in 0.01s, 0 queries 
2026-03-30 10:40:12,127 1467288 DEBUG ? odoo.modules.loading: Loading module project_sms (76/101) 
2026-03-30 10:40:12,127 1467288 DEBUG ? odoo.modules.loading: Module project_sms loaded in 0.00s, 0 queries 
2026-03-30 10:40:12,127 1467288 DEBUG ? odoo.modules.loading: Loading module project_stock (77/101) 
2026-03-30 10:40:12,127 1467288 DEBUG ? odoo.modules.loading: Module project_stock loaded in 0.00s, 0 queries 
2026-03-30 10:40:12,127 1467288 DEBUG ? odoo.modules.loading: Loading module project_todo (78/101) 
2026-03-30 10:40:12,128 1467288 DEBUG ? odoo.modules.loading: Module project_todo loaded in 0.00s, 0 queries 
2026-03-30 10:40:12,128 1467288 DEBUG ? odoo.modules.loading: Loading module purchase (79/101) 
2026-03-30 10:40:12,129 1467288 DEBUG ? odoo.modules.loading: Module purchase loaded in 0.00s, 0 queries 
2026-03-30 10:40:12,129 1467288 DEBUG ? odoo.modules.loading: Loading module snailmail_account (80/101) 
2026-03-30 10:40:12,130 1467288 DEBUG ? odoo.modules.loading: Module snailmail_account loaded in 0.00s, 0 queries 
2026-03-30 10:40:12,130 1467288 DEBUG ? odoo.modules.loading: Loading module spreadsheet_account (81/101) 
2026-03-30 10:40:12,130 1467288 DEBUG ? odoo.modules.loading: Module spreadsheet_account loaded in 0.00s, 0 queries 
2026-03-30 10:40:12,130 1467288 DEBUG ? odoo.modules.loading: Loading module spreadsheet_dashboard_account (82/101) 
2026-03-30 10:40:12,130 1467288 DEBUG ? odoo.modules.loading: Module spreadsheet_dashboard_account loaded in 0.00s, 0 queries 
2026-03-30 10:40:12,131 1467288 DEBUG ? odoo.modules.loading: Loading module stock_account (83/101) 
2026-03-30 10:40:12,132 1467288 DEBUG ? odoo.modules.loading: Module stock_account loaded in 0.00s, 0 queries 
2026-03-30 10:40:12,132 1467288 DEBUG ? odoo.modules.loading: Loading module stock_sms (84/101) 
2026-03-30 10:40:12,142 1467288 DEBUG ? odoo.modules.loading: Module stock_sms loaded in 0.01s, 0 queries 
2026-03-30 10:40:12,142 1467288 DEBUG ? odoo.modules.loading: Loading module account_qr_code_sepa (85/101) 
2026-03-30 10:40:12,143 1467288 DEBUG ? odoo.modules.loading: Module account_qr_code_sepa loaded in 0.00s, 0 queries 
2026-03-30 10:40:12,143 1467288 DEBUG ? odoo.modules.loading: Loading module crm_iap_enrich (86/101) 
2026-03-30 10:40:12,143 1467288 DEBUG ? odoo.modules.loading: Module crm_iap_enrich loaded in 0.00s, 0 queries 
2026-03-30 10:40:12,143 1467288 DEBUG ? odoo.modules.loading: Loading module crm_iap_mine (87/101) 
2026-03-30 10:40:12,144 1467288 DEBUG ? odoo.modules.loading: Module crm_iap_mine loaded in 0.00s, 0 queries 
2026-03-30 10:40:12,144 1467288 INFO ? odoo.modules.loading: Loading module helpdesk_mgmt (88/101) 
2026-03-30 10:40:13,186 1467288 INFO ? odoo.modules.registry: module helpdesk_mgmt: creating or updating database tables 
2026-03-30 10:40:13,487 1467288 DEBUG ? odoo.models: Table 'res_company': setting default value of new column fiscalyear_last_day to 31 
2026-03-30 10:40:13,488 1467288 DEBUG ? odoo.models: Table 'res_company': setting default value of new column fiscalyear_last_month to '12' 
2026-03-30 10:40:13,489 1467288 DEBUG ? odoo.models: Table 'res_company': setting default value of new column account_price_include to 'tax_excluded' 
2026-03-30 10:40:13,494 1467288 DEBUG ? odoo.models: Table 'res_company': setting default value of new column account_opening_date to '2026-01-01' 
2026-03-30 10:40:13,495 1467288 DEBUG ? odoo.models: Table 'res_company': setting default value of new column po_lead to 0.0 
2026-03-30 10:40:13,519 1467288 DEBUG ? odoo.models: Table 'res_config_settings': setting default value of new column company_id to 1 
2026-03-30 10:40:13,550 1467288 DEBUG ? odoo.models: Table 'res_partner': setting default value of new column autopost_bills to 'ask' 
2026-03-30 10:40:13,569 1467288 DEBUG ? odoo.models: Table 'res_users': setting default value of new column notification_type to 'email' 
2026-03-30 10:40:13,619 1467288 WARNING ? odoo.addons.base.models.ir_model: Two fields (case_number, number) of helpdesk.ticket() have the same label: Número de caso. [Modules: helpdesk_mgmt and helpdesk_mgmt] 
2026-03-30 10:40:13,619 1467288 WARNING ? odoo.addons.base.models.ir_model: Two fields (subject_id, subject) of helpdesk.ticket() have the same label: Asunto. [Modules: helpdesk_mgmt and helpdesk_mgmt] 
2026-03-30 10:40:13,619 1467288 WARNING ? odoo.addons.base.models.ir_model: Two fields (state_reason_id, state_reason) of helpdesk.ticket() have the same label: Razón para el estado. [Modules: helpdesk_mgmt and helpdesk_mgmt] 
2026-03-30 10:40:14,041 1467288 DEBUG ? odoo.schema: Table 'res_company': column 'fiscalyear_last_day': added constraint NOT NULL 
2026-03-30 10:40:14,042 1467288 DEBUG ? odoo.schema: Table 'res_company': column 'fiscalyear_last_month': added constraint NOT NULL 
2026-03-30 10:40:14,044 1467288 DEBUG ? odoo.schema: Table 'res_company': column 'account_price_include': added constraint NOT NULL 
2026-03-30 10:40:14,045 1467288 DEBUG ? odoo.schema: Table 'res_company': column 'account_opening_date': added constraint NOT NULL 
2026-03-30 10:40:14,046 1467288 DEBUG ? odoo.schema: Table 'res_company': column 'po_lead': added constraint NOT NULL 
2026-03-30 10:40:14,048 1467288 DEBUG ? odoo.schema: Table 'res_config_settings': column 'company_id': added constraint NOT NULL 
2026-03-30 10:40:14,053 1467288 DEBUG ? odoo.schema: Table 'res_partner': column 'autopost_bills': added constraint NOT NULL 
2026-03-30 10:40:14,061 1467288 DEBUG ? odoo.schema: Table 'res_users': column 'notification_type': added constraint NOT NULL 
2026-03-30 10:40:14,069 1467288 INFO ? odoo.schema: Keep unexpected index helpdesk_ticket__priority_index on table helpdesk_ticket 
2026-03-30 10:40:14,069 1467288 INFO ? odoo.schema: Keep unexpected index helpdesk_ticket__state_index on table helpdesk_ticket 
2026-03-30 10:40:14,069 1467288 INFO ? odoo.schema: Keep unexpected index helpdesk_ticket__subject_id_index on table helpdesk_ticket 
2026-03-30 10:40:14,084 1467288 INFO ? odoo.modules.loading: loading helpdesk_mgmt/data/helpdesk_data.xml 
2026-03-30 10:40:14,095 1467288 DEBUG ? odoo.modules.registry: Invalidating templates model caches from write /home/pablo/odoo/odoo/addons/base/models/ir_ui_view.py:550 
2026-03-30 10:40:14,097 1467288 DEBUG ? odoo.modules.registry: Invalidating templates model caches from write /home/pablo/odoo/odoo/addons/base/models/ir_ui_view.py:550 
2026-03-30 10:40:14,162 1467288 INFO ? odoo.modules.loading: loading helpdesk_mgmt/security/helpdesk_security.xml 
2026-03-30 10:40:14,170 1467288 DEBUG ? odoo.modules.registry: Invalidating default model caches from call_cache_clearing_methods /home/pablo/odoo/odoo/addons/base/models/ir_model.py:2183 
2026-03-30 10:40:14,420 1467288 DEBUG ? odoo.modules.registry: Invalidating groups model caches from write /home/pablo/odoo/odoo/addons/base/models/res_users.py:1539 
2026-03-30 10:40:14,420 1467288 DEBUG ? odoo.modules.registry: Invalidating default model caches from write /home/pablo/odoo/odoo/addons/base/models/res_users.py:1681 
2026-03-30 10:40:14,422 1467288 DEBUG ? odoo.modules.registry: Invalidating groups model caches from _update_xmlids /home/pablo/odoo/odoo/addons/base/models/ir_model.py:2414 
2026-03-30 10:40:14,425 1467288 DEBUG ? odoo.modules.registry: Invalidating default model caches from call_cache_clearing_methods /home/pablo/odoo/odoo/addons/base/models/ir_model.py:2183 
2026-03-30 10:40:14,466 1467288 DEBUG ? odoo.modules.registry: Invalidating groups model caches from write /home/pablo/odoo/odoo/addons/base/models/res_users.py:1539 
2026-03-30 10:40:14,466 1467288 DEBUG ? odoo.modules.registry: Invalidating default model caches from write /home/pablo/odoo/odoo/addons/base/models/res_users.py:1681 
2026-03-30 10:40:14,467 1467288 DEBUG ? odoo.modules.registry: Invalidating groups model caches from _update_xmlids /home/pablo/odoo/odoo/addons/base/models/ir_model.py:2414 
2026-03-30 10:40:14,472 1467288 DEBUG ? odoo.modules.registry: Invalidating default model caches from call_cache_clearing_methods /home/pablo/odoo/odoo/addons/base/models/ir_model.py:2183 
2026-03-30 10:40:14,508 1467288 DEBUG ? odoo.modules.registry: Invalidating groups model caches from write /home/pablo/odoo/odoo/addons/base/models/res_users.py:1539 
2026-03-30 10:40:14,509 1467288 DEBUG ? odoo.modules.registry: Invalidating default model caches from write /home/pablo/odoo/odoo/addons/base/models/res_users.py:1681 
2026-03-30 10:40:14,510 1467288 DEBUG ? odoo.modules.registry: Invalidating groups model caches from _update_xmlids /home/pablo/odoo/odoo/addons/base/models/ir_model.py:2414 
2026-03-30 10:40:14,517 1467288 DEBUG ? odoo.modules.registry: Invalidating default model caches from call_cache_clearing_methods /home/pablo/odoo/odoo/addons/base/models/ir_model.py:2183 
2026-03-30 10:40:14,567 1467288 DEBUG ? odoo.modules.registry: Invalidating groups model caches from write /home/pablo/odoo/odoo/addons/base/models/res_users.py:1539 
2026-03-30 10:40:14,568 1467288 DEBUG ? odoo.modules.registry: Invalidating default model caches from write /home/pablo/odoo/odoo/addons/base/models/res_users.py:1681 
2026-03-30 10:40:14,570 1467288 DEBUG ? odoo.modules.registry: Invalidating groups model caches from _update_xmlids /home/pablo/odoo/odoo/addons/base/models/ir_model.py:2414 
2026-03-30 10:40:14,582 1467288 INFO ? odoo.modules.loading: loading helpdesk_mgmt/security/ir.model.access.csv 
2026-03-30 10:40:14,679 1467288 DEBUG ? odoo.modules.registry: Invalidating default model caches from call_cache_clearing_methods /home/pablo/odoo/odoo/addons/base/models/ir_model.py:2183 
2026-03-30 10:40:14,683 1467288 DEBUG ? odoo.modules.registry: Invalidating default model caches from call_cache_clearing_methods /home/pablo/odoo/odoo/addons/base/models/ir_model.py:2183 
2026-03-30 10:40:14,685 1467288 DEBUG ? odoo.modules.registry: Invalidating default model caches from call_cache_clearing_methods /home/pablo/odoo/odoo/addons/base/models/ir_model.py:2183 
2026-03-30 10:40:14,688 1467288 DEBUG ? odoo.modules.registry: Invalidating default model caches from call_cache_clearing_methods /home/pablo/odoo/odoo/addons/base/models/ir_model.py:2183 
2026-03-30 10:40:14,693 1467288 DEBUG ? odoo.modules.registry: Invalidating default model caches from call_cache_clearing_methods /home/pablo/odoo/odoo/addons/base/models/ir_model.py:2183 
2026-03-30 10:40:14,696 1467288 DEBUG ? odoo.modules.registry: Invalidating default model caches from call_cache_clearing_methods /home/pablo/odoo/odoo/addons/base/models/ir_model.py:2183 
2026-03-30 10:40:14,698 1467288 DEBUG ? odoo.modules.registry: Invalidating default model caches from call_cache_clearing_methods /home/pablo/odoo/odoo/addons/base/models/ir_model.py:2183 
2026-03-30 10:40:14,700 1467288 DEBUG ? odoo.modules.registry: Invalidating default model caches from call_cache_clearing_methods /home/pablo/odoo/odoo/addons/base/models/ir_model.py:2183 
2026-03-30 10:40:14,702 1467288 DEBUG ? odoo.modules.registry: Invalidating default model caches from call_cache_clearing_methods /home/pablo/odoo/odoo/addons/base/models/ir_model.py:2183 
2026-03-30 10:40:14,704 1467288 DEBUG ? odoo.modules.registry: Invalidating default model caches from call_cache_clearing_methods /home/pablo/odoo/odoo/addons/base/models/ir_model.py:2183 
2026-03-30 10:40:14,706 1467288 DEBUG ? odoo.modules.registry: Invalidating default model caches from call_cache_clearing_methods /home/pablo/odoo/odoo/addons/base/models/ir_model.py:2183 
2026-03-30 10:40:14,708 1467288 DEBUG ? odoo.modules.registry: Invalidating default model caches from call_cache_clearing_methods /home/pablo/odoo/odoo/addons/base/models/ir_model.py:2183 
2026-03-30 10:40:14,710 1467288 DEBUG ? odoo.modules.registry: Invalidating default model caches from call_cache_clearing_methods /home/pablo/odoo/odoo/addons/base/models/ir_model.py:2183 
2026-03-30 10:40:14,711 1467288 DEBUG ? odoo.modules.registry: Invalidating default model caches from call_cache_clearing_methods /home/pablo/odoo/odoo/addons/base/models/ir_model.py:2183 
2026-03-30 10:40:14,712 1467288 DEBUG ? odoo.modules.registry: Invalidating default model caches from call_cache_clearing_methods /home/pablo/odoo/odoo/addons/base/models/ir_model.py:2183 
2026-03-30 10:40:14,714 1467288 DEBUG ? odoo.modules.registry: Invalidating default model caches from call_cache_clearing_methods /home/pablo/odoo/odoo/addons/base/models/ir_model.py:2183 
2026-03-30 10:40:14,715 1467288 DEBUG ? odoo.modules.registry: Invalidating default model caches from call_cache_clearing_methods /home/pablo/odoo/odoo/addons/base/models/ir_model.py:2183 
2026-03-30 10:40:14,717 1467288 DEBUG ? odoo.modules.registry: Invalidating default model caches from call_cache_clearing_methods /home/pablo/odoo/odoo/addons/base/models/ir_model.py:2183 
2026-03-30 10:40:14,718 1467288 DEBUG ? odoo.modules.registry: Invalidating default model caches from call_cache_clearing_methods /home/pablo/odoo/odoo/addons/base/models/ir_model.py:2183 
2026-03-30 10:40:14,720 1467288 DEBUG ? odoo.modules.registry: Invalidating default model caches from call_cache_clearing_methods /home/pablo/odoo/odoo/addons/base/models/ir_model.py:2183 
2026-03-30 10:40:14,722 1467288 DEBUG ? odoo.modules.registry: Invalidating default model caches from call_cache_clearing_methods /home/pablo/odoo/odoo/addons/base/models/ir_model.py:2183 
2026-03-30 10:40:14,724 1467288 DEBUG ? odoo.modules.registry: Invalidating default model caches from call_cache_clearing_methods /home/pablo/odoo/odoo/addons/base/models/ir_model.py:2183 
2026-03-30 10:40:14,727 1467288 DEBUG ? odoo.modules.registry: Invalidating default model caches from call_cache_clearing_methods /home/pablo/odoo/odoo/addons/base/models/ir_model.py:2183 
2026-03-30 10:40:14,728 1467288 DEBUG ? odoo.modules.registry: Invalidating default model caches from call_cache_clearing_methods /home/pablo/odoo/odoo/addons/base/models/ir_model.py:2183 
2026-03-30 10:40:14,730 1467288 DEBUG ? odoo.modules.registry: Invalidating default model caches from call_cache_clearing_methods /home/pablo/odoo/odoo/addons/base/models/ir_model.py:2183 
2026-03-30 10:40:14,731 1467288 DEBUG ? odoo.modules.registry: Invalidating default model caches from call_cache_clearing_methods /home/pablo/odoo/odoo/addons/base/models/ir_model.py:2183 
2026-03-30 10:40:14,732 1467288 DEBUG ? odoo.modules.registry: Invalidating default model caches from call_cache_clearing_methods /home/pablo/odoo/odoo/addons/base/models/ir_model.py:2183 
2026-03-30 10:40:14,734 1467288 DEBUG ? odoo.modules.registry: Invalidating default model caches from call_cache_clearing_methods /home/pablo/odoo/odoo/addons/base/models/ir_model.py:2183 
2026-03-30 10:40:14,735 1467288 DEBUG ? odoo.modules.registry: Invalidating default model caches from call_cache_clearing_methods /home/pablo/odoo/odoo/addons/base/models/ir_model.py:2183 
2026-03-30 10:40:14,737 1467288 DEBUG ? odoo.modules.registry: Invalidating default model caches from call_cache_clearing_methods /home/pablo/odoo/odoo/addons/base/models/ir_model.py:2183 
2026-03-30 10:40:14,738 1467288 DEBUG ? odoo.modules.registry: Invalidating default model caches from call_cache_clearing_methods /home/pablo/odoo/odoo/addons/base/models/ir_model.py:2183 
2026-03-30 10:40:14,740 1467288 DEBUG ? odoo.modules.registry: Invalidating default model caches from call_cache_clearing_methods /home/pablo/odoo/odoo/addons/base/models/ir_model.py:2183 
2026-03-30 10:40:14,743 1467288 DEBUG ? odoo.modules.registry: Invalidating default model caches from call_cache_clearing_methods /home/pablo/odoo/odoo/addons/base/models/ir_model.py:2183 
2026-03-30 10:40:14,745 1467288 DEBUG ? odoo.modules.registry: Invalidating default model caches from call_cache_clearing_methods /home/pablo/odoo/odoo/addons/base/models/ir_model.py:2183 
2026-03-30 10:40:14,747 1467288 DEBUG ? odoo.modules.registry: Invalidating default model caches from call_cache_clearing_methods /home/pablo/odoo/odoo/addons/base/models/ir_model.py:2183 
2026-03-30 10:40:14,749 1467288 DEBUG ? odoo.modules.registry: Invalidating default model caches from call_cache_clearing_methods /home/pablo/odoo/odoo/addons/base/models/ir_model.py:2183 
2026-03-30 10:40:14,752 1467288 DEBUG ? odoo.modules.registry: Invalidating default model caches from call_cache_clearing_methods /home/pablo/odoo/odoo/addons/base/models/ir_model.py:2183 
2026-03-30 10:40:14,756 1467288 INFO ? odoo.modules.loading: loading helpdesk_mgmt/views/res_partner_views.xml 
2026-03-30 10:40:14,763 1467288 DEBUG ? odoo.modules.registry: Invalidating templates model caches from write /home/pablo/odoo/odoo/addons/base/models/ir_ui_view.py:550 
2026-03-30 10:40:14,773 1467288 DEBUG ? odoo.modules.registry: Invalidating templates model caches from write /home/pablo/odoo/odoo/addons/base/models/ir_ui_view.py:550 
2026-03-30 10:40:14,848 1467288 INFO ? odoo.modules.loading: loading helpdesk_mgmt/views/res_config_settings_views.xml 
2026-03-30 10:40:14,858 1467288 DEBUG ? odoo.modules.registry: Invalidating templates model caches from write /home/pablo/odoo/odoo/addons/base/models/ir_ui_view.py:550 
2026-03-30 10:40:14,861 1467288 DEBUG ? odoo.modules.registry: Invalidating templates model caches from write /home/pablo/odoo/odoo/addons/base/models/ir_ui_view.py:550 
2026-03-30 10:40:14,955 1467288 DEBUG ? odoo.modules.registry: Invalidating default model caches from write /home/pablo/odoo/odoo/addons/base/models/ir_actions.py:114 
2026-03-30 10:40:14,957 1467288 INFO ? odoo.modules.loading: loading helpdesk_mgmt/views/helpdesk_ticket_templates.xml 
2026-03-30 10:40:14,975 1467288 DEBUG ? odoo.modules.registry: Invalidating templates model caches from write /home/pablo/odoo/odoo/addons/base/models/ir_ui_view.py:550 
2026-03-30 10:40:14,977 1467288 DEBUG ? odoo.modules.registry: Invalidating templates model caches from write /home/pablo/odoo/odoo/addons/base/models/ir_ui_view.py:550 
2026-03-30 10:40:14,999 1467288 DEBUG ? odoo.modules.registry: Invalidating templates model caches from write /home/pablo/odoo/odoo/addons/base/models/ir_ui_view.py:550 
2026-03-30 10:40:15,000 1467288 DEBUG ? odoo.modules.registry: Invalidating templates model caches from write /home/pablo/odoo/odoo/addons/base/models/ir_ui_view.py:550 
2026-03-30 10:40:15,015 1467288 DEBUG ? odoo.modules.registry: Invalidating templates model caches from write /home/pablo/odoo/odoo/addons/base/models/ir_ui_view.py:550 
2026-03-30 10:40:15,019 1467288 DEBUG ? odoo.modules.registry: Invalidating templates model caches from write /home/pablo/odoo/odoo/addons/base/models/ir_ui_view.py:550 
2026-03-30 10:40:15,038 1467288 DEBUG ? odoo.modules.registry: Invalidating templates model caches from write /home/pablo/odoo/odoo/addons/base/models/ir_ui_view.py:550 
2026-03-30 10:40:15,041 1467288 DEBUG ? odoo.modules.registry: Invalidating templates model caches from write /home/pablo/odoo/odoo/addons/base/models/ir_ui_view.py:550 
2026-03-30 10:40:15,057 1467288 DEBUG ? odoo.modules.registry: Invalidating templates model caches from write /home/pablo/odoo/odoo/addons/base/models/ir_ui_view.py:550 
2026-03-30 10:40:15,060 1467288 DEBUG ? odoo.modules.registry: Invalidating templates model caches from write /home/pablo/odoo/odoo/addons/base/models/ir_ui_view.py:550 
2026-03-30 10:40:15,071 1467288 DEBUG ? odoo.modules.registry: Invalidating templates model caches from write /home/pablo/odoo/odoo/addons/base/models/ir_ui_view.py:550 
2026-03-30 10:40:15,073 1467288 DEBUG ? odoo.modules.registry: Invalidating templates model caches from write /home/pablo/odoo/odoo/addons/base/models/ir_ui_view.py:550 
2026-03-30 10:40:15,081 1467288 DEBUG ? odoo.modules.registry: Invalidating templates model caches from write /home/pablo/odoo/odoo/addons/base/models/ir_ui_view.py:550 
2026-03-30 10:40:15,082 1467288 DEBUG ? odoo.modules.registry: Invalidating templates model caches from write /home/pablo/odoo/odoo/addons/base/models/ir_ui_view.py:550 
2026-03-30 10:40:15,095 1467288 DEBUG ? odoo.modules.registry: Invalidating templates model caches from write /home/pablo/odoo/odoo/addons/base/models/ir_ui_view.py:550 
2026-03-30 10:40:15,100 1467288 DEBUG ? odoo.modules.registry: Invalidating templates model caches from write /home/pablo/odoo/odoo/addons/base/models/ir_ui_view.py:550 
2026-03-30 10:40:15,118 1467288 DEBUG ? odoo.modules.registry: Invalidating templates model caches from write /home/pablo/odoo/odoo/addons/base/models/ir_ui_view.py:550 
2026-03-30 10:40:15,119 1467288 DEBUG ? odoo.modules.registry: Invalidating templates model caches from write /home/pablo/odoo/odoo/addons/base/models/ir_ui_view.py:550 
2026-03-30 10:40:15,124 1467288 INFO ? odoo.modules.loading: loading helpdesk_mgmt/views/helpdesk_ticket_time_line_views.xml 
2026-03-30 10:40:15,136 1467288 DEBUG ? odoo.modules.registry: Invalidating templates model caches from write /home/pablo/odoo/odoo/addons/base/models/ir_ui_view.py:550 
2026-03-30 10:40:15,137 1467288 DEBUG ? odoo.modules.registry: Invalidating templates model caches from write /home/pablo/odoo/odoo/addons/base/models/ir_ui_view.py:550 
2026-03-30 10:40:15,146 1467288 INFO ? odoo.modules.loading: loading helpdesk_mgmt/views/helpdesk_ticket_views.xml 
2026-03-30 10:40:15,154 1467288 DEBUG ? odoo.modules.registry: Invalidating default model caches from write /home/pablo/odoo/odoo/addons/base/models/ir_actions.py:114 
2026-03-30 10:40:15,158 1467288 DEBUG ? odoo.modules.registry: Invalidating default model caches from write /home/pablo/odoo/odoo/addons/base/models/ir_actions.py:114 
2026-03-30 10:40:15,164 1467288 DEBUG ? odoo.modules.registry: Invalidating templates model caches from write /home/pablo/odoo/odoo/addons/base/models/ir_ui_view.py:550 
2026-03-30 10:40:15,165 1467288 DEBUG ? odoo.modules.registry: Invalidating templates model caches from write /home/pablo/odoo/odoo/addons/base/models/ir_ui_view.py:550 
2026-03-30 10:40:15,183 1467288 DEBUG ? odoo.modules.registry: Invalidating templates model caches from write /home/pablo/odoo/odoo/addons/base/models/ir_ui_view.py:550 
2026-03-30 10:40:15,184 1467288 DEBUG ? odoo.modules.registry: Invalidating templates model caches from write /home/pablo/odoo/odoo/addons/base/models/ir_ui_view.py:550 
2026-03-30 10:40:15,190 1467288 DEBUG ? odoo.modules.registry: Invalidating templates model caches from write /home/pablo/odoo/odoo/addons/base/models/ir_ui_view.py:550 
2026-03-30 10:40:15,191 1467288 DEBUG ? odoo.modules.registry: Invalidating templates model caches from write /home/pablo/odoo/odoo/addons/base/models/ir_ui_view.py:550 
2026-03-30 10:40:15,202 1467288 DEBUG ? odoo.modules.registry: Invalidating templates model caches from write /home/pablo/odoo/odoo/addons/base/models/ir_ui_view.py:550 
2026-03-30 10:40:15,203 1467288 DEBUG ? odoo.modules.registry: Invalidating templates model caches from write /home/pablo/odoo/odoo/addons/base/models/ir_ui_view.py:550 
2026-03-30 10:40:15,211 1467288 DEBUG ? odoo.modules.registry: Invalidating templates model caches from write /home/pablo/odoo/odoo/addons/base/models/ir_ui_view.py:550 
2026-03-30 10:40:15,212 1467288 DEBUG ? odoo.modules.registry: Invalidating templates model caches from write /home/pablo/odoo/odoo/addons/base/models/ir_ui_view.py:550 
2026-03-30 10:40:15,221 1467288 DEBUG ? odoo.modules.registry: Invalidating templates model caches from write /home/pablo/odoo/odoo/addons/base/models/ir_ui_view.py:550 
2026-03-30 10:40:15,223 1467288 DEBUG ? odoo.modules.registry: Invalidating templates model caches from write /home/pablo/odoo/odoo/addons/base/models/ir_ui_view.py:550 
2026-03-30 10:40:15,230 1467288 DEBUG ? odoo.modules.registry: Invalidating templates model caches from write /home/pablo/odoo/odoo/addons/base/models/ir_ui_view.py:550 
2026-03-30 10:40:15,232 1467288 DEBUG ? odoo.modules.registry: Invalidating templates model caches from write /home/pablo/odoo/odoo/addons/base/models/ir_ui_view.py:550 
2026-03-30 10:40:15,254 1467288 DEBUG ? odoo.modules.registry: Invalidating templates model caches from write /home/pablo/odoo/odoo/addons/base/models/ir_ui_view.py:550 
2026-03-30 10:40:15,255 1467288 DEBUG ? odoo.modules.registry: Invalidating templates model caches from write /home/pablo/odoo/odoo/addons/base/models/ir_ui_view.py:550 
2026-03-30 10:40:15,270 1467288 DEBUG ? odoo.modules.registry: Invalidating templates model caches from write /home/pablo/odoo/odoo/addons/base/models/ir_ui_view.py:550 
2026-03-30 10:40:15,271 1467288 DEBUG ? odoo.modules.registry: Invalidating templates model caches from write /home/pablo/odoo/odoo/addons/base/models/ir_ui_view.py:550 
2026-03-30 10:40:15,290 1467288 DEBUG ? odoo.tools.convert: while parsing /home/pablo/odoo/addons/helpdesk/helpdesk_mgmt/views/helpdesk_ticket_views.xml:439
Error while parsing or validating view:

Element '<xpath expr="//header/button[@name=&#39;action_cancel_case&#39;]">' cannot be located in parent view

View error context:
{'file': '/home/pablo/odoo/addons/helpdesk/helpdesk_mgmt/views/helpdesk_ticket_views.xml',
 'line': 1,
 'name': 'helpdesk.ticket.form.resolution.ot',
 'view': ir.ui.view(1565,),
 'view.model': 'helpdesk.ticket',
 'view.parent': ir.ui.view(1552,),
 'xmlid': 'view_helpdesk_ticket_form_resolution'}
 
Traceback (most recent call last):
  File "/home/pablo/odoo/odoo/tools/convert.py", line 590, in _tag_root
    f(rec)
    ~^^^^^
  File "/home/pablo/odoo/odoo/tools/convert.py", line 444, in _tag_record
    record = model._load_records([data], self.mode == 'update')
  File "/home/pablo/odoo/odoo/models.py", line 5508, in _load_records
    data['record']._load_records_write(data['values'])
    ~~~~~~~~~~~~~~~~~~~~~~~~~~~~~~~~~~^^^^^^^^^^^^^^^^
  File "/home/pablo/odoo/odoo/addons/base/models/ir_ui_view.py", line 2311, in _load_records_write
    super(View, self)._load_records_write(values)
    ~~~~~~~~~~~~~~~~~~~~~~~~~~~~~~~~~~~~~^^^^^^^^
  File "/home/pablo/odoo/odoo/models.py", line 5426, in _load_records_write
    self.write(values)
    ~~~~~~~~~~^^^^^^^^
  File "/home/pablo/odoo/odoo/addons/base/models/ir_ui_view.py", line 554, in write
    res = super(View, self).write(self._compute_defaults(vals))
  File "/home/pablo/odoo/odoo/models.py", line 4845, in write
    fields[0].determine_inverse(real_recs)
    ~~~~~~~~~~~~~~~~~~~~~~~~~~~^^^^^^^^^^^
  File "/home/pablo/odoo/odoo/fields.py", line 1502, in determine_inverse
    determine(self.inverse, records)
    ~~~~~~~~~^^^^^^^^^^^^^^^^^^^^^^^
  File "/home/pablo/odoo/odoo/fields.py", line 110, in determine
    return needle(*args)
  File "/home/pablo/odoo/odoo/addons/base/models/ir_ui_view.py", line 262, in _inverse_arch
    view.write(data)
    ~~~~~~~~~~^^^^^^
  File "/home/pablo/odoo/odoo/addons/base/models/ir_ui_view.py", line 554, in write
    res = super(View, self).write(self._compute_defaults(vals))
  File "/home/pablo/odoo/odoo/models.py", line 4835, in write
    real_recs._validate_fields(vals, inverse_fields)
    ~~~~~~~~~~~~~~~~~~~~~~~~~~^^^^^^^^^^^^^^^^^^^^^^
  File "/home/pablo/odoo/odoo/models.py", line 1636, in _validate_fields
    check(self)
    ~~~~~^^^^^^
  File "/home/pablo/odoo/odoo/addons/base/models/ir_ui_view.py", line 377, in _check_xml
    raise err from None
  File "/home/pablo/odoo/odoo/addons/base/models/ir_ui_view.py", line 367, in _check_xml
    combined_arch = view._get_combined_arch()
  File "/home/pablo/odoo/odoo/addons/base/models/ir_ui_view.py", line 962, in _get_combined_arch
    arch = root.with_prefetch(tree_views._prefetch_ids)._combine(hierarchy)
  File "/home/pablo/odoo/odoo/addons/base/models/ir_ui_view.py", line 920, in _combine
    combined_arch = view.apply_inheritance_specs(combined_arch, arch)
  File "/home/pablo/odoo/odoo/addons/base/models/ir_ui_view.py", line 857, in apply_inheritance_specs
    self._raise_view_error(str(e), specs_tree)
    ~~~~~~~~~~~~~~~~~~~~~~^^^^^^^^^^^^^^^^^^^^
  File "/home/pablo/odoo/odoo/addons/base/models/ir_ui_view.py", line 734, in _raise_view_error
    raise err from from_exception
odoo.exceptions.ValidationError: Error while parsing or validating view:

Element '<xpath expr="//header/button[@name=&#39;action_cancel_case&#39;]">' cannot be located in parent view
2026-03-30 10:40:15,301 1467288 WARNING ? odoo.modules.loading: Transient module states were reset 
2026-03-30 10:40:15,301 1467288 ERROR ? odoo.modules.registry: Failed to load registry 
2026-03-30 10:40:15,302 1467288 ERROR ? odoo.http: Exception during request handling. 
Traceback (most recent call last):
  File "/home/pablo/odoo/odoo/http.py", line 2577, in __call__
    response = request._serve_db()
  File "/home/pablo/odoo/odoo/http.py", line 2081, in _serve_db
    self.registry, cr_readwrite = self._open_registry()
                                  ~~~~~~~~~~~~~~~~~~~^^
  File "/home/pablo/odoo/odoo/http.py", line 1690, in _open_registry
    registry = Registry(self.db)
  File "/home/pablo/odoo/odoo/modules/registry.py", line 108, in __new__
    return cls.new(db_name)
           ~~~~~~~^^^^^^^^^
  File "/home/pablo/odoo/.venv/lib/python3.13/site-packages/decorator.py", line 235, in fun
    return caller(func, *(extras + args), **kw)
  File "/home/pablo/odoo/odoo/tools/func.py", line 97, in locked
    return func(inst, *args, **kwargs)
  File "/home/pablo/odoo/odoo/modules/registry.py", line 129, in new
    odoo.modules.load_modules(registry, force_demo, status, update_module)
    ~~~~~~~~~~~~~~~~~~~~~~~~~^^^^^^^^^^^^^^^^^^^^^^^^^^^^^^^^^^^^^^^^^^^^^
  File "/home/pablo/odoo/odoo/modules/loading.py", line 485, in load_modules
    processed_modules += load_marked_modules(env, graph,
                         ~~~~~~~~~~~~~~~~~~~^^^^^^^^^^^^
        ['installed', 'to upgrade', 'to remove'],
        ^^^^^^^^^^^^^^^^^^^^^^^^^^^^^^^^^^^^^^^^^
        force, status, report, loaded_modules, update_module, models_to_check)
        ^^^^^^^^^^^^^^^^^^^^^^^^^^^^^^^^^^^^^^^^^^^^^^^^^^^^^^^^^^^^^^^^^^^^^^
  File "/home/pablo/odoo/odoo/modules/loading.py", line 365, in load_marked_modules
    loaded, processed = load_module_graph(
                        ~~~~~~~~~~~~~~~~~^
        env, graph, progressdict, report=report, skip_modules=loaded_modules,
        ^^^^^^^^^^^^^^^^^^^^^^^^^^^^^^^^^^^^^^^^^^^^^^^^^^^^^^^^^^^^^^^^^^^^^
        perform_checks=perform_checks, models_to_check=models_to_check
        ^^^^^^^^^^^^^^^^^^^^^^^^^^^^^^^^^^^^^^^^^^^^^^^^^^^^^^^^^^^^^^
    )
    ^
  File "/home/pablo/odoo/odoo/modules/loading.py", line 228, in load_module_graph
    load_data(env, idref, mode, kind='data', package=package)
    ~~~~~~~~~^^^^^^^^^^^^^^^^^^^^^^^^^^^^^^^^^^^^^^^^^^^^^^^^
  File "/home/pablo/odoo/odoo/modules/loading.py", line 72, in load_data
    tools.convert_file(env, package.name, filename, idref, mode, noupdate, kind)
    ~~~~~~~~~~~~~~~~~~^^^^^^^^^^^^^^^^^^^^^^^^^^^^^^^^^^^^^^^^^^^^^^^^^^^^^^^^^^
  File "/home/pablo/odoo/odoo/tools/convert.py", line 662, in convert_file
    convert_xml_import(env, module, fp, idref, mode, noupdate)
    ~~~~~~~~~~~~~~~~~~^^^^^^^^^^^^^^^^^^^^^^^^^^^^^^^^^^^^^^^^
  File "/home/pablo/odoo/odoo/tools/convert.py", line 733, in convert_xml_import
    obj.parse(doc.getroot())
    ~~~~~~~~~^^^^^^^^^^^^^^^
  File "/home/pablo/odoo/odoo/tools/convert.py", line 648, in parse
    self._tag_root(de)
    ~~~~~~~~~~~~~~^^^^
  File "/home/pablo/odoo/odoo/tools/convert.py", line 601, in _tag_root
    raise ParseError(msg) from None  # Restart with "--log-handler odoo.tools.convert:DEBUG" for complete traceback
    ^^^^^^^^^^^^^^^^^^^^^^^^^^^^^^^
odoo.tools.convert.ParseError: while parsing /home/pablo/odoo/addons/helpdesk/helpdesk_mgmt/views/helpdesk_ticket_views.xml:439
Error while parsing or validating view:

Element '<xpath expr="//header/button[@name=&#39;action_cancel_case&#39;]">' cannot be located in parent view

View error context:
{'file': '/home/pablo/odoo/addons/helpdesk/helpdesk_mgmt/views/helpdesk_ticket_views.xml',
 'line': 1,
 'name': 'helpdesk.ticket.form.resolution.ot',
 'view': ir.ui.view(1565,),
 'view.model': 'helpdesk.ticket',
 'view.parent': ir.ui.view(1552,),
 'xmlid': 'view_helpdesk_ticket_form_resolution'}

2026-03-30 10:40:15,308 1467288 INFO ? werkzeug: 127.0.0.1 - - [30/Mar/2026 10:40:15] "GET /.well-known/appspecific/com.chrome.devtools.json HTTP/1.1" 500 - 797 1.255 2.150
2026-03-30 10:40:36,934 1467288 DEBUG ? odoo.modules.registry: Multiprocess load registry signaling: [Registry: 26] [Cache default: 28] [Cache assets: 3] [Cache templates: 2] [Cache routing: 1] [Cache groups: 2] 
2026-03-30 10:40:36,937 1467288 INFO ? odoo.modules.loading: loading 1 modules... 
2026-03-30 10:40:36,938 1467288 DEBUG ? odoo.modules.loading: Loading module base (1/1) 
2026-03-30 10:40:36,951 1467288 DEBUG ? odoo.modules.loading: Module base loaded in 0.01s, 0 queries 
2026-03-30 10:40:36,956 1467288 INFO ? odoo.modules.loading: 1 modules loaded in 0.02s, 0 queries (+0 extra) 
2026-03-30 10:40:36,974 1467288 DEBUG ? odoo.modules.loading: Updating graph with 100 more modules 
2026-03-30 10:40:36,975 1467288 INFO ? odoo.modules.loading: loading 101 modules... 
2026-03-30 10:40:36,976 1467288 DEBUG ? odoo.modules.loading: Loading module l10n_us (2/101) 
2026-03-30 10:40:36,976 1467288 DEBUG ? odoo.modules.loading: Module l10n_us loaded in 0.00s, 0 queries 
2026-03-30 10:40:36,977 1467288 DEBUG ? odoo.modules.loading: Loading module social_media (3/101) 
2026-03-30 10:40:36,977 1467288 DEBUG ? odoo.modules.loading: Module social_media loaded in 0.00s, 0 queries 
2026-03-30 10:40:36,977 1467288 DEBUG ? odoo.modules.loading: Loading module uom (4/101) 
2026-03-30 10:40:36,977 1467288 DEBUG ? odoo.modules.loading: Module uom loaded in 0.00s, 0 queries 
2026-03-30 10:40:36,978 1467288 DEBUG ? odoo.modules.loading: Loading module web (5/101) 
2026-03-30 10:40:36,980 1467288 DEBUG ? odoo.modules.loading: Module web loaded in 0.00s, 0 queries 
2026-03-30 10:40:36,980 1467288 DEBUG ? odoo.modules.loading: Loading module auth_totp (6/101) 
2026-03-30 10:40:36,981 1467288 DEBUG ? odoo.modules.loading: Module auth_totp loaded in 0.00s, 0 queries 
2026-03-30 10:40:36,981 1467288 DEBUG ? odoo.modules.loading: Loading module barcodes (7/101) 
2026-03-30 10:40:36,981 1467288 DEBUG ? odoo.modules.loading: Module barcodes loaded in 0.00s, 0 queries 
2026-03-30 10:40:36,981 1467288 DEBUG ? odoo.modules.loading: Loading module base_import (8/101) 
2026-03-30 10:40:36,983 1467288 DEBUG ? odoo.modules.loading: Module base_import loaded in 0.00s, 0 queries 
2026-03-30 10:40:36,984 1467288 DEBUG ? odoo.modules.loading: Loading module base_import_module (9/101) 
2026-03-30 10:40:36,984 1467288 DEBUG ? odoo.modules.loading: Module base_import_module loaded in 0.00s, 0 queries 
2026-03-30 10:40:36,984 1467288 DEBUG ? odoo.modules.loading: Loading module base_setup (10/101) 
2026-03-30 10:40:36,985 1467288 DEBUG ? odoo.modules.loading: Module base_setup loaded in 0.00s, 0 queries 
2026-03-30 10:40:36,985 1467288 DEBUG ? odoo.modules.loading: Loading module bus (11/101) 
2026-03-30 10:40:36,985 1467288 DEBUG ? odoo.modules.loading: Module bus loaded in 0.00s, 0 queries 
2026-03-30 10:40:36,986 1467288 DEBUG ? odoo.modules.loading: Loading module http_routing (12/101) 
2026-03-30 10:40:36,986 1467288 DEBUG ? odoo.modules.loading: Module http_routing loaded in 0.00s, 0 queries 
2026-03-30 10:40:36,986 1467288 DEBUG ? odoo.modules.loading: Loading module onboarding (13/101) 
2026-03-30 10:40:36,987 1467288 DEBUG ? odoo.modules.loading: Module onboarding loaded in 0.00s, 0 queries 
2026-03-30 10:40:36,988 1467288 DEBUG ? odoo.modules.loading: Loading module resource (14/101) 
2026-03-30 10:40:36,988 1467288 DEBUG ? odoo.modules.loading: Module resource loaded in 0.00s, 0 queries 
2026-03-30 10:40:36,988 1467288 DEBUG ? odoo.modules.loading: Loading module utm (15/101) 
2026-03-30 10:40:36,989 1467288 DEBUG ? odoo.modules.loading: Module utm loaded in 0.00s, 0 queries 
2026-03-30 10:40:36,989 1467288 DEBUG ? odoo.modules.loading: Loading module web_hierarchy (16/101) 
2026-03-30 10:40:36,993 1467288 DEBUG ? odoo.modules.loading: Module web_hierarchy loaded in 0.00s, 0 queries 
2026-03-30 10:40:36,993 1467288 DEBUG ? odoo.modules.loading: Loading module web_tour (17/101) 
2026-03-30 10:40:36,994 1467288 DEBUG ? odoo.modules.loading: Module web_tour loaded in 0.00s, 0 queries 
2026-03-30 10:40:36,994 1467288 DEBUG ? odoo.modules.loading: Loading module barcodes_gs1_nomenclature (18/101) 
2026-03-30 10:40:36,994 1467288 DEBUG ? odoo.modules.loading: Module barcodes_gs1_nomenclature loaded in 0.00s, 0 queries 
2026-03-30 10:40:36,995 1467288 DEBUG ? odoo.modules.loading: Loading module html_editor (19/101) 
2026-03-30 10:40:36,995 1467288 DEBUG ? odoo.modules.loading: Module html_editor loaded in 0.00s, 0 queries 
2026-03-30 10:40:36,995 1467288 DEBUG ? odoo.modules.loading: Loading module iap (20/101) 
2026-03-30 10:40:36,996 1467288 DEBUG ? odoo.modules.loading: Module iap loaded in 0.00s, 0 queries 
2026-03-30 10:40:36,996 1467288 DEBUG ? odoo.modules.loading: Loading module mail (21/101) 
2026-03-30 10:40:37,003 1467288 DEBUG ? odoo.modules.loading: Module mail loaded in 0.01s, 0 queries 
2026-03-30 10:40:37,004 1467288 DEBUG ? odoo.modules.loading: Loading module web_editor (22/101) 
2026-03-30 10:40:37,013 1467288 DEBUG ? odoo.modules.loading: Module web_editor loaded in 0.01s, 0 queries 
2026-03-30 10:40:37,013 1467288 DEBUG ? odoo.modules.loading: Loading module analytic (23/101) 
2026-03-30 10:40:37,014 1467288 DEBUG ? odoo.modules.loading: Module analytic loaded in 0.00s, 0 queries 
2026-03-30 10:40:37,014 1467288 DEBUG ? odoo.modules.loading: Loading module auth_signup (24/101) 
2026-03-30 10:40:37,014 1467288 DEBUG ? odoo.modules.loading: Module auth_signup loaded in 0.00s, 0 queries 
2026-03-30 10:40:37,015 1467288 DEBUG ? odoo.modules.loading: Loading module auth_totp_mail (25/101) 
2026-03-30 10:40:37,015 1467288 DEBUG ? odoo.modules.loading: Module auth_totp_mail loaded in 0.00s, 0 queries 
2026-03-30 10:40:37,015 1467288 DEBUG ? odoo.modules.loading: Loading module base_install_request (26/101) 
2026-03-30 10:40:37,017 1467288 DEBUG ? odoo.modules.loading: Module base_install_request loaded in 0.00s, 0 queries 
2026-03-30 10:40:37,018 1467288 DEBUG ? odoo.modules.loading: Loading module calendar (27/101) 
2026-03-30 10:40:37,019 1467288 DEBUG ? odoo.modules.loading: Module calendar loaded in 0.00s, 0 queries 
2026-03-30 10:40:37,020 1467288 DEBUG ? odoo.modules.loading: Loading module contacts (28/101) 
2026-03-30 10:40:37,020 1467288 DEBUG ? odoo.modules.loading: Module contacts loaded in 0.00s, 0 queries 
2026-03-30 10:40:37,020 1467288 DEBUG ? odoo.modules.loading: Loading module gamification (29/101) 
2026-03-30 10:40:37,021 1467288 DEBUG ? odoo.modules.loading: Module gamification loaded in 0.00s, 0 queries 
2026-03-30 10:40:37,022 1467288 DEBUG ? odoo.modules.loading: Loading module iap_mail (30/101) 
2026-03-30 10:40:37,022 1467288 DEBUG ? odoo.modules.loading: Module iap_mail loaded in 0.00s, 0 queries 
2026-03-30 10:40:37,022 1467288 DEBUG ? odoo.modules.loading: Loading module link_tracker (31/101) 
2026-03-30 10:40:37,022 1467288 DEBUG ? odoo.modules.loading: Module link_tracker loaded in 0.00s, 0 queries 
2026-03-30 10:40:37,023 1467288 DEBUG ? odoo.modules.loading: Loading module mail_bot (32/101) 
2026-03-30 10:40:37,023 1467288 DEBUG ? odoo.modules.loading: Module mail_bot loaded in 0.00s, 0 queries 
2026-03-30 10:40:37,023 1467288 DEBUG ? odoo.modules.loading: Loading module microsoft_outlook (33/101) 
2026-03-30 10:40:37,024 1467288 DEBUG ? odoo.modules.loading: Module microsoft_outlook loaded in 0.00s, 0 queries 
2026-03-30 10:40:37,024 1467288 DEBUG ? odoo.modules.loading: Loading module phone_validation (34/101) 
2026-03-30 10:40:37,030 1467288 DEBUG ? odoo.modules.loading: Module phone_validation loaded in 0.01s, 0 queries 
2026-03-30 10:40:37,031 1467288 DEBUG ? odoo.modules.loading: Loading module privacy_lookup (35/101) 
2026-03-30 10:40:37,032 1467288 DEBUG ? odoo.modules.loading: Module privacy_lookup loaded in 0.00s, 0 queries 
2026-03-30 10:40:37,032 1467288 DEBUG ? odoo.modules.loading: Loading module product (36/101) 
2026-03-30 10:40:37,039 1467288 DEBUG ? odoo.modules.loading: Module product loaded in 0.01s, 0 queries 
2026-03-30 10:40:37,039 1467288 DEBUG ? odoo.modules.loading: Loading module rating (37/101) 
2026-03-30 10:40:37,040 1467288 DEBUG ? odoo.modules.loading: Module rating loaded in 0.00s, 0 queries 
2026-03-30 10:40:37,040 1467288 DEBUG ? odoo.modules.loading: Loading module resource_mail (38/101) 
2026-03-30 10:40:37,040 1467288 DEBUG ? odoo.modules.loading: Module resource_mail loaded in 0.00s, 0 queries 
2026-03-30 10:40:37,040 1467288 DEBUG ? odoo.modules.loading: Loading module sales_team (39/101) 
2026-03-30 10:40:37,041 1467288 DEBUG ? odoo.modules.loading: Module sales_team loaded in 0.00s, 0 queries 
2026-03-30 10:40:37,041 1467288 DEBUG ? odoo.modules.loading: Loading module web_unsplash (40/101) 
2026-03-30 10:40:37,042 1467288 DEBUG ? odoo.modules.loading: Module web_unsplash loaded in 0.00s, 0 queries 
2026-03-30 10:40:37,042 1467288 DEBUG ? odoo.modules.loading: Loading module partner_autocomplete (41/101) 
2026-03-30 10:40:37,042 1467288 DEBUG ? odoo.modules.loading: Module partner_autocomplete loaded in 0.00s, 0 queries 
2026-03-30 10:40:37,042 1467288 DEBUG ? odoo.modules.loading: Loading module portal (42/101) 
2026-03-30 10:40:37,044 1467288 DEBUG ? odoo.modules.loading: Module portal loaded in 0.00s, 0 queries 
2026-03-30 10:40:37,044 1467288 DEBUG ? odoo.modules.loading: Loading module sms (43/101) 
2026-03-30 10:40:37,057 1467288 DEBUG ? odoo.modules.loading: Module sms loaded in 0.01s, 0 queries 
2026-03-30 10:40:37,057 1467288 DEBUG ? odoo.modules.loading: Loading module snailmail (44/101) 
2026-03-30 10:40:37,058 1467288 DEBUG ? odoo.modules.loading: Module snailmail loaded in 0.00s, 0 queries 
2026-03-30 10:40:37,058 1467288 DEBUG ? odoo.modules.loading: Loading module survey (45/101) 
2026-03-30 10:40:37,059 1467288 DEBUG ? odoo.modules.loading: Module survey loaded in 0.00s, 0 queries 
2026-03-30 10:40:37,060 1467288 DEBUG ? odoo.modules.loading: Loading module auth_totp_portal (46/101) 
2026-03-30 10:40:37,060 1467288 DEBUG ? odoo.modules.loading: Module auth_totp_portal loaded in 0.00s, 0 queries 
2026-03-30 10:40:37,060 1467288 DEBUG ? odoo.modules.loading: Loading module calendar_sms (47/101) 
2026-03-30 10:40:37,060 1467288 DEBUG ? odoo.modules.loading: Module calendar_sms loaded in 0.00s, 0 queries 
2026-03-30 10:40:37,061 1467288 DEBUG ? odoo.modules.loading: Loading module digest (48/101) 
2026-03-30 10:40:37,061 1467288 DEBUG ? odoo.modules.loading: Module digest loaded in 0.00s, 0 queries 
2026-03-30 10:40:37,063 1467288 DEBUG ? odoo.modules.loading: Loading module payment (49/101) 
2026-03-30 10:40:37,065 1467288 DEBUG ? odoo.modules.loading: Module payment loaded in 0.00s, 0 queries 
2026-03-30 10:40:37,066 1467288 DEBUG ? odoo.modules.loading: Loading module portal_rating (50/101) 
2026-03-30 10:40:37,067 1467288 DEBUG ? odoo.modules.loading: Module portal_rating loaded in 0.00s, 0 queries 
2026-03-30 10:40:37,067 1467288 DEBUG ? odoo.modules.loading: Loading module spreadsheet (51/101) 
2026-03-30 10:40:37,067 1467288 DEBUG ? odoo.modules.loading: Module spreadsheet loaded in 0.00s, 0 queries 
2026-03-30 10:40:37,068 1467288 DEBUG ? odoo.modules.loading: Loading module account (52/101) 
2026-03-30 10:40:37,075 1467288 DEBUG ? odoo.modules.loading: Module account loaded in 0.01s, 0 queries 
2026-03-30 10:40:37,075 1467288 DEBUG ? odoo.modules.loading: Loading module crm (53/101) 
2026-03-30 10:40:37,077 1467288 DEBUG ? odoo.modules.loading: Module crm loaded in 0.00s, 0 queries 
2026-03-30 10:40:37,078 1467288 DEBUG ? odoo.modules.loading: Loading module hr (54/101) 
2026-03-30 10:40:37,090 1467288 DEBUG ? odoo.modules.loading: Module hr loaded in 0.01s, 0 queries 
2026-03-30 10:40:37,090 1467288 DEBUG ? odoo.modules.loading: Loading module mass_mailing (55/101) 
2026-03-30 10:40:37,094 1467288 DEBUG ? odoo.modules.loading: Module mass_mailing loaded in 0.00s, 0 queries 
2026-03-30 10:40:37,094 1467288 DEBUG ? odoo.modules.loading: Loading module project (56/101) 
2026-03-30 10:40:37,096 1467288 DEBUG ? odoo.modules.loading: Module project loaded in 0.00s, 0 queries 
2026-03-30 10:40:37,096 1467288 DEBUG ? odoo.modules.loading: Loading module spreadsheet_dashboard (57/101) 
2026-03-30 10:40:37,097 1467288 DEBUG ? odoo.modules.loading: Module spreadsheet_dashboard loaded in 0.00s, 0 queries 
2026-03-30 10:40:37,097 1467288 DEBUG ? odoo.modules.loading: Loading module stock (58/101) 
2026-03-30 10:40:37,103 1467288 DEBUG ? odoo.modules.loading: Module stock loaded in 0.01s, 0 queries 
2026-03-30 10:40:37,103 1467288 DEBUG ? odoo.modules.loading: Loading module account_add_gln (59/101) 
2026-03-30 10:40:37,103 1467288 DEBUG ? odoo.modules.loading: Module account_add_gln loaded in 0.00s, 0 queries 
2026-03-30 10:40:37,104 1467288 DEBUG ? odoo.modules.loading: Loading module account_edi_ubl_cii (60/101) 
2026-03-30 10:40:37,105 1467288 DEBUG ? odoo.modules.loading: Module account_edi_ubl_cii loaded in 0.00s, 0 queries 
2026-03-30 10:40:37,106 1467288 DEBUG ? odoo.modules.loading: Loading module account_payment (61/101) 
2026-03-30 10:40:37,107 1467288 DEBUG ? odoo.modules.loading: Module account_payment loaded in 0.00s, 0 queries 
2026-03-30 10:40:37,107 1467288 DEBUG ? odoo.modules.loading: Loading module base_iban (62/101) 
2026-03-30 10:40:37,108 1467288 DEBUG ? odoo.modules.loading: Module base_iban loaded in 0.00s, 0 queries 
2026-03-30 10:40:37,108 1467288 DEBUG ? odoo.modules.loading: Loading module base_vat (63/101) 
2026-03-30 10:40:37,109 1467288 DEBUG ? odoo.modules.loading: Module base_vat loaded in 0.00s, 0 queries 
2026-03-30 10:40:37,109 1467288 DEBUG ? odoo.modules.loading: Loading module board (64/101) 
2026-03-30 10:40:37,110 1467288 DEBUG ? odoo.modules.loading: Module board loaded in 0.00s, 0 queries 
2026-03-30 10:40:37,111 1467288 DEBUG ? odoo.modules.loading: Loading module crm_sms (65/101) 
2026-03-30 10:40:37,111 1467288 DEBUG ? odoo.modules.loading: Module crm_sms loaded in 0.00s, 0 queries 
2026-03-30 10:40:37,111 1467288 DEBUG ? odoo.modules.loading: Loading module hr_calendar (66/101) 
2026-03-30 10:40:37,112 1467288 DEBUG ? odoo.modules.loading: Module hr_calendar loaded in 0.00s, 0 queries 
2026-03-30 10:40:37,112 1467288 DEBUG ? odoo.modules.loading: Loading module hr_gamification (67/101) 
2026-03-30 10:40:37,114 1467288 DEBUG ? odoo.modules.loading: Module hr_gamification loaded in 0.00s, 0 queries 
2026-03-30 10:40:37,114 1467288 DEBUG ? odoo.modules.loading: Loading module hr_org_chart (68/101) 
2026-03-30 10:40:37,114 1467288 DEBUG ? odoo.modules.loading: Module hr_org_chart loaded in 0.00s, 0 queries 
2026-03-30 10:40:37,114 1467288 DEBUG ? odoo.modules.loading: Loading module hr_skills (69/101) 
2026-03-30 10:40:37,116 1467288 DEBUG ? odoo.modules.loading: Module hr_skills loaded in 0.00s, 0 queries 
2026-03-30 10:40:37,116 1467288 DEBUG ? odoo.modules.loading: Loading module iap_crm (70/101) 
2026-03-30 10:40:37,116 1467288 DEBUG ? odoo.modules.loading: Module iap_crm loaded in 0.00s, 0 queries 
2026-03-30 10:40:37,116 1467288 DEBUG ? odoo.modules.loading: Loading module l10n_us_account (71/101) 
2026-03-30 10:40:37,116 1467288 DEBUG ? odoo.modules.loading: Module l10n_us_account loaded in 0.00s, 0 queries 
2026-03-30 10:40:37,117 1467288 DEBUG ? odoo.modules.loading: Loading module mail_bot_hr (72/101) 
2026-03-30 10:40:37,117 1467288 DEBUG ? odoo.modules.loading: Module mail_bot_hr loaded in 0.00s, 0 queries 
2026-03-30 10:40:37,117 1467288 DEBUG ? odoo.modules.loading: Loading module mass_mailing_crm (73/101) 
2026-03-30 10:40:37,117 1467288 DEBUG ? odoo.modules.loading: Module mass_mailing_crm loaded in 0.00s, 0 queries 
2026-03-30 10:40:37,117 1467288 DEBUG ? odoo.modules.loading: Loading module mass_mailing_themes (74/101) 
2026-03-30 10:40:37,118 1467288 DEBUG ? odoo.modules.loading: Module mass_mailing_themes loaded in 0.00s, 0 queries 
2026-03-30 10:40:37,118 1467288 DEBUG ? odoo.modules.loading: Loading module project_account (75/101) 
2026-03-30 10:40:37,118 1467288 DEBUG ? odoo.modules.loading: Module project_account loaded in 0.00s, 0 queries 
2026-03-30 10:40:37,118 1467288 DEBUG ? odoo.modules.loading: Loading module project_sms (76/101) 
2026-03-30 10:40:37,119 1467288 DEBUG ? odoo.modules.loading: Module project_sms loaded in 0.00s, 0 queries 
2026-03-30 10:40:37,119 1467288 DEBUG ? odoo.modules.loading: Loading module project_stock (77/101) 
2026-03-30 10:40:37,119 1467288 DEBUG ? odoo.modules.loading: Module project_stock loaded in 0.00s, 0 queries 
2026-03-30 10:40:37,119 1467288 DEBUG ? odoo.modules.loading: Loading module project_todo (78/101) 
2026-03-30 10:40:37,120 1467288 DEBUG ? odoo.modules.loading: Module project_todo loaded in 0.00s, 0 queries 
2026-03-30 10:40:37,120 1467288 DEBUG ? odoo.modules.loading: Loading module purchase (79/101) 
2026-03-30 10:40:37,122 1467288 DEBUG ? odoo.modules.loading: Module purchase loaded in 0.00s, 0 queries 
2026-03-30 10:40:37,122 1467288 DEBUG ? odoo.modules.loading: Loading module snailmail_account (80/101) 
2026-03-30 10:40:37,122 1467288 DEBUG ? odoo.modules.loading: Module snailmail_account loaded in 0.00s, 0 queries 
2026-03-30 10:40:37,122 1467288 DEBUG ? odoo.modules.loading: Loading module spreadsheet_account (81/101) 
2026-03-30 10:40:37,123 1467288 DEBUG ? odoo.modules.loading: Module spreadsheet_account loaded in 0.00s, 0 queries 
2026-03-30 10:40:37,123 1467288 DEBUG ? odoo.modules.loading: Loading module spreadsheet_dashboard_account (82/101) 
2026-03-30 10:40:37,123 1467288 DEBUG ? odoo.modules.loading: Module spreadsheet_dashboard_account loaded in 0.00s, 0 queries 
2026-03-30 10:40:37,123 1467288 DEBUG ? odoo.modules.loading: Loading module stock_account (83/101) 
2026-03-30 10:40:37,126 1467288 DEBUG ? odoo.modules.loading: Module stock_account loaded in 0.00s, 0 queries 
2026-03-30 10:40:37,126 1467288 DEBUG ? odoo.modules.loading: Loading module stock_sms (84/101) 
2026-03-30 10:40:37,127 1467288 DEBUG ? odoo.modules.loading: Module stock_sms loaded in 0.00s, 0 queries 
2026-03-30 10:40:37,127 1467288 DEBUG ? odoo.modules.loading: Loading module account_qr_code_sepa (85/101) 
2026-03-30 10:40:37,128 1467288 DEBUG ? odoo.modules.loading: Module account_qr_code_sepa loaded in 0.00s, 0 queries 
2026-03-30 10:40:37,128 1467288 DEBUG ? odoo.modules.loading: Loading module crm_iap_enrich (86/101) 
2026-03-30 10:40:37,129 1467288 DEBUG ? odoo.modules.loading: Module crm_iap_enrich loaded in 0.00s, 0 queries 
2026-03-30 10:40:37,129 1467288 DEBUG ? odoo.modules.loading: Loading module crm_iap_mine (87/101) 
2026-03-30 10:40:37,131 1467288 DEBUG ? odoo.modules.loading: Module crm_iap_mine loaded in 0.00s, 0 queries 
2026-03-30 10:40:37,131 1467288 INFO ? odoo.modules.loading: Loading module helpdesk_mgmt (88/101) 
2026-03-30 10:40:37,694 1467288 INFO ? odoo.modules.registry: module helpdesk_mgmt: creating or updating database tables 
2026-03-30 10:40:37,955 1467288 DEBUG ? odoo.models: Table 'res_company': setting default value of new column fiscalyear_last_day to 31 
2026-03-30 10:40:37,956 1467288 DEBUG ? odoo.models: Table 'res_company': setting default value of new column fiscalyear_last_month to '12' 
2026-03-30 10:40:37,957 1467288 DEBUG ? odoo.models: Table 'res_company': setting default value of new column account_price_include to 'tax_excluded' 
2026-03-30 10:40:37,961 1467288 DEBUG ? odoo.models: Table 'res_company': setting default value of new column account_opening_date to '2026-01-01' 
2026-03-30 10:40:37,962 1467288 DEBUG ? odoo.models: Table 'res_company': setting default value of new column po_lead to 0.0 
2026-03-30 10:40:37,989 1467288 DEBUG ? odoo.models: Table 'res_config_settings': setting default value of new column company_id to 1 
2026-03-30 10:40:38,023 1467288 DEBUG ? odoo.models: Table 'res_partner': setting default value of new column autopost_bills to 'ask' 
2026-03-30 10:40:38,046 1467288 DEBUG ? odoo.models: Table 'res_users': setting default value of new column notification_type to 'email' 
2026-03-30 10:40:38,081 1467288 WARNING ? odoo.addons.base.models.ir_model: Two fields (case_number, number) of helpdesk.ticket() have the same label: Número de caso. [Modules: helpdesk_mgmt and helpdesk_mgmt] 
2026-03-30 10:40:38,082 1467288 WARNING ? odoo.addons.base.models.ir_model: Two fields (subject_id, subject) of helpdesk.ticket() have the same label: Asunto. [Modules: helpdesk_mgmt and helpdesk_mgmt] 
2026-03-30 10:40:38,082 1467288 WARNING ? odoo.addons.base.models.ir_model: Two fields (state_reason_id, state_reason) of helpdesk.ticket() have the same label: Razón para el estado. [Modules: helpdesk_mgmt and helpdesk_mgmt] 
2026-03-30 10:40:38,542 1467288 DEBUG ? odoo.schema: Table 'res_company': column 'fiscalyear_last_day': added constraint NOT NULL 
2026-03-30 10:40:38,544 1467288 DEBUG ? odoo.schema: Table 'res_company': column 'fiscalyear_last_month': added constraint NOT NULL 
2026-03-30 10:40:38,545 1467288 DEBUG ? odoo.schema: Table 'res_company': column 'account_price_include': added constraint NOT NULL 
2026-03-30 10:40:38,547 1467288 DEBUG ? odoo.schema: Table 'res_company': column 'account_opening_date': added constraint NOT NULL 
2026-03-30 10:40:38,548 1467288 DEBUG ? odoo.schema: Table 'res_company': column 'po_lead': added constraint NOT NULL 
2026-03-30 10:40:38,549 1467288 DEBUG ? odoo.schema: Table 'res_config_settings': column 'company_id': added constraint NOT NULL 
2026-03-30 10:40:38,562 1467288 DEBUG ? odoo.schema: Table 'res_partner': column 'autopost_bills': added constraint NOT NULL 
2026-03-30 10:40:38,574 1467288 DEBUG ? odoo.schema: Table 'res_users': column 'notification_type': added constraint NOT NULL 
2026-03-30 10:40:38,579 1467288 INFO ? odoo.schema: Keep unexpected index helpdesk_ticket__priority_index on table helpdesk_ticket 
2026-03-30 10:40:38,579 1467288 INFO ? odoo.schema: Keep unexpected index helpdesk_ticket__state_index on table helpdesk_ticket 
2026-03-30 10:40:38,580 1467288 INFO ? odoo.schema: Keep unexpected index helpdesk_ticket__subject_id_index on table helpdesk_ticket 
2026-03-30 10:40:38,596 1467288 INFO ? odoo.modules.loading: loading helpdesk_mgmt/data/helpdesk_data.xml 
2026-03-30 10:40:38,605 1467288 DEBUG ? odoo.modules.registry: Invalidating templates model caches from write /home/pablo/odoo/odoo/addons/base/models/ir_ui_view.py:550 
2026-03-30 10:40:38,608 1467288 DEBUG ? odoo.modules.registry: Invalidating templates model caches from write /home/pablo/odoo/odoo/addons/base/models/ir_ui_view.py:550 
2026-03-30 10:40:38,701 1467288 INFO ? odoo.modules.loading: loading helpdesk_mgmt/security/helpdesk_security.xml 
2026-03-30 10:40:38,712 1467288 DEBUG ? odoo.modules.registry: Invalidating default model caches from call_cache_clearing_methods /home/pablo/odoo/odoo/addons/base/models/ir_model.py:2183 
2026-03-30 10:40:38,779 1467288 DEBUG ? odoo.modules.registry: Invalidating groups model caches from write /home/pablo/odoo/odoo/addons/base/models/res_users.py:1539 
2026-03-30 10:40:38,780 1467288 DEBUG ? odoo.modules.registry: Invalidating default model caches from write /home/pablo/odoo/odoo/addons/base/models/res_users.py:1681 
2026-03-30 10:40:38,782 1467288 DEBUG ? odoo.modules.registry: Invalidating groups model caches from _update_xmlids /home/pablo/odoo/odoo/addons/base/models/ir_model.py:2414 
2026-03-30 10:40:38,793 1467288 DEBUG ? odoo.modules.registry: Invalidating default model caches from call_cache_clearing_methods /home/pablo/odoo/odoo/addons/base/models/ir_model.py:2183 
2026-03-30 10:40:38,829 1467288 DEBUG ? odoo.modules.registry: Invalidating groups model caches from write /home/pablo/odoo/odoo/addons/base/models/res_users.py:1539 
2026-03-30 10:40:38,829 1467288 DEBUG ? odoo.modules.registry: Invalidating default model caches from write /home/pablo/odoo/odoo/addons/base/models/res_users.py:1681 
2026-03-30 10:40:38,830 1467288 DEBUG ? odoo.modules.registry: Invalidating groups model caches from _update_xmlids /home/pablo/odoo/odoo/addons/base/models/ir_model.py:2414 
2026-03-30 10:40:38,834 1467288 DEBUG ? odoo.modules.registry: Invalidating default model caches from call_cache_clearing_methods /home/pablo/odoo/odoo/addons/base/models/ir_model.py:2183 
2026-03-30 10:40:38,881 1467288 DEBUG ? odoo.modules.registry: Invalidating groups model caches from write /home/pablo/odoo/odoo/addons/base/models/res_users.py:1539 
2026-03-30 10:40:38,881 1467288 DEBUG ? odoo.modules.registry: Invalidating default model caches from write /home/pablo/odoo/odoo/addons/base/models/res_users.py:1681 
2026-03-30 10:40:38,882 1467288 DEBUG ? odoo.modules.registry: Invalidating groups model caches from _update_xmlids /home/pablo/odoo/odoo/addons/base/models/ir_model.py:2414 
2026-03-30 10:40:38,886 1467288 DEBUG ? odoo.modules.registry: Invalidating default model caches from call_cache_clearing_methods /home/pablo/odoo/odoo/addons/base/models/ir_model.py:2183 
2026-03-30 10:40:38,939 1467288 DEBUG ? odoo.modules.registry: Invalidating groups model caches from write /home/pablo/odoo/odoo/addons/base/models/res_users.py:1539 
2026-03-30 10:40:38,939 1467288 DEBUG ? odoo.modules.registry: Invalidating default model caches from write /home/pablo/odoo/odoo/addons/base/models/res_users.py:1681 
2026-03-30 10:40:38,941 1467288 DEBUG ? odoo.modules.registry: Invalidating groups model caches from _update_xmlids /home/pablo/odoo/odoo/addons/base/models/ir_model.py:2414 
2026-03-30 10:40:38,963 1467288 INFO ? odoo.modules.loading: loading helpdesk_mgmt/security/ir.model.access.csv 
2026-03-30 10:40:39,052 1467288 DEBUG ? odoo.modules.registry: Invalidating default model caches from call_cache_clearing_methods /home/pablo/odoo/odoo/addons/base/models/ir_model.py:2183 
2026-03-30 10:40:39,059 1467288 DEBUG ? odoo.modules.registry: Invalidating default model caches from call_cache_clearing_methods /home/pablo/odoo/odoo/addons/base/models/ir_model.py:2183 
2026-03-30 10:40:39,061 1467288 DEBUG ? odoo.modules.registry: Invalidating default model caches from call_cache_clearing_methods /home/pablo/odoo/odoo/addons/base/models/ir_model.py:2183 
2026-03-30 10:40:39,064 1467288 DEBUG ? odoo.modules.registry: Invalidating default model caches from call_cache_clearing_methods /home/pablo/odoo/odoo/addons/base/models/ir_model.py:2183 
2026-03-30 10:40:39,078 1467288 DEBUG ? odoo.modules.registry: Invalidating default model caches from call_cache_clearing_methods /home/pablo/odoo/odoo/addons/base/models/ir_model.py:2183 
2026-03-30 10:40:39,080 1467288 DEBUG ? odoo.modules.registry: Invalidating default model caches from call_cache_clearing_methods /home/pablo/odoo/odoo/addons/base/models/ir_model.py:2183 
2026-03-30 10:40:39,082 1467288 DEBUG ? odoo.modules.registry: Invalidating default model caches from call_cache_clearing_methods /home/pablo/odoo/odoo/addons/base/models/ir_model.py:2183 
2026-03-30 10:40:39,084 1467288 DEBUG ? odoo.modules.registry: Invalidating default model caches from call_cache_clearing_methods /home/pablo/odoo/odoo/addons/base/models/ir_model.py:2183 
2026-03-30 10:40:39,089 1467288 DEBUG ? odoo.modules.registry: Invalidating default model caches from call_cache_clearing_methods /home/pablo/odoo/odoo/addons/base/models/ir_model.py:2183 
2026-03-30 10:40:39,094 1467288 DEBUG ? odoo.modules.registry: Invalidating default model caches from call_cache_clearing_methods /home/pablo/odoo/odoo/addons/base/models/ir_model.py:2183 
2026-03-30 10:40:39,099 1467288 DEBUG ? odoo.modules.registry: Invalidating default model caches from call_cache_clearing_methods /home/pablo/odoo/odoo/addons/base/models/ir_model.py:2183 
2026-03-30 10:40:39,101 1467288 DEBUG ? odoo.modules.registry: Invalidating default model caches from call_cache_clearing_methods /home/pablo/odoo/odoo/addons/base/models/ir_model.py:2183 
2026-03-30 10:40:39,107 1467288 DEBUG ? odoo.modules.registry: Invalidating default model caches from call_cache_clearing_methods /home/pablo/odoo/odoo/addons/base/models/ir_model.py:2183 
2026-03-30 10:40:39,109 1467288 DEBUG ? odoo.modules.registry: Invalidating default model caches from call_cache_clearing_methods /home/pablo/odoo/odoo/addons/base/models/ir_model.py:2183 
2026-03-30 10:40:39,111 1467288 DEBUG ? odoo.modules.registry: Invalidating default model caches from call_cache_clearing_methods /home/pablo/odoo/odoo/addons/base/models/ir_model.py:2183 
2026-03-30 10:40:39,112 1467288 DEBUG ? odoo.modules.registry: Invalidating default model caches from call_cache_clearing_methods /home/pablo/odoo/odoo/addons/base/models/ir_model.py:2183 
2026-03-30 10:40:39,114 1467288 DEBUG ? odoo.modules.registry: Invalidating default model caches from call_cache_clearing_methods /home/pablo/odoo/odoo/addons/base/models/ir_model.py:2183 
2026-03-30 10:40:39,116 1467288 DEBUG ? odoo.modules.registry: Invalidating default model caches from call_cache_clearing_methods /home/pablo/odoo/odoo/addons/base/models/ir_model.py:2183 
2026-03-30 10:40:39,117 1467288 DEBUG ? odoo.modules.registry: Invalidating default model caches from call_cache_clearing_methods /home/pablo/odoo/odoo/addons/base/models/ir_model.py:2183 
2026-03-30 10:40:39,126 1467288 DEBUG ? odoo.modules.registry: Invalidating default model caches from call_cache_clearing_methods /home/pablo/odoo/odoo/addons/base/models/ir_model.py:2183 
2026-03-30 10:40:39,128 1467288 DEBUG ? odoo.modules.registry: Invalidating default model caches from call_cache_clearing_methods /home/pablo/odoo/odoo/addons/base/models/ir_model.py:2183 
2026-03-30 10:40:39,130 1467288 DEBUG ? odoo.modules.registry: Invalidating default model caches from call_cache_clearing_methods /home/pablo/odoo/odoo/addons/base/models/ir_model.py:2183 
2026-03-30 10:40:39,143 1467288 DEBUG ? odoo.modules.registry: Invalidating default model caches from call_cache_clearing_methods /home/pablo/odoo/odoo/addons/base/models/ir_model.py:2183 
2026-03-30 10:40:39,148 1467288 DEBUG ? odoo.modules.registry: Invalidating default model caches from call_cache_clearing_methods /home/pablo/odoo/odoo/addons/base/models/ir_model.py:2183 
2026-03-30 10:40:39,150 1467288 DEBUG ? odoo.modules.registry: Invalidating default model caches from call_cache_clearing_methods /home/pablo/odoo/odoo/addons/base/models/ir_model.py:2183 
2026-03-30 10:40:39,151 1467288 DEBUG ? odoo.modules.registry: Invalidating default model caches from call_cache_clearing_methods /home/pablo/odoo/odoo/addons/base/models/ir_model.py:2183 
2026-03-30 10:40:39,160 1467288 DEBUG ? odoo.modules.registry: Invalidating default model caches from call_cache_clearing_methods /home/pablo/odoo/odoo/addons/base/models/ir_model.py:2183 
2026-03-30 10:40:39,162 1467288 DEBUG ? odoo.modules.registry: Invalidating default model caches from call_cache_clearing_methods /home/pablo/odoo/odoo/addons/base/models/ir_model.py:2183 
2026-03-30 10:40:39,164 1467288 DEBUG ? odoo.modules.registry: Invalidating default model caches from call_cache_clearing_methods /home/pablo/odoo/odoo/addons/base/models/ir_model.py:2183 
2026-03-30 10:40:39,165 1467288 DEBUG ? odoo.modules.registry: Invalidating default model caches from call_cache_clearing_methods /home/pablo/odoo/odoo/addons/base/models/ir_model.py:2183 
2026-03-30 10:40:39,167 1467288 DEBUG ? odoo.modules.registry: Invalidating default model caches from call_cache_clearing_methods /home/pablo/odoo/odoo/addons/base/models/ir_model.py:2183 
2026-03-30 10:40:39,168 1467288 DEBUG ? odoo.modules.registry: Invalidating default model caches from call_cache_clearing_methods /home/pablo/odoo/odoo/addons/base/models/ir_model.py:2183 
2026-03-30 10:40:39,170 1467288 DEBUG ? odoo.modules.registry: Invalidating default model caches from call_cache_clearing_methods /home/pablo/odoo/odoo/addons/base/models/ir_model.py:2183 
2026-03-30 10:40:39,171 1467288 DEBUG ? odoo.modules.registry: Invalidating default model caches from call_cache_clearing_methods /home/pablo/odoo/odoo/addons/base/models/ir_model.py:2183 
2026-03-30 10:40:39,173 1467288 DEBUG ? odoo.modules.registry: Invalidating default model caches from call_cache_clearing_methods /home/pablo/odoo/odoo/addons/base/models/ir_model.py:2183 
2026-03-30 10:40:39,175 1467288 DEBUG ? odoo.modules.registry: Invalidating default model caches from call_cache_clearing_methods /home/pablo/odoo/odoo/addons/base/models/ir_model.py:2183 
2026-03-30 10:40:39,176 1467288 DEBUG ? odoo.modules.registry: Invalidating default model caches from call_cache_clearing_methods /home/pablo/odoo/odoo/addons/base/models/ir_model.py:2183 
2026-03-30 10:40:39,180 1467288 INFO ? odoo.modules.loading: loading helpdesk_mgmt/views/res_partner_views.xml 
2026-03-30 10:40:39,199 1467288 DEBUG ? odoo.modules.registry: Invalidating templates model caches from write /home/pablo/odoo/odoo/addons/base/models/ir_ui_view.py:550 
2026-03-30 10:40:39,204 1467288 DEBUG ? odoo.modules.registry: Invalidating templates model caches from write /home/pablo/odoo/odoo/addons/base/models/ir_ui_view.py:550 
2026-03-30 10:40:39,275 1467288 INFO ? odoo.modules.loading: loading helpdesk_mgmt/views/res_config_settings_views.xml 
2026-03-30 10:40:39,281 1467288 DEBUG ? odoo.modules.registry: Invalidating templates model caches from write /home/pablo/odoo/odoo/addons/base/models/ir_ui_view.py:550 
2026-03-30 10:40:39,284 1467288 DEBUG ? odoo.modules.registry: Invalidating templates model caches from write /home/pablo/odoo/odoo/addons/base/models/ir_ui_view.py:550 
2026-03-30 10:40:39,362 1467288 DEBUG ? odoo.modules.registry: Invalidating default model caches from write /home/pablo/odoo/odoo/addons/base/models/ir_actions.py:114 
2026-03-30 10:40:39,363 1467288 INFO ? odoo.modules.loading: loading helpdesk_mgmt/views/helpdesk_ticket_templates.xml 
2026-03-30 10:40:39,374 1467288 DEBUG ? odoo.modules.registry: Invalidating templates model caches from write /home/pablo/odoo/odoo/addons/base/models/ir_ui_view.py:550 
2026-03-30 10:40:39,377 1467288 DEBUG ? odoo.modules.registry: Invalidating templates model caches from write /home/pablo/odoo/odoo/addons/base/models/ir_ui_view.py:550 
2026-03-30 10:40:39,392 1467288 DEBUG ? odoo.modules.registry: Invalidating templates model caches from write /home/pablo/odoo/odoo/addons/base/models/ir_ui_view.py:550 
2026-03-30 10:40:39,394 1467288 DEBUG ? odoo.modules.registry: Invalidating templates model caches from write /home/pablo/odoo/odoo/addons/base/models/ir_ui_view.py:550 
2026-03-30 10:40:39,402 1467288 DEBUG ? odoo.modules.registry: Invalidating templates model caches from write /home/pablo/odoo/odoo/addons/base/models/ir_ui_view.py:550 
2026-03-30 10:40:39,408 1467288 DEBUG ? odoo.modules.registry: Invalidating templates model caches from write /home/pablo/odoo/odoo/addons/base/models/ir_ui_view.py:550 
2026-03-30 10:40:39,434 1467288 DEBUG ? odoo.modules.registry: Invalidating templates model caches from write /home/pablo/odoo/odoo/addons/base/models/ir_ui_view.py:550 
2026-03-30 10:40:39,437 1467288 DEBUG ? odoo.modules.registry: Invalidating templates model caches from write /home/pablo/odoo/odoo/addons/base/models/ir_ui_view.py:550 
2026-03-30 10:40:39,452 1467288 DEBUG ? odoo.modules.registry: Invalidating templates model caches from write /home/pablo/odoo/odoo/addons/base/models/ir_ui_view.py:550 
2026-03-30 10:40:39,460 1467288 DEBUG ? odoo.modules.registry: Invalidating templates model caches from write /home/pablo/odoo/odoo/addons/base/models/ir_ui_view.py:550 
2026-03-30 10:40:39,477 1467288 DEBUG ? odoo.modules.registry: Invalidating templates model caches from write /home/pablo/odoo/odoo/addons/base/models/ir_ui_view.py:550 
2026-03-30 10:40:39,480 1467288 DEBUG ? odoo.modules.registry: Invalidating templates model caches from write /home/pablo/odoo/odoo/addons/base/models/ir_ui_view.py:550 
2026-03-30 10:40:39,494 1467288 DEBUG ? odoo.modules.registry: Invalidating templates model caches from write /home/pablo/odoo/odoo/addons/base/models/ir_ui_view.py:550 
2026-03-30 10:40:39,495 1467288 DEBUG ? odoo.modules.registry: Invalidating templates model caches from write /home/pablo/odoo/odoo/addons/base/models/ir_ui_view.py:550 
2026-03-30 10:40:39,504 1467288 DEBUG ? odoo.modules.registry: Invalidating templates model caches from write /home/pablo/odoo/odoo/addons/base/models/ir_ui_view.py:550 
2026-03-30 10:40:39,508 1467288 DEBUG ? odoo.modules.registry: Invalidating templates model caches from write /home/pablo/odoo/odoo/addons/base/models/ir_ui_view.py:550 
2026-03-30 10:40:39,520 1467288 DEBUG ? odoo.modules.registry: Invalidating templates model caches from write /home/pablo/odoo/odoo/addons/base/models/ir_ui_view.py:550 
2026-03-30 10:40:39,522 1467288 DEBUG ? odoo.modules.registry: Invalidating templates model caches from write /home/pablo/odoo/odoo/addons/base/models/ir_ui_view.py:550 
2026-03-30 10:40:39,527 1467288 INFO ? odoo.modules.loading: loading helpdesk_mgmt/views/helpdesk_ticket_time_line_views.xml 
2026-03-30 10:40:39,532 1467288 DEBUG ? odoo.modules.registry: Invalidating templates model caches from write /home/pablo/odoo/odoo/addons/base/models/ir_ui_view.py:550 
2026-03-30 10:40:39,533 1467288 DEBUG ? odoo.modules.registry: Invalidating templates model caches from write /home/pablo/odoo/odoo/addons/base/models/ir_ui_view.py:550 
2026-03-30 10:40:39,541 1467288 INFO ? odoo.modules.loading: loading helpdesk_mgmt/views/helpdesk_ticket_views.xml 
2026-03-30 10:40:39,548 1467288 DEBUG ? odoo.modules.registry: Invalidating default model caches from write /home/pablo/odoo/odoo/addons/base/models/ir_actions.py:114 
2026-03-30 10:40:39,552 1467288 DEBUG ? odoo.modules.registry: Invalidating default model caches from write /home/pablo/odoo/odoo/addons/base/models/ir_actions.py:114 
2026-03-30 10:40:39,566 1467288 DEBUG ? odoo.modules.registry: Invalidating templates model caches from write /home/pablo/odoo/odoo/addons/base/models/ir_ui_view.py:550 
2026-03-30 10:40:39,567 1467288 DEBUG ? odoo.modules.registry: Invalidating templates model caches from write /home/pablo/odoo/odoo/addons/base/models/ir_ui_view.py:550 
2026-03-30 10:40:39,578 1467288 DEBUG ? odoo.modules.registry: Invalidating templates model caches from write /home/pablo/odoo/odoo/addons/base/models/ir_ui_view.py:550 
2026-03-30 10:40:39,580 1467288 DEBUG ? odoo.modules.registry: Invalidating templates model caches from write /home/pablo/odoo/odoo/addons/base/models/ir_ui_view.py:550 
2026-03-30 10:40:39,587 1467288 DEBUG ? odoo.modules.registry: Invalidating templates model caches from write /home/pablo/odoo/odoo/addons/base/models/ir_ui_view.py:550 
2026-03-30 10:40:39,588 1467288 DEBUG ? odoo.modules.registry: Invalidating templates model caches from write /home/pablo/odoo/odoo/addons/base/models/ir_ui_view.py:550 
2026-03-30 10:40:39,596 1467288 DEBUG ? odoo.modules.registry: Invalidating templates model caches from write /home/pablo/odoo/odoo/addons/base/models/ir_ui_view.py:550 
2026-03-30 10:40:39,598 1467288 DEBUG ? odoo.modules.registry: Invalidating templates model caches from write /home/pablo/odoo/odoo/addons/base/models/ir_ui_view.py:550 
2026-03-30 10:40:39,605 1467288 DEBUG ? odoo.modules.registry: Invalidating templates model caches from write /home/pablo/odoo/odoo/addons/base/models/ir_ui_view.py:550 
2026-03-30 10:40:39,606 1467288 DEBUG ? odoo.modules.registry: Invalidating templates model caches from write /home/pablo/odoo/odoo/addons/base/models/ir_ui_view.py:550 
2026-03-30 10:40:39,613 1467288 DEBUG ? odoo.modules.registry: Invalidating templates model caches from write /home/pablo/odoo/odoo/addons/base/models/ir_ui_view.py:550 
2026-03-30 10:40:39,615 1467288 DEBUG ? odoo.modules.registry: Invalidating templates model caches from write /home/pablo/odoo/odoo/addons/base/models/ir_ui_view.py:550 
2026-03-30 10:40:39,623 1467288 DEBUG ? odoo.modules.registry: Invalidating templates model caches from write /home/pablo/odoo/odoo/addons/base/models/ir_ui_view.py:550 
2026-03-30 10:40:39,624 1467288 DEBUG ? odoo.modules.registry: Invalidating templates model caches from write /home/pablo/odoo/odoo/addons/base/models/ir_ui_view.py:550 
2026-03-30 10:40:39,641 1467288 DEBUG ? odoo.modules.registry: Invalidating templates model caches from write /home/pablo/odoo/odoo/addons/base/models/ir_ui_view.py:550 
2026-03-30 10:40:39,642 1467288 DEBUG ? odoo.modules.registry: Invalidating templates model caches from write /home/pablo/odoo/odoo/addons/base/models/ir_ui_view.py:550 
2026-03-30 10:40:39,660 1467288 DEBUG ? odoo.modules.registry: Invalidating templates model caches from write /home/pablo/odoo/odoo/addons/base/models/ir_ui_view.py:550 
2026-03-30 10:40:39,661 1467288 DEBUG ? odoo.modules.registry: Invalidating templates model caches from write /home/pablo/odoo/odoo/addons/base/models/ir_ui_view.py:550 
2026-03-30 10:40:39,683 1467288 DEBUG ? odoo.tools.convert: while parsing /home/pablo/odoo/addons/helpdesk/helpdesk_mgmt/views/helpdesk_ticket_views.xml:439
Error while parsing or validating view:

Element '<xpath expr="//header/button[@name=&#39;action_cancel_case&#39;]">' cannot be located in parent view

View error context:
{'file': '/home/pablo/odoo/addons/helpdesk/helpdesk_mgmt/views/helpdesk_ticket_views.xml',
 'line': 1,
 'name': 'helpdesk.ticket.form.resolution.ot',
 'view': ir.ui.view(1565,),
 'view.model': 'helpdesk.ticket',
 'view.parent': ir.ui.view(1552,),
 'xmlid': 'view_helpdesk_ticket_form_resolution'}
 
Traceback (most recent call last):
  File "/home/pablo/odoo/odoo/tools/convert.py", line 590, in _tag_root
    f(rec)
    ~^^^^^
  File "/home/pablo/odoo/odoo/tools/convert.py", line 444, in _tag_record
    record = model._load_records([data], self.mode == 'update')
  File "/home/pablo/odoo/odoo/models.py", line 5508, in _load_records
    data['record']._load_records_write(data['values'])
    ~~~~~~~~~~~~~~~~~~~~~~~~~~~~~~~~~~^^^^^^^^^^^^^^^^
  File "/home/pablo/odoo/odoo/addons/base/models/ir_ui_view.py", line 2311, in _load_records_write
    super(View, self)._load_records_write(values)
    ~~~~~~~~~~~~~~~~~~~~~~~~~~~~~~~~~~~~~^^^^^^^^
  File "/home/pablo/odoo/odoo/models.py", line 5426, in _load_records_write
    self.write(values)
    ~~~~~~~~~~^^^^^^^^
  File "/home/pablo/odoo/odoo/addons/base/models/ir_ui_view.py", line 554, in write
    res = super(View, self).write(self._compute_defaults(vals))
  File "/home/pablo/odoo/odoo/models.py", line 4845, in write
    fields[0].determine_inverse(real_recs)
    ~~~~~~~~~~~~~~~~~~~~~~~~~~~^^^^^^^^^^^
  File "/home/pablo/odoo/odoo/fields.py", line 1502, in determine_inverse
    determine(self.inverse, records)
    ~~~~~~~~~^^^^^^^^^^^^^^^^^^^^^^^
  File "/home/pablo/odoo/odoo/fields.py", line 110, in determine
    return needle(*args)
  File "/home/pablo/odoo/odoo/addons/base/models/ir_ui_view.py", line 262, in _inverse_arch
    view.write(data)
    ~~~~~~~~~~^^^^^^
  File "/home/pablo/odoo/odoo/addons/base/models/ir_ui_view.py", line 554, in write
    res = super(View, self).write(self._compute_defaults(vals))
  File "/home/pablo/odoo/odoo/models.py", line 4835, in write
    real_recs._validate_fields(vals, inverse_fields)
    ~~~~~~~~~~~~~~~~~~~~~~~~~~^^^^^^^^^^^^^^^^^^^^^^
  File "/home/pablo/odoo/odoo/models.py", line 1636, in _validate_fields
    check(self)
    ~~~~~^^^^^^
  File "/home/pablo/odoo/odoo/addons/base/models/ir_ui_view.py", line 377, in _check_xml
    raise err from None
  File "/home/pablo/odoo/odoo/addons/base/models/ir_ui_view.py", line 367, in _check_xml
    combined_arch = view._get_combined_arch()
  File "/home/pablo/odoo/odoo/addons/base/models/ir_ui_view.py", line 962, in _get_combined_arch
    arch = root.with_prefetch(tree_views._prefetch_ids)._combine(hierarchy)
  File "/home/pablo/odoo/odoo/addons/base/models/ir_ui_view.py", line 920, in _combine
    combined_arch = view.apply_inheritance_specs(combined_arch, arch)
  File "/home/pablo/odoo/odoo/addons/base/models/ir_ui_view.py", line 857, in apply_inheritance_specs
    self._raise_view_error(str(e), specs_tree)
    ~~~~~~~~~~~~~~~~~~~~~~^^^^^^^^^^^^^^^^^^^^
  File "/home/pablo/odoo/odoo/addons/base/models/ir_ui_view.py", line 734, in _raise_view_error
    raise err from from_exception
odoo.exceptions.ValidationError: Error while parsing or validating view:

Element '<xpath expr="//header/button[@name=&#39;action_cancel_case&#39;]">' cannot be located in parent view
2026-03-30 10:40:39,691 1467288 WARNING ? odoo.modules.loading: Transient module states were reset 
2026-03-30 10:40:39,691 1467288 ERROR ? odoo.modules.registry: Failed to load registry 
2026-03-30 10:40:39,691 1467288 ERROR ? odoo.http: Exception during request handling. 
Traceback (most recent call last):
  File "/home/pablo/odoo/odoo/http.py", line 2577, in __call__
    response = request._serve_db()
  File "/home/pablo/odoo/odoo/http.py", line 2081, in _serve_db
    self.registry, cr_readwrite = self._open_registry()
                                  ~~~~~~~~~~~~~~~~~~~^^
  File "/home/pablo/odoo/odoo/http.py", line 1690, in _open_registry
    registry = Registry(self.db)
  File "/home/pablo/odoo/odoo/modules/registry.py", line 108, in __new__
    return cls.new(db_name)
           ~~~~~~~^^^^^^^^^
  File "/home/pablo/odoo/.venv/lib/python3.13/site-packages/decorator.py", line 235, in fun
    return caller(func, *(extras + args), **kw)
  File "/home/pablo/odoo/odoo/tools/func.py", line 97, in locked
    return func(inst, *args, **kwargs)
  File "/home/pablo/odoo/odoo/modules/registry.py", line 129, in new
    odoo.modules.load_modules(registry, force_demo, status, update_module)
    ~~~~~~~~~~~~~~~~~~~~~~~~~^^^^^^^^^^^^^^^^^^^^^^^^^^^^^^^^^^^^^^^^^^^^^
  File "/home/pablo/odoo/odoo/modules/loading.py", line 485, in load_modules
    processed_modules += load_marked_modules(env, graph,
                         ~~~~~~~~~~~~~~~~~~~^^^^^^^^^^^^
        ['installed', 'to upgrade', 'to remove'],
        ^^^^^^^^^^^^^^^^^^^^^^^^^^^^^^^^^^^^^^^^^
        force, status, report, loaded_modules, update_module, models_to_check)
        ^^^^^^^^^^^^^^^^^^^^^^^^^^^^^^^^^^^^^^^^^^^^^^^^^^^^^^^^^^^^^^^^^^^^^^
  File "/home/pablo/odoo/odoo/modules/loading.py", line 365, in load_marked_modules
    loaded, processed = load_module_graph(
                        ~~~~~~~~~~~~~~~~~^
        env, graph, progressdict, report=report, skip_modules=loaded_modules,
        ^^^^^^^^^^^^^^^^^^^^^^^^^^^^^^^^^^^^^^^^^^^^^^^^^^^^^^^^^^^^^^^^^^^^^
        perform_checks=perform_checks, models_to_check=models_to_check
        ^^^^^^^^^^^^^^^^^^^^^^^^^^^^^^^^^^^^^^^^^^^^^^^^^^^^^^^^^^^^^^
    )
    ^
  File "/home/pablo/odoo/odoo/modules/loading.py", line 228, in load_module_graph
    load_data(env, idref, mode, kind='data', package=package)
    ~~~~~~~~~^^^^^^^^^^^^^^^^^^^^^^^^^^^^^^^^^^^^^^^^^^^^^^^^
  File "/home/pablo/odoo/odoo/modules/loading.py", line 72, in load_data
    tools.convert_file(env, package.name, filename, idref, mode, noupdate, kind)
    ~~~~~~~~~~~~~~~~~~^^^^^^^^^^^^^^^^^^^^^^^^^^^^^^^^^^^^^^^^^^^^^^^^^^^^^^^^^^
  File "/home/pablo/odoo/odoo/tools/convert.py", line 662, in convert_file
    convert_xml_import(env, module, fp, idref, mode, noupdate)
    ~~~~~~~~~~~~~~~~~~^^^^^^^^^^^^^^^^^^^^^^^^^^^^^^^^^^^^^^^^
  File "/home/pablo/odoo/odoo/tools/convert.py", line 733, in convert_xml_import
    obj.parse(doc.getroot())
    ~~~~~~~~~^^^^^^^^^^^^^^^
  File "/home/pablo/odoo/odoo/tools/convert.py", line 648, in parse
    self._tag_root(de)
    ~~~~~~~~~~~~~~^^^^
  File "/home/pablo/odoo/odoo/tools/convert.py", line 601, in _tag_root
    raise ParseError(msg) from None  # Restart with "--log-handler odoo.tools.convert:DEBUG" for complete traceback
    ^^^^^^^^^^^^^^^^^^^^^^^^^^^^^^^
odoo.tools.convert.ParseError: while parsing /home/pablo/odoo/addons/helpdesk/helpdesk_mgmt/views/helpdesk_ticket_views.xml:439
Error while parsing or validating view:

Element '<xpath expr="//header/button[@name=&#39;action_cancel_case&#39;]">' cannot be located in parent view

View error context:
{'file': '/home/pablo/odoo/addons/helpdesk/helpdesk_mgmt/views/helpdesk_ticket_views.xml',
 'line': 1,
 'name': 'helpdesk.ticket.form.resolution.ot',
 'view': ir.ui.view(1565,),
 'view.model': 'helpdesk.ticket',
 'view.parent': ir.ui.view(1552,),
 'xmlid': 'view_helpdesk_ticket_form_resolution'}

2026-03-30 10:40:39,694 1467288 INFO ? werkzeug: 127.0.0.1 - - [30/Mar/2026 10:40:39] "GET /odoo/apps?debug=assets HTTP/1.1" 500 - 797 1.081 1.684
2026-03-30 10:40:39,779 1467288 DEBUG ? odoo.modules.registry: Multiprocess load registry signaling: [Registry: 26] [Cache default: 28] [Cache assets: 3] [Cache templates: 2] [Cache routing: 1] [Cache groups: 2] 
2026-03-30 10:40:39,782 1467288 INFO ? odoo.modules.loading: loading 1 modules... 
2026-03-30 10:40:39,782 1467288 DEBUG ? odoo.modules.loading: Loading module base (1/1) 
2026-03-30 10:40:39,797 1467288 DEBUG ? odoo.modules.loading: Module base loaded in 0.02s, 0 queries 
2026-03-30 10:40:39,797 1467288 INFO ? odoo.modules.loading: 1 modules loaded in 0.02s, 0 queries (+0 extra) 
2026-03-30 10:40:39,816 1467288 DEBUG ? odoo.modules.loading: Updating graph with 100 more modules 
2026-03-30 10:40:39,817 1467288 INFO ? odoo.modules.loading: loading 101 modules... 
2026-03-30 10:40:39,817 1467288 DEBUG ? odoo.modules.loading: Loading module l10n_us (2/101) 
2026-03-30 10:40:39,826 1467288 DEBUG ? odoo.modules.loading: Module l10n_us loaded in 0.01s, 0 queries 
2026-03-30 10:40:39,826 1467288 DEBUG ? odoo.modules.loading: Loading module social_media (3/101) 
2026-03-30 10:40:39,827 1467288 DEBUG ? odoo.modules.loading: Module social_media loaded in 0.00s, 0 queries 
2026-03-30 10:40:39,827 1467288 DEBUG ? odoo.modules.loading: Loading module uom (4/101) 
2026-03-30 10:40:39,827 1467288 DEBUG ? odoo.modules.loading: Module uom loaded in 0.00s, 0 queries 
2026-03-30 10:40:39,827 1467288 DEBUG ? odoo.modules.loading: Loading module web (5/101) 
2026-03-30 10:40:39,829 1467288 DEBUG ? odoo.modules.loading: Module web loaded in 0.00s, 0 queries 
2026-03-30 10:40:39,830 1467288 DEBUG ? odoo.modules.loading: Loading module auth_totp (6/101) 
2026-03-30 10:40:39,830 1467288 DEBUG ? odoo.modules.loading: Module auth_totp loaded in 0.00s, 0 queries 
2026-03-30 10:40:39,830 1467288 DEBUG ? odoo.modules.loading: Loading module barcodes (7/101) 
2026-03-30 10:40:39,831 1467288 DEBUG ? odoo.modules.loading: Module barcodes loaded in 0.00s, 0 queries 
2026-03-30 10:40:39,831 1467288 DEBUG ? odoo.modules.loading: Loading module base_import (8/101) 
2026-03-30 10:40:39,843 1467288 DEBUG ? odoo.modules.loading: Module base_import loaded in 0.01s, 0 queries 
2026-03-30 10:40:39,844 1467288 DEBUG ? odoo.modules.loading: Loading module base_import_module (9/101) 
2026-03-30 10:40:39,844 1467288 DEBUG ? odoo.modules.loading: Module base_import_module loaded in 0.00s, 0 queries 
2026-03-30 10:40:39,858 1467288 DEBUG ? odoo.modules.loading: Loading module base_setup (10/101) 
2026-03-30 10:40:39,859 1467288 DEBUG ? odoo.modules.loading: Module base_setup loaded in 0.00s, 0 queries 
2026-03-30 10:40:39,859 1467288 DEBUG ? odoo.modules.loading: Loading module bus (11/101) 
2026-03-30 10:40:39,860 1467288 DEBUG ? odoo.modules.loading: Module bus loaded in 0.00s, 0 queries 
2026-03-30 10:40:39,860 1467288 DEBUG ? odoo.modules.loading: Loading module http_routing (12/101) 
2026-03-30 10:40:39,860 1467288 DEBUG ? odoo.modules.loading: Module http_routing loaded in 0.00s, 0 queries 
2026-03-30 10:40:39,860 1467288 DEBUG ? odoo.modules.loading: Loading module onboarding (13/101) 
2026-03-30 10:40:39,861 1467288 DEBUG ? odoo.modules.loading: Module onboarding loaded in 0.00s, 0 queries 
2026-03-30 10:40:39,861 1467288 DEBUG ? odoo.modules.loading: Loading module resource (14/101) 
2026-03-30 10:40:39,861 1467288 DEBUG ? odoo.modules.loading: Module resource loaded in 0.00s, 0 queries 
2026-03-30 10:40:39,862 1467288 DEBUG ? odoo.modules.loading: Loading module utm (15/101) 
2026-03-30 10:40:39,862 1467288 DEBUG ? odoo.modules.loading: Module utm loaded in 0.00s, 0 queries 
2026-03-30 10:40:39,862 1467288 DEBUG ? odoo.modules.loading: Loading module web_hierarchy (16/101) 
2026-03-30 10:40:39,864 1467288 DEBUG ? odoo.modules.loading: Module web_hierarchy loaded in 0.00s, 0 queries 
2026-03-30 10:40:39,864 1467288 DEBUG ? odoo.modules.loading: Loading module web_tour (17/101) 
2026-03-30 10:40:39,875 1467288 DEBUG ? odoo.modules.loading: Module web_tour loaded in 0.01s, 0 queries 
2026-03-30 10:40:39,875 1467288 DEBUG ? odoo.modules.loading: Loading module barcodes_gs1_nomenclature (18/101) 
2026-03-30 10:40:39,876 1467288 DEBUG ? odoo.modules.loading: Module barcodes_gs1_nomenclature loaded in 0.00s, 0 queries 
2026-03-30 10:40:39,876 1467288 DEBUG ? odoo.modules.loading: Loading module html_editor (19/101) 
2026-03-30 10:40:39,876 1467288 DEBUG ? odoo.modules.loading: Module html_editor loaded in 0.00s, 0 queries 
2026-03-30 10:40:39,876 1467288 DEBUG ? odoo.modules.loading: Loading module iap (20/101) 
2026-03-30 10:40:39,876 1467288 DEBUG ? odoo.modules.loading: Module iap loaded in 0.00s, 0 queries 
2026-03-30 10:40:39,877 1467288 DEBUG ? odoo.modules.loading: Loading module mail (21/101) 
2026-03-30 10:40:39,894 1467288 DEBUG ? odoo.modules.loading: Module mail loaded in 0.02s, 0 queries 
2026-03-30 10:40:39,894 1467288 DEBUG ? odoo.modules.loading: Loading module web_editor (22/101) 
2026-03-30 10:40:39,909 1467288 DEBUG ? odoo.modules.loading: Module web_editor loaded in 0.02s, 0 queries 
2026-03-30 10:40:39,910 1467288 DEBUG ? odoo.modules.loading: Loading module analytic (23/101) 
2026-03-30 10:40:39,910 1467288 DEBUG ? odoo.modules.loading: Module analytic loaded in 0.00s, 0 queries 
2026-03-30 10:40:39,911 1467288 DEBUG ? odoo.modules.loading: Loading module auth_signup (24/101) 
2026-03-30 10:40:39,911 1467288 DEBUG ? odoo.modules.loading: Module auth_signup loaded in 0.00s, 0 queries 
2026-03-30 10:40:39,911 1467288 DEBUG ? odoo.modules.loading: Loading module auth_totp_mail (25/101) 
2026-03-30 10:40:39,911 1467288 DEBUG ? odoo.modules.loading: Module auth_totp_mail loaded in 0.00s, 0 queries 
2026-03-30 10:40:39,912 1467288 DEBUG ? odoo.modules.loading: Loading module base_install_request (26/101) 
2026-03-30 10:40:39,922 1467288 DEBUG ? odoo.modules.loading: Module base_install_request loaded in 0.01s, 0 queries 
2026-03-30 10:40:39,922 1467288 DEBUG ? odoo.modules.loading: Loading module calendar (27/101) 
2026-03-30 10:40:39,923 1467288 DEBUG ? odoo.modules.loading: Module calendar loaded in 0.00s, 0 queries 
2026-03-30 10:40:39,924 1467288 DEBUG ? odoo.modules.loading: Loading module contacts (28/101) 
2026-03-30 10:40:39,924 1467288 DEBUG ? odoo.modules.loading: Module contacts loaded in 0.00s, 0 queries 
2026-03-30 10:40:39,924 1467288 DEBUG ? odoo.modules.loading: Loading module gamification (29/101) 
2026-03-30 10:40:39,925 1467288 DEBUG ? odoo.modules.loading: Module gamification loaded in 0.00s, 0 queries 
2026-03-30 10:40:39,925 1467288 DEBUG ? odoo.modules.loading: Loading module iap_mail (30/101) 
2026-03-30 10:40:39,926 1467288 DEBUG ? odoo.modules.loading: Module iap_mail loaded in 0.00s, 0 queries 
2026-03-30 10:40:39,926 1467288 DEBUG ? odoo.modules.loading: Loading module link_tracker (31/101) 
2026-03-30 10:40:39,926 1467288 DEBUG ? odoo.modules.loading: Module link_tracker loaded in 0.00s, 0 queries 
2026-03-30 10:40:39,927 1467288 DEBUG ? odoo.modules.loading: Loading module mail_bot (32/101) 
2026-03-30 10:40:39,927 1467288 DEBUG ? odoo.modules.loading: Module mail_bot loaded in 0.00s, 0 queries 
2026-03-30 10:40:39,927 1467288 DEBUG ? odoo.modules.loading: Loading module microsoft_outlook (33/101) 
2026-03-30 10:40:39,938 1467288 DEBUG ? odoo.modules.loading: Module microsoft_outlook loaded in 0.01s, 0 queries 
2026-03-30 10:40:39,938 1467288 DEBUG ? odoo.modules.loading: Loading module phone_validation (34/101) 
2026-03-30 10:40:39,954 1467288 DEBUG ? odoo.modules.loading: Module phone_validation loaded in 0.01s, 0 queries 
2026-03-30 10:40:39,954 1467288 DEBUG ? odoo.modules.loading: Loading module privacy_lookup (35/101) 
2026-03-30 10:40:39,955 1467288 DEBUG ? odoo.modules.loading: Module privacy_lookup loaded in 0.00s, 0 queries 
2026-03-30 10:40:39,955 1467288 DEBUG ? odoo.modules.loading: Loading module product (36/101) 
2026-03-30 10:40:39,957 1467288 DEBUG ? odoo.modules.loading: Module product loaded in 0.00s, 0 queries 
2026-03-30 10:40:39,958 1467288 DEBUG ? odoo.modules.loading: Loading module rating (37/101) 
2026-03-30 10:40:39,958 1467288 DEBUG ? odoo.modules.loading: Module rating loaded in 0.00s, 0 queries 
2026-03-30 10:40:39,959 1467288 DEBUG ? odoo.modules.loading: Loading module resource_mail (38/101) 
2026-03-30 10:40:39,959 1467288 DEBUG ? odoo.modules.loading: Module resource_mail loaded in 0.00s, 0 queries 
2026-03-30 10:40:39,970 1467288 DEBUG ? odoo.modules.loading: Loading module sales_team (39/101) 
2026-03-30 10:40:39,971 1467288 DEBUG ? odoo.modules.loading: Module sales_team loaded in 0.00s, 0 queries 
2026-03-30 10:40:39,971 1467288 DEBUG ? odoo.modules.loading: Loading module web_unsplash (40/101) 
2026-03-30 10:40:39,971 1467288 DEBUG ? odoo.modules.loading: Module web_unsplash loaded in 0.00s, 0 queries 
2026-03-30 10:40:39,971 1467288 DEBUG ? odoo.modules.loading: Loading module partner_autocomplete (41/101) 
2026-03-30 10:40:39,972 1467288 DEBUG ? odoo.modules.loading: Module partner_autocomplete loaded in 0.00s, 0 queries 
2026-03-30 10:40:39,972 1467288 DEBUG ? odoo.modules.loading: Loading module portal (42/101) 
2026-03-30 10:40:39,974 1467288 DEBUG ? odoo.modules.loading: Module portal loaded in 0.00s, 0 queries 
2026-03-30 10:40:39,974 1467288 DEBUG ? odoo.modules.loading: Loading module sms (43/101) 
2026-03-30 10:40:39,988 1467288 DEBUG ? odoo.modules.loading: Module sms loaded in 0.01s, 0 queries 
2026-03-30 10:40:39,989 1467288 DEBUG ? odoo.modules.loading: Loading module snailmail (44/101) 
2026-03-30 10:40:39,990 1467288 DEBUG ? odoo.modules.loading: Module snailmail loaded in 0.00s, 0 queries 
2026-03-30 10:40:39,990 1467288 DEBUG ? odoo.modules.loading: Loading module survey (45/101) 
2026-03-30 10:40:39,991 1467288 DEBUG ? odoo.modules.loading: Module survey loaded in 0.00s, 0 queries 
2026-03-30 10:40:39,992 1467288 DEBUG ? odoo.modules.loading: Loading module auth_totp_portal (46/101) 
2026-03-30 10:40:39,992 1467288 DEBUG ? odoo.modules.loading: Module auth_totp_portal loaded in 0.00s, 0 queries 
2026-03-30 10:40:39,992 1467288 DEBUG ? odoo.modules.loading: Loading module calendar_sms (47/101) 
2026-03-30 10:40:40,002 1467288 DEBUG ? odoo.modules.loading: Module calendar_sms loaded in 0.01s, 0 queries 
2026-03-30 10:40:40,002 1467288 DEBUG ? odoo.modules.loading: Loading module digest (48/101) 
2026-03-30 10:40:40,003 1467288 DEBUG ? odoo.modules.loading: Module digest loaded in 0.00s, 0 queries 
2026-03-30 10:40:40,003 1467288 DEBUG ? odoo.modules.loading: Loading module payment (49/101) 
2026-03-30 10:40:40,004 1467288 DEBUG ? odoo.modules.loading: Module payment loaded in 0.00s, 0 queries 
2026-03-30 10:40:40,005 1467288 DEBUG ? odoo.modules.loading: Loading module portal_rating (50/101) 
2026-03-30 10:40:40,005 1467288 DEBUG ? odoo.modules.loading: Module portal_rating loaded in 0.00s, 0 queries 
2026-03-30 10:40:40,005 1467288 DEBUG ? odoo.modules.loading: Loading module spreadsheet (51/101) 
2026-03-30 10:40:40,006 1467288 DEBUG ? odoo.modules.loading: Module spreadsheet loaded in 0.00s, 0 queries 
2026-03-30 10:40:40,006 1467288 DEBUG ? odoo.modules.loading: Loading module account (52/101) 
2026-03-30 10:40:40,020 1467288 DEBUG ? odoo.modules.loading: Module account loaded in 0.01s, 0 queries 
2026-03-30 10:40:40,021 1467288 DEBUG ? odoo.modules.loading: Loading module crm (53/101) 
2026-03-30 10:40:40,023 1467288 DEBUG ? odoo.modules.loading: Module crm loaded in 0.00s, 0 queries 
2026-03-30 10:40:40,034 1467288 DEBUG ? odoo.modules.loading: Loading module hr (54/101) 
2026-03-30 10:40:40,052 1467288 DEBUG ? odoo.modules.loading: Module hr loaded in 0.02s, 0 queries 
2026-03-30 10:40:40,052 1467288 DEBUG ? odoo.modules.loading: Loading module mass_mailing (55/101) 
2026-03-30 10:40:40,055 1467288 DEBUG ? odoo.modules.loading: Module mass_mailing loaded in 0.00s, 0 queries 
2026-03-30 10:40:40,055 1467288 DEBUG ? odoo.modules.loading: Loading module project (56/101) 
2026-03-30 10:40:40,066 1467288 DEBUG ? odoo.modules.loading: Module project loaded in 0.01s, 0 queries 
2026-03-30 10:40:40,067 1467288 DEBUG ? odoo.modules.loading: Loading module spreadsheet_dashboard (57/101) 
2026-03-30 10:40:40,067 1467288 DEBUG ? odoo.modules.loading: Module spreadsheet_dashboard loaded in 0.00s, 0 queries 
2026-03-30 10:40:40,067 1467288 DEBUG ? odoo.modules.loading: Loading module stock (58/101) 
2026-03-30 10:40:40,084 1467288 DEBUG ? odoo.modules.loading: Module stock loaded in 0.02s, 0 queries 
2026-03-30 10:40:40,084 1467288 DEBUG ? odoo.modules.loading: Loading module account_add_gln (59/101) 
2026-03-30 10:40:40,084 1467288 DEBUG ? odoo.modules.loading: Module account_add_gln loaded in 0.00s, 0 queries 
2026-03-30 10:40:40,084 1467288 DEBUG ? odoo.modules.loading: Loading module account_edi_ubl_cii (60/101) 
2026-03-30 10:40:40,086 1467288 DEBUG ? odoo.modules.loading: Module account_edi_ubl_cii loaded in 0.00s, 0 queries 
2026-03-30 10:40:40,086 1467288 DEBUG ? odoo.modules.loading: Loading module account_payment (61/101) 
2026-03-30 10:40:40,087 1467288 DEBUG ? odoo.modules.loading: Module account_payment loaded in 0.00s, 0 queries 
2026-03-30 10:40:40,087 1467288 DEBUG ? odoo.modules.loading: Loading module base_iban (62/101) 
2026-03-30 10:40:40,087 1467288 DEBUG ? odoo.modules.loading: Module base_iban loaded in 0.00s, 0 queries 
2026-03-30 10:40:40,087 1467288 DEBUG ? odoo.modules.loading: Loading module base_vat (63/101) 
2026-03-30 10:40:40,088 1467288 DEBUG ? odoo.modules.loading: Module base_vat loaded in 0.00s, 0 queries 
2026-03-30 10:40:40,088 1467288 DEBUG ? odoo.modules.loading: Loading module board (64/101) 
2026-03-30 10:40:40,088 1467288 DEBUG ? odoo.modules.loading: Module board loaded in 0.00s, 0 queries 
2026-03-30 10:40:40,089 1467288 DEBUG ? odoo.modules.loading: Loading module crm_sms (65/101) 
2026-03-30 10:40:40,089 1467288 DEBUG ? odoo.modules.loading: Module crm_sms loaded in 0.00s, 0 queries 
2026-03-30 10:40:40,089 1467288 DEBUG ? odoo.modules.loading: Loading module hr_calendar (66/101) 
2026-03-30 10:40:40,089 1467288 DEBUG ? odoo.modules.loading: Module hr_calendar loaded in 0.00s, 0 queries 
2026-03-30 10:40:40,090 1467288 DEBUG ? odoo.modules.loading: Loading module hr_gamification (67/101) 
2026-03-30 10:40:40,090 1467288 DEBUG ? odoo.modules.loading: Module hr_gamification loaded in 0.00s, 0 queries 
2026-03-30 10:40:40,090 1467288 DEBUG ? odoo.modules.loading: Loading module hr_org_chart (68/101) 
2026-03-30 10:40:40,091 1467288 DEBUG ? odoo.modules.loading: Module hr_org_chart loaded in 0.00s, 0 queries 
2026-03-30 10:40:40,091 1467288 DEBUG ? odoo.modules.loading: Loading module hr_skills (69/101) 
2026-03-30 10:40:40,092 1467288 DEBUG ? odoo.modules.loading: Module hr_skills loaded in 0.00s, 0 queries 
2026-03-30 10:40:40,092 1467288 DEBUG ? odoo.modules.loading: Loading module iap_crm (70/101) 
2026-03-30 10:40:40,092 1467288 DEBUG ? odoo.modules.loading: Module iap_crm loaded in 0.00s, 0 queries 
2026-03-30 10:40:40,092 1467288 DEBUG ? odoo.modules.loading: Loading module l10n_us_account (71/101) 
2026-03-30 10:40:40,092 1467288 DEBUG ? odoo.modules.loading: Module l10n_us_account loaded in 0.00s, 0 queries 
2026-03-30 10:40:40,092 1467288 DEBUG ? odoo.modules.loading: Loading module mail_bot_hr (72/101) 
2026-03-30 10:40:40,093 1467288 DEBUG ? odoo.modules.loading: Module mail_bot_hr loaded in 0.00s, 0 queries 
2026-03-30 10:40:40,093 1467288 DEBUG ? odoo.modules.loading: Loading module mass_mailing_crm (73/101) 
2026-03-30 10:40:40,093 1467288 DEBUG ? odoo.modules.loading: Module mass_mailing_crm loaded in 0.00s, 0 queries 
2026-03-30 10:40:40,094 1467288 DEBUG ? odoo.modules.loading: Loading module mass_mailing_themes (74/101) 
2026-03-30 10:40:40,097 1467288 DEBUG ? odoo.modules.loading: Module mass_mailing_themes loaded in 0.00s, 0 queries 
2026-03-30 10:40:40,098 1467288 DEBUG ? odoo.modules.loading: Loading module project_account (75/101) 
2026-03-30 10:40:40,100 1467288 DEBUG ? odoo.modules.loading: Module project_account loaded in 0.00s, 0 queries 
2026-03-30 10:40:40,100 1467288 DEBUG ? odoo.modules.loading: Loading module project_sms (76/101) 
2026-03-30 10:40:40,100 1467288 DEBUG ? odoo.modules.loading: Module project_sms loaded in 0.00s, 0 queries 
2026-03-30 10:40:40,101 1467288 DEBUG ? odoo.modules.loading: Loading module project_stock (77/101) 
2026-03-30 10:40:40,102 1467288 DEBUG ? odoo.modules.loading: Module project_stock loaded in 0.00s, 0 queries 
2026-03-30 10:40:40,103 1467288 DEBUG ? odoo.modules.loading: Loading module project_todo (78/101) 
2026-03-30 10:40:40,104 1467288 DEBUG ? odoo.modules.loading: Module project_todo loaded in 0.00s, 0 queries 
2026-03-30 10:40:40,104 1467288 DEBUG ? odoo.modules.loading: Loading module purchase (79/101) 
2026-03-30 10:40:40,105 1467288 DEBUG ? odoo.modules.loading: Module purchase loaded in 0.00s, 0 queries 
2026-03-30 10:40:40,105 1467288 DEBUG ? odoo.modules.loading: Loading module snailmail_account (80/101) 
2026-03-30 10:40:40,106 1467288 DEBUG ? odoo.modules.loading: Module snailmail_account loaded in 0.00s, 0 queries 
2026-03-30 10:40:40,106 1467288 DEBUG ? odoo.modules.loading: Loading module spreadsheet_account (81/101) 
2026-03-30 10:40:40,106 1467288 DEBUG ? odoo.modules.loading: Module spreadsheet_account loaded in 0.00s, 0 queries 
2026-03-30 10:40:40,106 1467288 DEBUG ? odoo.modules.loading: Loading module spreadsheet_dashboard_account (82/101) 
2026-03-30 10:40:40,107 1467288 DEBUG ? odoo.modules.loading: Module spreadsheet_dashboard_account loaded in 0.00s, 0 queries 
2026-03-30 10:40:40,107 1467288 DEBUG ? odoo.modules.loading: Loading module stock_account (83/101) 
2026-03-30 10:40:40,108 1467288 DEBUG ? odoo.modules.loading: Module stock_account loaded in 0.00s, 0 queries 
2026-03-30 10:40:40,108 1467288 DEBUG ? odoo.modules.loading: Loading module stock_sms (84/101) 
2026-03-30 10:40:40,108 1467288 DEBUG ? odoo.modules.loading: Module stock_sms loaded in 0.00s, 0 queries 
2026-03-30 10:40:40,108 1467288 DEBUG ? odoo.modules.loading: Loading module account_qr_code_sepa (85/101) 
2026-03-30 10:40:40,109 1467288 DEBUG ? odoo.modules.loading: Module account_qr_code_sepa loaded in 0.00s, 0 queries 
2026-03-30 10:40:40,109 1467288 DEBUG ? odoo.modules.loading: Loading module crm_iap_enrich (86/101) 
2026-03-30 10:40:40,109 1467288 DEBUG ? odoo.modules.loading: Module crm_iap_enrich loaded in 0.00s, 0 queries 
2026-03-30 10:40:40,109 1467288 DEBUG ? odoo.modules.loading: Loading module crm_iap_mine (87/101) 
2026-03-30 10:40:40,109 1467288 DEBUG ? odoo.modules.loading: Module crm_iap_mine loaded in 0.00s, 0 queries 
2026-03-30 10:40:40,110 1467288 INFO ? odoo.modules.loading: Loading module helpdesk_mgmt (88/101) 
2026-03-30 10:40:40,713 1467288 INFO ? odoo.modules.registry: module helpdesk_mgmt: creating or updating database tables 
2026-03-30 10:40:40,951 1467288 DEBUG ? odoo.models: Table 'res_company': setting default value of new column fiscalyear_last_day to 31 
2026-03-30 10:40:40,958 1467288 DEBUG ? odoo.models: Table 'res_company': setting default value of new column fiscalyear_last_month to '12' 
2026-03-30 10:40:40,959 1467288 DEBUG ? odoo.models: Table 'res_company': setting default value of new column account_price_include to 'tax_excluded' 
2026-03-30 10:40:40,965 1467288 DEBUG ? odoo.models: Table 'res_company': setting default value of new column account_opening_date to '2026-01-01' 
2026-03-30 10:40:40,966 1467288 DEBUG ? odoo.models: Table 'res_company': setting default value of new column po_lead to 0.0 
2026-03-30 10:40:40,987 1467288 DEBUG ? odoo.models: Table 'res_config_settings': setting default value of new column company_id to 1 
2026-03-30 10:40:41,010 1467288 DEBUG ? odoo.models: Table 'res_partner': setting default value of new column autopost_bills to 'ask' 
2026-03-30 10:40:41,023 1467288 DEBUG ? odoo.models: Table 'res_users': setting default value of new column notification_type to 'email' 
2026-03-30 10:40:41,044 1467288 WARNING ? odoo.addons.base.models.ir_model: Two fields (case_number, number) of helpdesk.ticket() have the same label: Número de caso. [Modules: helpdesk_mgmt and helpdesk_mgmt] 
2026-03-30 10:40:41,044 1467288 WARNING ? odoo.addons.base.models.ir_model: Two fields (subject_id, subject) of helpdesk.ticket() have the same label: Asunto. [Modules: helpdesk_mgmt and helpdesk_mgmt] 
2026-03-30 10:40:41,044 1467288 WARNING ? odoo.addons.base.models.ir_model: Two fields (state_reason_id, state_reason) of helpdesk.ticket() have the same label: Razón para el estado. [Modules: helpdesk_mgmt and helpdesk_mgmt] 
2026-03-30 10:40:41,362 1467288 DEBUG ? odoo.schema: Table 'res_company': column 'fiscalyear_last_day': added constraint NOT NULL 
2026-03-30 10:40:41,364 1467288 DEBUG ? odoo.schema: Table 'res_company': column 'fiscalyear_last_month': added constraint NOT NULL 
2026-03-30 10:40:41,366 1467288 DEBUG ? odoo.schema: Table 'res_company': column 'account_price_include': added constraint NOT NULL 
2026-03-30 10:40:41,367 1467288 DEBUG ? odoo.schema: Table 'res_company': column 'account_opening_date': added constraint NOT NULL 
2026-03-30 10:40:41,369 1467288 DEBUG ? odoo.schema: Table 'res_company': column 'po_lead': added constraint NOT NULL 
2026-03-30 10:40:41,370 1467288 DEBUG ? odoo.schema: Table 'res_config_settings': column 'company_id': added constraint NOT NULL 
2026-03-30 10:40:41,374 1467288 DEBUG ? odoo.schema: Table 'res_partner': column 'autopost_bills': added constraint NOT NULL 
2026-03-30 10:40:41,378 1467288 DEBUG ? odoo.schema: Table 'res_users': column 'notification_type': added constraint NOT NULL 
2026-03-30 10:40:41,392 1467288 INFO ? odoo.schema: Keep unexpected index helpdesk_ticket__priority_index on table helpdesk_ticket 
2026-03-30 10:40:41,392 1467288 INFO ? odoo.schema: Keep unexpected index helpdesk_ticket__state_index on table helpdesk_ticket 
2026-03-30 10:40:41,393 1467288 INFO ? odoo.schema: Keep unexpected index helpdesk_ticket__subject_id_index on table helpdesk_ticket 
2026-03-30 10:40:41,407 1467288 INFO ? odoo.modules.loading: loading helpdesk_mgmt/data/helpdesk_data.xml 
2026-03-30 10:40:41,414 1467288 DEBUG ? odoo.modules.registry: Invalidating templates model caches from write /home/pablo/odoo/odoo/addons/base/models/ir_ui_view.py:550 
2026-03-30 10:40:41,416 1467288 DEBUG ? odoo.modules.registry: Invalidating templates model caches from write /home/pablo/odoo/odoo/addons/base/models/ir_ui_view.py:550 
2026-03-30 10:40:41,491 1467288 INFO ? odoo.modules.loading: loading helpdesk_mgmt/security/helpdesk_security.xml 
2026-03-30 10:40:41,498 1467288 DEBUG ? odoo.modules.registry: Invalidating default model caches from call_cache_clearing_methods /home/pablo/odoo/odoo/addons/base/models/ir_model.py:2183 
2026-03-30 10:40:41,537 1467288 DEBUG ? odoo.modules.registry: Invalidating groups model caches from write /home/pablo/odoo/odoo/addons/base/models/res_users.py:1539 
2026-03-30 10:40:41,538 1467288 DEBUG ? odoo.modules.registry: Invalidating default model caches from write /home/pablo/odoo/odoo/addons/base/models/res_users.py:1681 
2026-03-30 10:40:41,539 1467288 DEBUG ? odoo.modules.registry: Invalidating groups model caches from _update_xmlids /home/pablo/odoo/odoo/addons/base/models/ir_model.py:2414 
2026-03-30 10:40:41,559 1467288 DEBUG ? odoo.modules.registry: Invalidating default model caches from call_cache_clearing_methods /home/pablo/odoo/odoo/addons/base/models/ir_model.py:2183 
2026-03-30 10:40:41,626 1467288 DEBUG ? odoo.modules.registry: Invalidating groups model caches from write /home/pablo/odoo/odoo/addons/base/models/res_users.py:1539 
2026-03-30 10:40:41,626 1467288 DEBUG ? odoo.modules.registry: Invalidating default model caches from write /home/pablo/odoo/odoo/addons/base/models/res_users.py:1681 
2026-03-30 10:40:41,627 1467288 DEBUG ? odoo.modules.registry: Invalidating groups model caches from _update_xmlids /home/pablo/odoo/odoo/addons/base/models/ir_model.py:2414 
2026-03-30 10:40:41,630 1467288 DEBUG ? odoo.modules.registry: Invalidating default model caches from call_cache_clearing_methods /home/pablo/odoo/odoo/addons/base/models/ir_model.py:2183 
2026-03-30 10:40:41,675 1467288 DEBUG ? odoo.modules.registry: Invalidating groups model caches from write /home/pablo/odoo/odoo/addons/base/models/res_users.py:1539 
2026-03-30 10:40:41,675 1467288 DEBUG ? odoo.modules.registry: Invalidating default model caches from write /home/pablo/odoo/odoo/addons/base/models/res_users.py:1681 
2026-03-30 10:40:41,676 1467288 DEBUG ? odoo.modules.registry: Invalidating groups model caches from _update_xmlids /home/pablo/odoo/odoo/addons/base/models/ir_model.py:2414 
2026-03-30 10:40:41,687 1467288 DEBUG ? odoo.modules.registry: Invalidating default model caches from call_cache_clearing_methods /home/pablo/odoo/odoo/addons/base/models/ir_model.py:2183 
2026-03-30 10:40:41,751 1467288 DEBUG ? odoo.modules.registry: Invalidating groups model caches from write /home/pablo/odoo/odoo/addons/base/models/res_users.py:1539 
2026-03-30 10:40:41,751 1467288 DEBUG ? odoo.modules.registry: Invalidating default model caches from write /home/pablo/odoo/odoo/addons/base/models/res_users.py:1681 
2026-03-30 10:40:41,753 1467288 DEBUG ? odoo.modules.registry: Invalidating groups model caches from _update_xmlids /home/pablo/odoo/odoo/addons/base/models/ir_model.py:2414 
2026-03-30 10:40:41,773 1467288 INFO ? odoo.modules.loading: loading helpdesk_mgmt/security/ir.model.access.csv 
2026-03-30 10:40:41,867 1467288 DEBUG ? odoo.modules.registry: Invalidating default model caches from call_cache_clearing_methods /home/pablo/odoo/odoo/addons/base/models/ir_model.py:2183 
2026-03-30 10:40:41,871 1467288 DEBUG ? odoo.modules.registry: Invalidating default model caches from call_cache_clearing_methods /home/pablo/odoo/odoo/addons/base/models/ir_model.py:2183 
2026-03-30 10:40:41,873 1467288 DEBUG ? odoo.modules.registry: Invalidating default model caches from call_cache_clearing_methods /home/pablo/odoo/odoo/addons/base/models/ir_model.py:2183 
2026-03-30 10:40:41,874 1467288 DEBUG ? odoo.modules.registry: Invalidating default model caches from call_cache_clearing_methods /home/pablo/odoo/odoo/addons/base/models/ir_model.py:2183 
2026-03-30 10:40:41,876 1467288 DEBUG ? odoo.modules.registry: Invalidating default model caches from call_cache_clearing_methods /home/pablo/odoo/odoo/addons/base/models/ir_model.py:2183 
2026-03-30 10:40:41,878 1467288 DEBUG ? odoo.modules.registry: Invalidating default model caches from call_cache_clearing_methods /home/pablo/odoo/odoo/addons/base/models/ir_model.py:2183 
2026-03-30 10:40:41,880 1467288 DEBUG ? odoo.modules.registry: Invalidating default model caches from call_cache_clearing_methods /home/pablo/odoo/odoo/addons/base/models/ir_model.py:2183 
2026-03-30 10:40:41,881 1467288 DEBUG ? odoo.modules.registry: Invalidating default model caches from call_cache_clearing_methods /home/pablo/odoo/odoo/addons/base/models/ir_model.py:2183 
2026-03-30 10:40:41,882 1467288 DEBUG ? odoo.modules.registry: Invalidating default model caches from call_cache_clearing_methods /home/pablo/odoo/odoo/addons/base/models/ir_model.py:2183 
2026-03-30 10:40:41,884 1467288 DEBUG ? odoo.modules.registry: Invalidating default model caches from call_cache_clearing_methods /home/pablo/odoo/odoo/addons/base/models/ir_model.py:2183 
2026-03-30 10:40:41,885 1467288 DEBUG ? odoo.modules.registry: Invalidating default model caches from call_cache_clearing_methods /home/pablo/odoo/odoo/addons/base/models/ir_model.py:2183 
2026-03-30 10:40:41,887 1467288 DEBUG ? odoo.modules.registry: Invalidating default model caches from call_cache_clearing_methods /home/pablo/odoo/odoo/addons/base/models/ir_model.py:2183 
2026-03-30 10:40:41,888 1467288 DEBUG ? odoo.modules.registry: Invalidating default model caches from call_cache_clearing_methods /home/pablo/odoo/odoo/addons/base/models/ir_model.py:2183 
2026-03-30 10:40:41,890 1467288 DEBUG ? odoo.modules.registry: Invalidating default model caches from call_cache_clearing_methods /home/pablo/odoo/odoo/addons/base/models/ir_model.py:2183 
2026-03-30 10:40:41,891 1467288 DEBUG ? odoo.modules.registry: Invalidating default model caches from call_cache_clearing_methods /home/pablo/odoo/odoo/addons/base/models/ir_model.py:2183 
2026-03-30 10:40:41,892 1467288 DEBUG ? odoo.modules.registry: Invalidating default model caches from call_cache_clearing_methods /home/pablo/odoo/odoo/addons/base/models/ir_model.py:2183 
2026-03-30 10:40:41,894 1467288 DEBUG ? odoo.modules.registry: Invalidating default model caches from call_cache_clearing_methods /home/pablo/odoo/odoo/addons/base/models/ir_model.py:2183 
2026-03-30 10:40:41,895 1467288 DEBUG ? odoo.modules.registry: Invalidating default model caches from call_cache_clearing_methods /home/pablo/odoo/odoo/addons/base/models/ir_model.py:2183 
2026-03-30 10:40:41,898 1467288 DEBUG ? odoo.modules.registry: Invalidating default model caches from call_cache_clearing_methods /home/pablo/odoo/odoo/addons/base/models/ir_model.py:2183 
2026-03-30 10:40:41,899 1467288 DEBUG ? odoo.modules.registry: Invalidating default model caches from call_cache_clearing_methods /home/pablo/odoo/odoo/addons/base/models/ir_model.py:2183 
2026-03-30 10:40:41,902 1467288 DEBUG ? odoo.modules.registry: Invalidating default model caches from call_cache_clearing_methods /home/pablo/odoo/odoo/addons/base/models/ir_model.py:2183 
2026-03-30 10:40:41,903 1467288 DEBUG ? odoo.modules.registry: Invalidating default model caches from call_cache_clearing_methods /home/pablo/odoo/odoo/addons/base/models/ir_model.py:2183 
2026-03-30 10:40:41,905 1467288 DEBUG ? odoo.modules.registry: Invalidating default model caches from call_cache_clearing_methods /home/pablo/odoo/odoo/addons/base/models/ir_model.py:2183 
2026-03-30 10:40:41,907 1467288 DEBUG ? odoo.modules.registry: Invalidating default model caches from call_cache_clearing_methods /home/pablo/odoo/odoo/addons/base/models/ir_model.py:2183 
2026-03-30 10:40:41,909 1467288 DEBUG ? odoo.modules.registry: Invalidating default model caches from call_cache_clearing_methods /home/pablo/odoo/odoo/addons/base/models/ir_model.py:2183 
2026-03-30 10:40:41,911 1467288 DEBUG ? odoo.modules.registry: Invalidating default model caches from call_cache_clearing_methods /home/pablo/odoo/odoo/addons/base/models/ir_model.py:2183 
2026-03-30 10:40:41,914 1467288 DEBUG ? odoo.modules.registry: Invalidating default model caches from call_cache_clearing_methods /home/pablo/odoo/odoo/addons/base/models/ir_model.py:2183 
2026-03-30 10:40:41,918 1467288 DEBUG ? odoo.modules.registry: Invalidating default model caches from call_cache_clearing_methods /home/pablo/odoo/odoo/addons/base/models/ir_model.py:2183 
2026-03-30 10:40:41,920 1467288 DEBUG ? odoo.modules.registry: Invalidating default model caches from call_cache_clearing_methods /home/pablo/odoo/odoo/addons/base/models/ir_model.py:2183 
2026-03-30 10:40:41,922 1467288 DEBUG ? odoo.modules.registry: Invalidating default model caches from call_cache_clearing_methods /home/pablo/odoo/odoo/addons/base/models/ir_model.py:2183 
2026-03-30 10:40:41,924 1467288 DEBUG ? odoo.modules.registry: Invalidating default model caches from call_cache_clearing_methods /home/pablo/odoo/odoo/addons/base/models/ir_model.py:2183 
2026-03-30 10:40:41,925 1467288 DEBUG ? odoo.modules.registry: Invalidating default model caches from call_cache_clearing_methods /home/pablo/odoo/odoo/addons/base/models/ir_model.py:2183 
2026-03-30 10:40:41,927 1467288 DEBUG ? odoo.modules.registry: Invalidating default model caches from call_cache_clearing_methods /home/pablo/odoo/odoo/addons/base/models/ir_model.py:2183 
2026-03-30 10:40:41,929 1467288 DEBUG ? odoo.modules.registry: Invalidating default model caches from call_cache_clearing_methods /home/pablo/odoo/odoo/addons/base/models/ir_model.py:2183 
2026-03-30 10:40:41,930 1467288 DEBUG ? odoo.modules.registry: Invalidating default model caches from call_cache_clearing_methods /home/pablo/odoo/odoo/addons/base/models/ir_model.py:2183 
2026-03-30 10:40:41,931 1467288 DEBUG ? odoo.modules.registry: Invalidating default model caches from call_cache_clearing_methods /home/pablo/odoo/odoo/addons/base/models/ir_model.py:2183 
2026-03-30 10:40:41,933 1467288 DEBUG ? odoo.modules.registry: Invalidating default model caches from call_cache_clearing_methods /home/pablo/odoo/odoo/addons/base/models/ir_model.py:2183 
2026-03-30 10:40:41,936 1467288 INFO ? odoo.modules.loading: loading helpdesk_mgmt/views/res_partner_views.xml 
2026-03-30 10:40:41,942 1467288 DEBUG ? odoo.modules.registry: Invalidating templates model caches from write /home/pablo/odoo/odoo/addons/base/models/ir_ui_view.py:550 
2026-03-30 10:40:41,951 1467288 DEBUG ? odoo.modules.registry: Invalidating templates model caches from write /home/pablo/odoo/odoo/addons/base/models/ir_ui_view.py:550 
2026-03-30 10:40:42,027 1467288 INFO ? odoo.modules.loading: loading helpdesk_mgmt/views/res_config_settings_views.xml 
2026-03-30 10:40:42,033 1467288 DEBUG ? odoo.modules.registry: Invalidating templates model caches from write /home/pablo/odoo/odoo/addons/base/models/ir_ui_view.py:550 
2026-03-30 10:40:42,036 1467288 DEBUG ? odoo.modules.registry: Invalidating templates model caches from write /home/pablo/odoo/odoo/addons/base/models/ir_ui_view.py:550 
2026-03-30 10:40:42,151 1467288 DEBUG ? odoo.modules.registry: Invalidating default model caches from write /home/pablo/odoo/odoo/addons/base/models/ir_actions.py:114 
2026-03-30 10:40:42,153 1467288 INFO ? odoo.modules.loading: loading helpdesk_mgmt/views/helpdesk_ticket_templates.xml 
2026-03-30 10:40:42,165 1467288 DEBUG ? odoo.modules.registry: Invalidating templates model caches from write /home/pablo/odoo/odoo/addons/base/models/ir_ui_view.py:550 
2026-03-30 10:40:42,169 1467288 DEBUG ? odoo.modules.registry: Invalidating templates model caches from write /home/pablo/odoo/odoo/addons/base/models/ir_ui_view.py:550 
2026-03-30 10:40:42,190 1467288 DEBUG ? odoo.modules.registry: Invalidating templates model caches from write /home/pablo/odoo/odoo/addons/base/models/ir_ui_view.py:550 
2026-03-30 10:40:42,201 1467288 DEBUG ? odoo.modules.registry: Invalidating templates model caches from write /home/pablo/odoo/odoo/addons/base/models/ir_ui_view.py:550 
2026-03-30 10:40:42,212 1467288 DEBUG ? odoo.modules.registry: Invalidating templates model caches from write /home/pablo/odoo/odoo/addons/base/models/ir_ui_view.py:550 
2026-03-30 10:40:42,216 1467288 DEBUG ? odoo.modules.registry: Invalidating templates model caches from write /home/pablo/odoo/odoo/addons/base/models/ir_ui_view.py:550 
2026-03-30 10:40:42,228 1467288 DEBUG ? odoo.modules.registry: Invalidating templates model caches from write /home/pablo/odoo/odoo/addons/base/models/ir_ui_view.py:550 
2026-03-30 10:40:42,231 1467288 DEBUG ? odoo.modules.registry: Invalidating templates model caches from write /home/pablo/odoo/odoo/addons/base/models/ir_ui_view.py:550 
2026-03-30 10:40:42,248 1467288 DEBUG ? odoo.modules.registry: Invalidating templates model caches from write /home/pablo/odoo/odoo/addons/base/models/ir_ui_view.py:550 
2026-03-30 10:40:42,252 1467288 DEBUG ? odoo.modules.registry: Invalidating templates model caches from write /home/pablo/odoo/odoo/addons/base/models/ir_ui_view.py:550 
2026-03-30 10:40:42,268 1467288 DEBUG ? odoo.modules.registry: Invalidating templates model caches from write /home/pablo/odoo/odoo/addons/base/models/ir_ui_view.py:550 
2026-03-30 10:40:42,271 1467288 DEBUG ? odoo.modules.registry: Invalidating templates model caches from write /home/pablo/odoo/odoo/addons/base/models/ir_ui_view.py:550 
2026-03-30 10:40:42,282 1467288 DEBUG ? odoo.modules.registry: Invalidating templates model caches from write /home/pablo/odoo/odoo/addons/base/models/ir_ui_view.py:550 
2026-03-30 10:40:42,283 1467288 DEBUG ? odoo.modules.registry: Invalidating templates model caches from write /home/pablo/odoo/odoo/addons/base/models/ir_ui_view.py:550 
2026-03-30 10:40:42,295 1467288 DEBUG ? odoo.modules.registry: Invalidating templates model caches from write /home/pablo/odoo/odoo/addons/base/models/ir_ui_view.py:550 
2026-03-30 10:40:42,299 1467288 DEBUG ? odoo.modules.registry: Invalidating templates model caches from write /home/pablo/odoo/odoo/addons/base/models/ir_ui_view.py:550 
2026-03-30 10:40:42,315 1467288 DEBUG ? odoo.modules.registry: Invalidating templates model caches from write /home/pablo/odoo/odoo/addons/base/models/ir_ui_view.py:550 
2026-03-30 10:40:42,317 1467288 DEBUG ? odoo.modules.registry: Invalidating templates model caches from write /home/pablo/odoo/odoo/addons/base/models/ir_ui_view.py:550 
2026-03-30 10:40:42,321 1467288 INFO ? odoo.modules.loading: loading helpdesk_mgmt/views/helpdesk_ticket_time_line_views.xml 
2026-03-30 10:40:42,333 1467288 DEBUG ? odoo.modules.registry: Invalidating templates model caches from write /home/pablo/odoo/odoo/addons/base/models/ir_ui_view.py:550 
2026-03-30 10:40:42,334 1467288 DEBUG ? odoo.modules.registry: Invalidating templates model caches from write /home/pablo/odoo/odoo/addons/base/models/ir_ui_view.py:550 
2026-03-30 10:40:42,350 1467288 INFO ? odoo.modules.loading: loading helpdesk_mgmt/views/helpdesk_ticket_views.xml 
2026-03-30 10:40:42,365 1467288 DEBUG ? odoo.modules.registry: Invalidating default model caches from write /home/pablo/odoo/odoo/addons/base/models/ir_actions.py:114 
2026-03-30 10:40:42,368 1467288 DEBUG ? odoo.modules.registry: Invalidating default model caches from write /home/pablo/odoo/odoo/addons/base/models/ir_actions.py:114 
2026-03-30 10:40:42,372 1467288 DEBUG ? odoo.modules.registry: Invalidating templates model caches from write /home/pablo/odoo/odoo/addons/base/models/ir_ui_view.py:550 
2026-03-30 10:40:42,374 1467288 DEBUG ? odoo.modules.registry: Invalidating templates model caches from write /home/pablo/odoo/odoo/addons/base/models/ir_ui_view.py:550 
2026-03-30 10:40:42,391 1467288 DEBUG ? odoo.modules.registry: Invalidating templates model caches from write /home/pablo/odoo/odoo/addons/base/models/ir_ui_view.py:550 
2026-03-30 10:40:42,393 1467288 DEBUG ? odoo.modules.registry: Invalidating templates model caches from write /home/pablo/odoo/odoo/addons/base/models/ir_ui_view.py:550 
2026-03-30 10:40:42,401 1467288 DEBUG ? odoo.modules.registry: Invalidating templates model caches from write /home/pablo/odoo/odoo/addons/base/models/ir_ui_view.py:550 
2026-03-30 10:40:42,403 1467288 DEBUG ? odoo.modules.registry: Invalidating templates model caches from write /home/pablo/odoo/odoo/addons/base/models/ir_ui_view.py:550 
2026-03-30 10:40:42,412 1467288 DEBUG ? odoo.modules.registry: Invalidating templates model caches from write /home/pablo/odoo/odoo/addons/base/models/ir_ui_view.py:550 
2026-03-30 10:40:42,414 1467288 DEBUG ? odoo.modules.registry: Invalidating templates model caches from write /home/pablo/odoo/odoo/addons/base/models/ir_ui_view.py:550 
2026-03-30 10:40:42,434 1467288 DEBUG ? odoo.modules.registry: Invalidating templates model caches from write /home/pablo/odoo/odoo/addons/base/models/ir_ui_view.py:550 
2026-03-30 10:40:42,436 1467288 DEBUG ? odoo.modules.registry: Invalidating templates model caches from write /home/pablo/odoo/odoo/addons/base/models/ir_ui_view.py:550 
2026-03-30 10:40:42,451 1467288 DEBUG ? odoo.modules.registry: Invalidating templates model caches from write /home/pablo/odoo/odoo/addons/base/models/ir_ui_view.py:550 
2026-03-30 10:40:42,452 1467288 DEBUG ? odoo.modules.registry: Invalidating templates model caches from write /home/pablo/odoo/odoo/addons/base/models/ir_ui_view.py:550 
2026-03-30 10:40:42,468 1467288 DEBUG ? odoo.modules.registry: Invalidating templates model caches from write /home/pablo/odoo/odoo/addons/base/models/ir_ui_view.py:550 
2026-03-30 10:40:42,469 1467288 DEBUG ? odoo.modules.registry: Invalidating templates model caches from write /home/pablo/odoo/odoo/addons/base/models/ir_ui_view.py:550 
2026-03-30 10:40:42,492 1467288 DEBUG ? odoo.modules.registry: Invalidating templates model caches from write /home/pablo/odoo/odoo/addons/base/models/ir_ui_view.py:550 
2026-03-30 10:40:42,493 1467288 DEBUG ? odoo.modules.registry: Invalidating templates model caches from write /home/pablo/odoo/odoo/addons/base/models/ir_ui_view.py:550 
2026-03-30 10:40:42,505 1467288 DEBUG ? odoo.modules.registry: Invalidating templates model caches from write /home/pablo/odoo/odoo/addons/base/models/ir_ui_view.py:550 
2026-03-30 10:40:42,506 1467288 DEBUG ? odoo.modules.registry: Invalidating templates model caches from write /home/pablo/odoo/odoo/addons/base/models/ir_ui_view.py:550 
2026-03-30 10:40:42,529 1467288 DEBUG ? odoo.tools.convert: while parsing /home/pablo/odoo/addons/helpdesk/helpdesk_mgmt/views/helpdesk_ticket_views.xml:439
Error while parsing or validating view:

Element '<xpath expr="//header/button[@name=&#39;action_cancel_case&#39;]">' cannot be located in parent view

View error context:
{'file': '/home/pablo/odoo/addons/helpdesk/helpdesk_mgmt/views/helpdesk_ticket_views.xml',
 'line': 1,
 'name': 'helpdesk.ticket.form.resolution.ot',
 'view': ir.ui.view(1565,),
 'view.model': 'helpdesk.ticket',
 'view.parent': ir.ui.view(1552,),
 'xmlid': 'view_helpdesk_ticket_form_resolution'}
 
Traceback (most recent call last):
  File "/home/pablo/odoo/odoo/tools/convert.py", line 590, in _tag_root
    f(rec)
    ~^^^^^
  File "/home/pablo/odoo/odoo/tools/convert.py", line 444, in _tag_record
    record = model._load_records([data], self.mode == 'update')
  File "/home/pablo/odoo/odoo/models.py", line 5508, in _load_records
    data['record']._load_records_write(data['values'])
    ~~~~~~~~~~~~~~~~~~~~~~~~~~~~~~~~~~^^^^^^^^^^^^^^^^
  File "/home/pablo/odoo/odoo/addons/base/models/ir_ui_view.py", line 2311, in _load_records_write
    super(View, self)._load_records_write(values)
    ~~~~~~~~~~~~~~~~~~~~~~~~~~~~~~~~~~~~~^^^^^^^^
  File "/home/pablo/odoo/odoo/models.py", line 5426, in _load_records_write
    self.write(values)
    ~~~~~~~~~~^^^^^^^^
  File "/home/pablo/odoo/odoo/addons/base/models/ir_ui_view.py", line 554, in write
    res = super(View, self).write(self._compute_defaults(vals))
  File "/home/pablo/odoo/odoo/models.py", line 4845, in write
    fields[0].determine_inverse(real_recs)
    ~~~~~~~~~~~~~~~~~~~~~~~~~~~^^^^^^^^^^^
  File "/home/pablo/odoo/odoo/fields.py", line 1502, in determine_inverse
    determine(self.inverse, records)
    ~~~~~~~~~^^^^^^^^^^^^^^^^^^^^^^^
  File "/home/pablo/odoo/odoo/fields.py", line 110, in determine
    return needle(*args)
  File "/home/pablo/odoo/odoo/addons/base/models/ir_ui_view.py", line 262, in _inverse_arch
    view.write(data)
    ~~~~~~~~~~^^^^^^
  File "/home/pablo/odoo/odoo/addons/base/models/ir_ui_view.py", line 554, in write
    res = super(View, self).write(self._compute_defaults(vals))
  File "/home/pablo/odoo/odoo/models.py", line 4835, in write
    real_recs._validate_fields(vals, inverse_fields)
    ~~~~~~~~~~~~~~~~~~~~~~~~~~^^^^^^^^^^^^^^^^^^^^^^
  File "/home/pablo/odoo/odoo/models.py", line 1636, in _validate_fields
    check(self)
    ~~~~~^^^^^^
  File "/home/pablo/odoo/odoo/addons/base/models/ir_ui_view.py", line 377, in _check_xml
    raise err from None
  File "/home/pablo/odoo/odoo/addons/base/models/ir_ui_view.py", line 367, in _check_xml
    combined_arch = view._get_combined_arch()
  File "/home/pablo/odoo/odoo/addons/base/models/ir_ui_view.py", line 962, in _get_combined_arch
    arch = root.with_prefetch(tree_views._prefetch_ids)._combine(hierarchy)
  File "/home/pablo/odoo/odoo/addons/base/models/ir_ui_view.py", line 920, in _combine
    combined_arch = view.apply_inheritance_specs(combined_arch, arch)
  File "/home/pablo/odoo/odoo/addons/base/models/ir_ui_view.py", line 857, in apply_inheritance_specs
    self._raise_view_error(str(e), specs_tree)
    ~~~~~~~~~~~~~~~~~~~~~~^^^^^^^^^^^^^^^^^^^^
  File "/home/pablo/odoo/odoo/addons/base/models/ir_ui_view.py", line 734, in _raise_view_error
    raise err from from_exception
odoo.exceptions.ValidationError: Error while parsing or validating view:

Element '<xpath expr="//header/button[@name=&#39;action_cancel_case&#39;]">' cannot be located in parent view
2026-03-30 10:40:42,540 1467288 WARNING ? odoo.modules.loading: Transient module states were reset 
2026-03-30 10:40:42,542 1467288 ERROR ? odoo.modules.registry: Failed to load registry 
2026-03-30 10:40:42,542 1467288 ERROR ? odoo.http: Exception during request handling. 
Traceback (most recent call last):
  File "/home/pablo/odoo/odoo/http.py", line 2577, in __call__
    response = request._serve_db()
  File "/home/pablo/odoo/odoo/http.py", line 2081, in _serve_db
    self.registry, cr_readwrite = self._open_registry()
                                  ~~~~~~~~~~~~~~~~~~~^^
  File "/home/pablo/odoo/odoo/http.py", line 1690, in _open_registry
    registry = Registry(self.db)
  File "/home/pablo/odoo/odoo/modules/registry.py", line 108, in __new__
    return cls.new(db_name)
           ~~~~~~~^^^^^^^^^
  File "/home/pablo/odoo/.venv/lib/python3.13/site-packages/decorator.py", line 235, in fun
    return caller(func, *(extras + args), **kw)
  File "/home/pablo/odoo/odoo/tools/func.py", line 97, in locked
    return func(inst, *args, **kwargs)
  File "/home/pablo/odoo/odoo/modules/registry.py", line 129, in new
    odoo.modules.load_modules(registry, force_demo, status, update_module)
    ~~~~~~~~~~~~~~~~~~~~~~~~~^^^^^^^^^^^^^^^^^^^^^^^^^^^^^^^^^^^^^^^^^^^^^
  File "/home/pablo/odoo/odoo/modules/loading.py", line 485, in load_modules
    processed_modules += load_marked_modules(env, graph,
                         ~~~~~~~~~~~~~~~~~~~^^^^^^^^^^^^
        ['installed', 'to upgrade', 'to remove'],
        ^^^^^^^^^^^^^^^^^^^^^^^^^^^^^^^^^^^^^^^^^
        force, status, report, loaded_modules, update_module, models_to_check)
        ^^^^^^^^^^^^^^^^^^^^^^^^^^^^^^^^^^^^^^^^^^^^^^^^^^^^^^^^^^^^^^^^^^^^^^
  File "/home/pablo/odoo/odoo/modules/loading.py", line 365, in load_marked_modules
    loaded, processed = load_module_graph(
                        ~~~~~~~~~~~~~~~~~^
        env, graph, progressdict, report=report, skip_modules=loaded_modules,
        ^^^^^^^^^^^^^^^^^^^^^^^^^^^^^^^^^^^^^^^^^^^^^^^^^^^^^^^^^^^^^^^^^^^^^
        perform_checks=perform_checks, models_to_check=models_to_check
        ^^^^^^^^^^^^^^^^^^^^^^^^^^^^^^^^^^^^^^^^^^^^^^^^^^^^^^^^^^^^^^
    )
    ^
  File "/home/pablo/odoo/odoo/modules/loading.py", line 228, in load_module_graph
    load_data(env, idref, mode, kind='data', package=package)
    ~~~~~~~~~^^^^^^^^^^^^^^^^^^^^^^^^^^^^^^^^^^^^^^^^^^^^^^^^
  File "/home/pablo/odoo/odoo/modules/loading.py", line 72, in load_data
    tools.convert_file(env, package.name, filename, idref, mode, noupdate, kind)
    ~~~~~~~~~~~~~~~~~~^^^^^^^^^^^^^^^^^^^^^^^^^^^^^^^^^^^^^^^^^^^^^^^^^^^^^^^^^^
  File "/home/pablo/odoo/odoo/tools/convert.py", line 662, in convert_file
    convert_xml_import(env, module, fp, idref, mode, noupdate)
    ~~~~~~~~~~~~~~~~~~^^^^^^^^^^^^^^^^^^^^^^^^^^^^^^^^^^^^^^^^
  File "/home/pablo/odoo/odoo/tools/convert.py", line 733, in convert_xml_import
    obj.parse(doc.getroot())
    ~~~~~~~~~^^^^^^^^^^^^^^^
  File "/home/pablo/odoo/odoo/tools/convert.py", line 648, in parse
    self._tag_root(de)
    ~~~~~~~~~~~~~~^^^^
  File "/home/pablo/odoo/odoo/tools/convert.py", line 601, in _tag_root
    raise ParseError(msg) from None  # Restart with "--log-handler odoo.tools.convert:DEBUG" for complete traceback
    ^^^^^^^^^^^^^^^^^^^^^^^^^^^^^^^
odoo.tools.convert.ParseError: while parsing /home/pablo/odoo/addons/helpdesk/helpdesk_mgmt/views/helpdesk_ticket_views.xml:439
Error while parsing or validating view:

Element '<xpath expr="//header/button[@name=&#39;action_cancel_case&#39;]">' cannot be located in parent view

View error context:
{'file': '/home/pablo/odoo/addons/helpdesk/helpdesk_mgmt/views/helpdesk_ticket_views.xml',
 'line': 1,
 'name': 'helpdesk.ticket.form.resolution.ot',
 'view': ir.ui.view(1565,),
 'view.model': 'helpdesk.ticket',
 'view.parent': ir.ui.view(1552,),
 'xmlid': 'view_helpdesk_ticket_form_resolution'}

2026-03-30 10:40:42,549 1467288 INFO ? werkzeug: 127.0.0.1 - - [30/Mar/2026 10:40:42] "GET /favicon.ico HTTP/1.1" 500 - 797 0.930 1.845
2026-03-30 10:40:42,563 1467288 DEBUG ? odoo.modules.registry: Multiprocess load registry signaling: [Registry: 26] [Cache default: 28] [Cache assets: 3] [Cache templates: 2] [Cache routing: 1] [Cache groups: 2] 
2026-03-30 10:40:42,573 1467288 INFO ? odoo.modules.loading: loading 1 modules... 
2026-03-30 10:40:42,573 1467288 DEBUG ? odoo.modules.loading: Loading module base (1/1) 
2026-03-30 10:40:42,586 1467288 DEBUG ? odoo.modules.loading: Module base loaded in 0.01s, 0 queries 
2026-03-30 10:40:42,586 1467288 INFO ? odoo.modules.loading: 1 modules loaded in 0.01s, 0 queries (+0 extra) 
2026-03-30 10:40:42,598 1467288 DEBUG ? odoo.modules.loading: Updating graph with 100 more modules 
2026-03-30 10:40:42,599 1467288 INFO ? odoo.modules.loading: loading 101 modules... 
2026-03-30 10:40:42,600 1467288 DEBUG ? odoo.modules.loading: Loading module l10n_us (2/101) 
2026-03-30 10:40:42,600 1467288 DEBUG ? odoo.modules.loading: Module l10n_us loaded in 0.00s, 0 queries 
2026-03-30 10:40:42,600 1467288 DEBUG ? odoo.modules.loading: Loading module social_media (3/101) 
2026-03-30 10:40:42,600 1467288 DEBUG ? odoo.modules.loading: Module social_media loaded in 0.00s, 0 queries 
2026-03-30 10:40:42,600 1467288 DEBUG ? odoo.modules.loading: Loading module uom (4/101) 
2026-03-30 10:40:42,601 1467288 DEBUG ? odoo.modules.loading: Module uom loaded in 0.00s, 0 queries 
2026-03-30 10:40:42,601 1467288 DEBUG ? odoo.modules.loading: Loading module web (5/101) 
2026-03-30 10:40:42,603 1467288 DEBUG ? odoo.modules.loading: Module web loaded in 0.00s, 0 queries 
2026-03-30 10:40:42,603 1467288 DEBUG ? odoo.modules.loading: Loading module auth_totp (6/101) 
2026-03-30 10:40:42,604 1467288 DEBUG ? odoo.modules.loading: Module auth_totp loaded in 0.00s, 0 queries 
2026-03-30 10:40:42,604 1467288 DEBUG ? odoo.modules.loading: Loading module barcodes (7/101) 
2026-03-30 10:40:42,604 1467288 DEBUG ? odoo.modules.loading: Module barcodes loaded in 0.00s, 0 queries 
2026-03-30 10:40:42,605 1467288 DEBUG ? odoo.modules.loading: Loading module base_import (8/101) 
2026-03-30 10:40:42,610 1467288 DEBUG ? odoo.modules.loading: Module base_import loaded in 0.00s, 0 queries 
2026-03-30 10:40:42,610 1467288 DEBUG ? odoo.modules.loading: Loading module base_import_module (9/101) 
2026-03-30 10:40:42,610 1467288 DEBUG ? odoo.modules.loading: Module base_import_module loaded in 0.00s, 0 queries 
2026-03-30 10:40:42,610 1467288 DEBUG ? odoo.modules.loading: Loading module base_setup (10/101) 
2026-03-30 10:40:42,611 1467288 DEBUG ? odoo.modules.loading: Module base_setup loaded in 0.00s, 0 queries 
2026-03-30 10:40:42,611 1467288 DEBUG ? odoo.modules.loading: Loading module bus (11/101) 
2026-03-30 10:40:42,611 1467288 DEBUG ? odoo.modules.loading: Module bus loaded in 0.00s, 0 queries 
2026-03-30 10:40:42,611 1467288 DEBUG ? odoo.modules.loading: Loading module http_routing (12/101) 
2026-03-30 10:40:42,612 1467288 DEBUG ? odoo.modules.loading: Module http_routing loaded in 0.00s, 0 queries 
2026-03-30 10:40:42,612 1467288 DEBUG ? odoo.modules.loading: Loading module onboarding (13/101) 
2026-03-30 10:40:42,612 1467288 DEBUG ? odoo.modules.loading: Module onboarding loaded in 0.00s, 0 queries 
2026-03-30 10:40:42,612 1467288 DEBUG ? odoo.modules.loading: Loading module resource (14/101) 
2026-03-30 10:40:42,614 1467288 DEBUG ? odoo.modules.loading: Module resource loaded in 0.00s, 0 queries 
2026-03-30 10:40:42,615 1467288 DEBUG ? odoo.modules.loading: Loading module utm (15/101) 
2026-03-30 10:40:42,615 1467288 DEBUG ? odoo.modules.loading: Module utm loaded in 0.00s, 0 queries 
2026-03-30 10:40:42,616 1467288 DEBUG ? odoo.modules.loading: Loading module web_hierarchy (16/101) 
2026-03-30 10:40:42,618 1467288 DEBUG ? odoo.modules.loading: Module web_hierarchy loaded in 0.00s, 0 queries 
2026-03-30 10:40:42,618 1467288 DEBUG ? odoo.modules.loading: Loading module web_tour (17/101) 
2026-03-30 10:40:42,619 1467288 DEBUG ? odoo.modules.loading: Module web_tour loaded in 0.00s, 0 queries 
2026-03-30 10:40:42,619 1467288 DEBUG ? odoo.modules.loading: Loading module barcodes_gs1_nomenclature (18/101) 
2026-03-30 10:40:42,619 1467288 DEBUG ? odoo.modules.loading: Module barcodes_gs1_nomenclature loaded in 0.00s, 0 queries 
2026-03-30 10:40:42,619 1467288 DEBUG ? odoo.modules.loading: Loading module html_editor (19/101) 
2026-03-30 10:40:42,620 1467288 DEBUG ? odoo.modules.loading: Module html_editor loaded in 0.00s, 0 queries 
2026-03-30 10:40:42,620 1467288 DEBUG ? odoo.modules.loading: Loading module iap (20/101) 
2026-03-30 10:40:42,620 1467288 DEBUG ? odoo.modules.loading: Module iap loaded in 0.00s, 0 queries 
2026-03-30 10:40:42,620 1467288 DEBUG ? odoo.modules.loading: Loading module mail (21/101) 
2026-03-30 10:40:42,631 1467288 DEBUG ? odoo.modules.loading: Module mail loaded in 0.01s, 0 queries 
2026-03-30 10:40:42,633 1467288 DEBUG ? odoo.modules.loading: Loading module web_editor (22/101) 
2026-03-30 10:40:42,640 1467288 DEBUG ? odoo.modules.loading: Module web_editor loaded in 0.01s, 0 queries 
2026-03-30 10:40:42,640 1467288 DEBUG ? odoo.modules.loading: Loading module analytic (23/101) 
2026-03-30 10:40:42,641 1467288 DEBUG ? odoo.modules.loading: Module analytic loaded in 0.00s, 0 queries 
2026-03-30 10:40:42,641 1467288 DEBUG ? odoo.modules.loading: Loading module auth_signup (24/101) 
2026-03-30 10:40:42,642 1467288 DEBUG ? odoo.modules.loading: Module auth_signup loaded in 0.00s, 0 queries 
2026-03-30 10:40:42,642 1467288 DEBUG ? odoo.modules.loading: Loading module auth_totp_mail (25/101) 
2026-03-30 10:40:42,643 1467288 DEBUG ? odoo.modules.loading: Module auth_totp_mail loaded in 0.00s, 0 queries 
2026-03-30 10:40:42,643 1467288 DEBUG ? odoo.modules.loading: Loading module base_install_request (26/101) 
2026-03-30 10:40:42,643 1467288 DEBUG ? odoo.modules.loading: Module base_install_request loaded in 0.00s, 0 queries 
2026-03-30 10:40:42,643 1467288 DEBUG ? odoo.modules.loading: Loading module calendar (27/101) 
2026-03-30 10:40:42,645 1467288 DEBUG ? odoo.modules.loading: Module calendar loaded in 0.00s, 0 queries 
2026-03-30 10:40:42,645 1467288 DEBUG ? odoo.modules.loading: Loading module contacts (28/101) 
2026-03-30 10:40:42,645 1467288 DEBUG ? odoo.modules.loading: Module contacts loaded in 0.00s, 0 queries 
2026-03-30 10:40:42,645 1467288 DEBUG ? odoo.modules.loading: Loading module gamification (29/101) 
2026-03-30 10:40:42,646 1467288 DEBUG ? odoo.modules.loading: Module gamification loaded in 0.00s, 0 queries 
2026-03-30 10:40:42,646 1467288 DEBUG ? odoo.modules.loading: Loading module iap_mail (30/101) 
2026-03-30 10:40:42,647 1467288 DEBUG ? odoo.modules.loading: Module iap_mail loaded in 0.00s, 0 queries 
2026-03-30 10:40:42,647 1467288 DEBUG ? odoo.modules.loading: Loading module link_tracker (31/101) 
2026-03-30 10:40:42,648 1467288 DEBUG ? odoo.modules.loading: Module link_tracker loaded in 0.00s, 0 queries 
2026-03-30 10:40:42,648 1467288 DEBUG ? odoo.modules.loading: Loading module mail_bot (32/101) 
2026-03-30 10:40:42,649 1467288 DEBUG ? odoo.modules.loading: Module mail_bot loaded in 0.00s, 0 queries 
2026-03-30 10:40:42,649 1467288 DEBUG ? odoo.modules.loading: Loading module microsoft_outlook (33/101) 
2026-03-30 10:40:42,649 1467288 DEBUG ? odoo.modules.loading: Module microsoft_outlook loaded in 0.00s, 0 queries 
2026-03-30 10:40:42,649 1467288 DEBUG ? odoo.modules.loading: Loading module phone_validation (34/101) 
2026-03-30 10:40:42,653 1467288 DEBUG ? odoo.modules.loading: Module phone_validation loaded in 0.00s, 0 queries 
2026-03-30 10:40:42,653 1467288 DEBUG ? odoo.modules.loading: Loading module privacy_lookup (35/101) 
2026-03-30 10:40:42,654 1467288 DEBUG ? odoo.modules.loading: Module privacy_lookup loaded in 0.00s, 0 queries 
2026-03-30 10:40:42,654 1467288 DEBUG ? odoo.modules.loading: Loading module product (36/101) 
2026-03-30 10:40:42,657 1467288 DEBUG ? odoo.modules.loading: Module product loaded in 0.00s, 0 queries 
2026-03-30 10:40:42,657 1467288 DEBUG ? odoo.modules.loading: Loading module rating (37/101) 
2026-03-30 10:40:42,664 1467288 DEBUG ? odoo.modules.loading: Module rating loaded in 0.01s, 0 queries 
2026-03-30 10:40:42,665 1467288 DEBUG ? odoo.modules.loading: Loading module resource_mail (38/101) 
2026-03-30 10:40:42,665 1467288 DEBUG ? odoo.modules.loading: Module resource_mail loaded in 0.00s, 0 queries 
2026-03-30 10:40:42,665 1467288 DEBUG ? odoo.modules.loading: Loading module sales_team (39/101) 
2026-03-30 10:40:42,666 1467288 DEBUG ? odoo.modules.loading: Module sales_team loaded in 0.00s, 0 queries 
2026-03-30 10:40:42,668 1467288 DEBUG ? odoo.modules.loading: Loading module web_unsplash (40/101) 
2026-03-30 10:40:42,669 1467288 DEBUG ? odoo.modules.loading: Module web_unsplash loaded in 0.00s, 0 queries 
2026-03-30 10:40:42,670 1467288 DEBUG ? odoo.modules.loading: Loading module partner_autocomplete (41/101) 
2026-03-30 10:40:42,670 1467288 DEBUG ? odoo.modules.loading: Module partner_autocomplete loaded in 0.00s, 0 queries 
2026-03-30 10:40:42,670 1467288 DEBUG ? odoo.modules.loading: Loading module portal (42/101) 
2026-03-30 10:40:42,671 1467288 DEBUG ? odoo.modules.loading: Module portal loaded in 0.00s, 0 queries 
2026-03-30 10:40:42,671 1467288 DEBUG ? odoo.modules.loading: Loading module sms (43/101) 
2026-03-30 10:40:42,676 1467288 DEBUG ? odoo.modules.loading: Module sms loaded in 0.00s, 0 queries 
2026-03-30 10:40:42,676 1467288 DEBUG ? odoo.modules.loading: Loading module snailmail (44/101) 
2026-03-30 10:40:42,677 1467288 DEBUG ? odoo.modules.loading: Module snailmail loaded in 0.00s, 0 queries 
2026-03-30 10:40:42,677 1467288 DEBUG ? odoo.modules.loading: Loading module survey (45/101) 
2026-03-30 10:40:42,678 1467288 DEBUG ? odoo.modules.loading: Module survey loaded in 0.00s, 0 queries 
2026-03-30 10:40:42,678 1467288 DEBUG ? odoo.modules.loading: Loading module auth_totp_portal (46/101) 
2026-03-30 10:40:42,678 1467288 DEBUG ? odoo.modules.loading: Module auth_totp_portal loaded in 0.00s, 0 queries 
2026-03-30 10:40:42,678 1467288 DEBUG ? odoo.modules.loading: Loading module calendar_sms (47/101) 
2026-03-30 10:40:42,679 1467288 DEBUG ? odoo.modules.loading: Module calendar_sms loaded in 0.00s, 0 queries 
2026-03-30 10:40:42,679 1467288 DEBUG ? odoo.modules.loading: Loading module digest (48/101) 
2026-03-30 10:40:42,679 1467288 DEBUG ? odoo.modules.loading: Module digest loaded in 0.00s, 0 queries 
2026-03-30 10:40:42,679 1467288 DEBUG ? odoo.modules.loading: Loading module payment (49/101) 
2026-03-30 10:40:42,680 1467288 DEBUG ? odoo.modules.loading: Module payment loaded in 0.00s, 0 queries 
2026-03-30 10:40:42,680 1467288 DEBUG ? odoo.modules.loading: Loading module portal_rating (50/101) 
2026-03-30 10:40:42,680 1467288 DEBUG ? odoo.modules.loading: Module portal_rating loaded in 0.00s, 0 queries 
2026-03-30 10:40:42,680 1467288 DEBUG ? odoo.modules.loading: Loading module spreadsheet (51/101) 
2026-03-30 10:40:42,685 1467288 DEBUG ? odoo.modules.loading: Module spreadsheet loaded in 0.00s, 0 queries 
2026-03-30 10:40:42,685 1467288 DEBUG ? odoo.modules.loading: Loading module account (52/101) 
2026-03-30 10:40:42,692 1467288 DEBUG ? odoo.modules.loading: Module account loaded in 0.01s, 0 queries 
2026-03-30 10:40:42,693 1467288 DEBUG ? odoo.modules.loading: Loading module crm (53/101) 
2026-03-30 10:40:42,694 1467288 DEBUG ? odoo.modules.loading: Module crm loaded in 0.00s, 0 queries 
2026-03-30 10:40:42,694 1467288 DEBUG ? odoo.modules.loading: Loading module hr (54/101) 
2026-03-30 10:40:42,702 1467288 DEBUG ? odoo.modules.loading: Module hr loaded in 0.01s, 0 queries 
2026-03-30 10:40:42,702 1467288 DEBUG ? odoo.modules.loading: Loading module mass_mailing (55/101) 
2026-03-30 10:40:42,704 1467288 DEBUG ? odoo.modules.loading: Module mass_mailing loaded in 0.00s, 0 queries 
2026-03-30 10:40:42,704 1467288 DEBUG ? odoo.modules.loading: Loading module project (56/101) 
2026-03-30 10:40:42,706 1467288 DEBUG ? odoo.modules.loading: Module project loaded in 0.00s, 0 queries 
2026-03-30 10:40:42,706 1467288 DEBUG ? odoo.modules.loading: Loading module spreadsheet_dashboard (57/101) 
2026-03-30 10:40:42,706 1467288 DEBUG ? odoo.modules.loading: Module spreadsheet_dashboard loaded in 0.00s, 0 queries 
2026-03-30 10:40:42,706 1467288 DEBUG ? odoo.modules.loading: Loading module stock (58/101) 
2026-03-30 10:40:42,711 1467288 DEBUG ? odoo.modules.loading: Module stock loaded in 0.00s, 0 queries 
2026-03-30 10:40:42,711 1467288 DEBUG ? odoo.modules.loading: Loading module account_add_gln (59/101) 
2026-03-30 10:40:42,712 1467288 DEBUG ? odoo.modules.loading: Module account_add_gln loaded in 0.00s, 0 queries 
2026-03-30 10:40:42,712 1467288 DEBUG ? odoo.modules.loading: Loading module account_edi_ubl_cii (60/101) 
2026-03-30 10:40:42,712 1467288 DEBUG ? odoo.modules.loading: Module account_edi_ubl_cii loaded in 0.00s, 0 queries 
2026-03-30 10:40:42,712 1467288 DEBUG ? odoo.modules.loading: Loading module account_payment (61/101) 
2026-03-30 10:40:42,713 1467288 DEBUG ? odoo.modules.loading: Module account_payment loaded in 0.00s, 0 queries 
2026-03-30 10:40:42,713 1467288 DEBUG ? odoo.modules.loading: Loading module base_iban (62/101) 
2026-03-30 10:40:42,713 1467288 DEBUG ? odoo.modules.loading: Module base_iban loaded in 0.00s, 0 queries 
2026-03-30 10:40:42,713 1467288 DEBUG ? odoo.modules.loading: Loading module base_vat (63/101) 
2026-03-30 10:40:42,714 1467288 DEBUG ? odoo.modules.loading: Module base_vat loaded in 0.00s, 0 queries 
2026-03-30 10:40:42,714 1467288 DEBUG ? odoo.modules.loading: Loading module board (64/101) 
2026-03-30 10:40:42,714 1467288 DEBUG ? odoo.modules.loading: Module board loaded in 0.00s, 0 queries 
2026-03-30 10:40:42,714 1467288 DEBUG ? odoo.modules.loading: Loading module crm_sms (65/101) 
2026-03-30 10:40:42,714 1467288 DEBUG ? odoo.modules.loading: Module crm_sms loaded in 0.00s, 0 queries 
2026-03-30 10:40:42,714 1467288 DEBUG ? odoo.modules.loading: Loading module hr_calendar (66/101) 
2026-03-30 10:40:42,714 1467288 DEBUG ? odoo.modules.loading: Module hr_calendar loaded in 0.00s, 0 queries 
2026-03-30 10:40:42,714 1467288 DEBUG ? odoo.modules.loading: Loading module hr_gamification (67/101) 
2026-03-30 10:40:42,715 1467288 DEBUG ? odoo.modules.loading: Module hr_gamification loaded in 0.00s, 0 queries 
2026-03-30 10:40:42,715 1467288 DEBUG ? odoo.modules.loading: Loading module hr_org_chart (68/101) 
2026-03-30 10:40:42,715 1467288 DEBUG ? odoo.modules.loading: Module hr_org_chart loaded in 0.00s, 0 queries 
2026-03-30 10:40:42,715 1467288 DEBUG ? odoo.modules.loading: Loading module hr_skills (69/101) 
2026-03-30 10:40:42,716 1467288 DEBUG ? odoo.modules.loading: Module hr_skills loaded in 0.00s, 0 queries 
2026-03-30 10:40:42,716 1467288 DEBUG ? odoo.modules.loading: Loading module iap_crm (70/101) 
2026-03-30 10:40:42,716 1467288 DEBUG ? odoo.modules.loading: Module iap_crm loaded in 0.00s, 0 queries 
2026-03-30 10:40:42,716 1467288 DEBUG ? odoo.modules.loading: Loading module l10n_us_account (71/101) 
2026-03-30 10:40:42,716 1467288 DEBUG ? odoo.modules.loading: Module l10n_us_account loaded in 0.00s, 0 queries 
2026-03-30 10:40:42,716 1467288 DEBUG ? odoo.modules.loading: Loading module mail_bot_hr (72/101) 
2026-03-30 10:40:42,716 1467288 DEBUG ? odoo.modules.loading: Module mail_bot_hr loaded in 0.00s, 0 queries 
2026-03-30 10:40:42,716 1467288 DEBUG ? odoo.modules.loading: Loading module mass_mailing_crm (73/101) 
2026-03-30 10:40:42,716 1467288 DEBUG ? odoo.modules.loading: Module mass_mailing_crm loaded in 0.00s, 0 queries 
2026-03-30 10:40:42,716 1467288 DEBUG ? odoo.modules.loading: Loading module mass_mailing_themes (74/101) 
2026-03-30 10:40:42,716 1467288 DEBUG ? odoo.modules.loading: Module mass_mailing_themes loaded in 0.00s, 0 queries 
2026-03-30 10:40:42,717 1467288 DEBUG ? odoo.modules.loading: Loading module project_account (75/101) 
2026-03-30 10:40:42,717 1467288 DEBUG ? odoo.modules.loading: Module project_account loaded in 0.00s, 0 queries 
2026-03-30 10:40:42,717 1467288 DEBUG ? odoo.modules.loading: Loading module project_sms (76/101) 
2026-03-30 10:40:42,717 1467288 DEBUG ? odoo.modules.loading: Module project_sms loaded in 0.00s, 0 queries 
2026-03-30 10:40:42,717 1467288 DEBUG ? odoo.modules.loading: Loading module project_stock (77/101) 
2026-03-30 10:40:42,717 1467288 DEBUG ? odoo.modules.loading: Module project_stock loaded in 0.00s, 0 queries 
2026-03-30 10:40:42,717 1467288 DEBUG ? odoo.modules.loading: Loading module project_todo (78/101) 
2026-03-30 10:40:42,717 1467288 DEBUG ? odoo.modules.loading: Module project_todo loaded in 0.00s, 0 queries 
2026-03-30 10:40:42,718 1467288 DEBUG ? odoo.modules.loading: Loading module purchase (79/101) 
2026-03-30 10:40:42,718 1467288 DEBUG ? odoo.modules.loading: Module purchase loaded in 0.00s, 0 queries 
2026-03-30 10:40:42,719 1467288 DEBUG ? odoo.modules.loading: Loading module snailmail_account (80/101) 
2026-03-30 10:40:42,719 1467288 DEBUG ? odoo.modules.loading: Module snailmail_account loaded in 0.00s, 0 queries 
2026-03-30 10:40:42,719 1467288 DEBUG ? odoo.modules.loading: Loading module spreadsheet_account (81/101) 
2026-03-30 10:40:42,720 1467288 DEBUG ? odoo.modules.loading: Module spreadsheet_account loaded in 0.00s, 0 queries 
2026-03-30 10:40:42,720 1467288 DEBUG ? odoo.modules.loading: Loading module spreadsheet_dashboard_account (82/101) 
2026-03-30 10:40:42,720 1467288 DEBUG ? odoo.modules.loading: Module spreadsheet_dashboard_account loaded in 0.00s, 0 queries 
2026-03-30 10:40:42,720 1467288 DEBUG ? odoo.modules.loading: Loading module stock_account (83/101) 
2026-03-30 10:40:42,721 1467288 DEBUG ? odoo.modules.loading: Module stock_account loaded in 0.00s, 0 queries 
2026-03-30 10:40:42,721 1467288 DEBUG ? odoo.modules.loading: Loading module stock_sms (84/101) 
2026-03-30 10:40:42,721 1467288 DEBUG ? odoo.modules.loading: Module stock_sms loaded in 0.00s, 0 queries 
2026-03-30 10:40:42,721 1467288 DEBUG ? odoo.modules.loading: Loading module account_qr_code_sepa (85/101) 
2026-03-30 10:40:42,722 1467288 DEBUG ? odoo.modules.loading: Module account_qr_code_sepa loaded in 0.00s, 0 queries 
2026-03-30 10:40:42,722 1467288 DEBUG ? odoo.modules.loading: Loading module crm_iap_enrich (86/101) 
2026-03-30 10:40:42,722 1467288 DEBUG ? odoo.modules.loading: Module crm_iap_enrich loaded in 0.00s, 0 queries 
2026-03-30 10:40:42,722 1467288 DEBUG ? odoo.modules.loading: Loading module crm_iap_mine (87/101) 
2026-03-30 10:40:42,722 1467288 DEBUG ? odoo.modules.loading: Module crm_iap_mine loaded in 0.00s, 0 queries 
2026-03-30 10:40:42,723 1467288 INFO ? odoo.modules.loading: Loading module helpdesk_mgmt (88/101) 
2026-03-30 10:40:43,484 1467288 INFO ? odoo.modules.registry: module helpdesk_mgmt: creating or updating database tables 
2026-03-30 10:40:43,682 1467288 DEBUG ? odoo.models: Table 'res_company': setting default value of new column fiscalyear_last_day to 31 
2026-03-30 10:40:43,683 1467288 DEBUG ? odoo.models: Table 'res_company': setting default value of new column fiscalyear_last_month to '12' 
2026-03-30 10:40:43,684 1467288 DEBUG ? odoo.models: Table 'res_company': setting default value of new column account_price_include to 'tax_excluded' 
2026-03-30 10:40:43,688 1467288 DEBUG ? odoo.models: Table 'res_company': setting default value of new column account_opening_date to '2026-01-01' 
2026-03-30 10:40:43,689 1467288 DEBUG ? odoo.models: Table 'res_company': setting default value of new column po_lead to 0.0 
2026-03-30 10:40:43,710 1467288 DEBUG ? odoo.models: Table 'res_config_settings': setting default value of new column company_id to 1 
2026-03-30 10:40:43,732 1467288 DEBUG ? odoo.models: Table 'res_partner': setting default value of new column autopost_bills to 'ask' 
2026-03-30 10:40:43,754 1467288 DEBUG ? odoo.models: Table 'res_users': setting default value of new column notification_type to 'email' 
2026-03-30 10:40:43,773 1467288 WARNING ? odoo.addons.base.models.ir_model: Two fields (case_number, number) of helpdesk.ticket() have the same label: Número de caso. [Modules: helpdesk_mgmt and helpdesk_mgmt] 
2026-03-30 10:40:43,773 1467288 WARNING ? odoo.addons.base.models.ir_model: Two fields (subject_id, subject) of helpdesk.ticket() have the same label: Asunto. [Modules: helpdesk_mgmt and helpdesk_mgmt] 
2026-03-30 10:40:43,773 1467288 WARNING ? odoo.addons.base.models.ir_model: Two fields (state_reason_id, state_reason) of helpdesk.ticket() have the same label: Razón para el estado. [Modules: helpdesk_mgmt and helpdesk_mgmt] 
2026-03-30 10:40:44,130 1467288 DEBUG ? odoo.schema: Table 'res_company': column 'fiscalyear_last_day': added constraint NOT NULL 
2026-03-30 10:40:44,133 1467288 DEBUG ? odoo.schema: Table 'res_company': column 'fiscalyear_last_month': added constraint NOT NULL 
2026-03-30 10:40:44,135 1467288 DEBUG ? odoo.schema: Table 'res_company': column 'account_price_include': added constraint NOT NULL 
2026-03-30 10:40:44,137 1467288 DEBUG ? odoo.schema: Table 'res_company': column 'account_opening_date': added constraint NOT NULL 
2026-03-30 10:40:44,140 1467288 DEBUG ? odoo.schema: Table 'res_company': column 'po_lead': added constraint NOT NULL 
2026-03-30 10:40:44,142 1467288 DEBUG ? odoo.schema: Table 'res_config_settings': column 'company_id': added constraint NOT NULL 
2026-03-30 10:40:44,152 1467288 DEBUG ? odoo.schema: Table 'res_partner': column 'autopost_bills': added constraint NOT NULL 
2026-03-30 10:40:44,157 1467288 DEBUG ? odoo.schema: Table 'res_users': column 'notification_type': added constraint NOT NULL 
2026-03-30 10:40:44,162 1467288 INFO ? odoo.schema: Keep unexpected index helpdesk_ticket__priority_index on table helpdesk_ticket 
2026-03-30 10:40:44,162 1467288 INFO ? odoo.schema: Keep unexpected index helpdesk_ticket__state_index on table helpdesk_ticket 
2026-03-30 10:40:44,162 1467288 INFO ? odoo.schema: Keep unexpected index helpdesk_ticket__subject_id_index on table helpdesk_ticket 
2026-03-30 10:40:44,173 1467288 INFO ? odoo.modules.loading: loading helpdesk_mgmt/data/helpdesk_data.xml 
2026-03-30 10:40:44,181 1467288 DEBUG ? odoo.modules.registry: Invalidating templates model caches from write /home/pablo/odoo/odoo/addons/base/models/ir_ui_view.py:550 
2026-03-30 10:40:44,184 1467288 DEBUG ? odoo.modules.registry: Invalidating templates model caches from write /home/pablo/odoo/odoo/addons/base/models/ir_ui_view.py:550 
2026-03-30 10:40:44,256 1467288 INFO ? odoo.modules.loading: loading helpdesk_mgmt/security/helpdesk_security.xml 
2026-03-30 10:40:44,266 1467288 DEBUG ? odoo.modules.registry: Invalidating default model caches from call_cache_clearing_methods /home/pablo/odoo/odoo/addons/base/models/ir_model.py:2183 
2026-03-30 10:40:44,317 1467288 DEBUG ? odoo.modules.registry: Invalidating groups model caches from write /home/pablo/odoo/odoo/addons/base/models/res_users.py:1539 
2026-03-30 10:40:44,318 1467288 DEBUG ? odoo.modules.registry: Invalidating default model caches from write /home/pablo/odoo/odoo/addons/base/models/res_users.py:1681 
2026-03-30 10:40:44,319 1467288 DEBUG ? odoo.modules.registry: Invalidating groups model caches from _update_xmlids /home/pablo/odoo/odoo/addons/base/models/ir_model.py:2414 
2026-03-30 10:40:44,325 1467288 DEBUG ? odoo.modules.registry: Invalidating default model caches from call_cache_clearing_methods /home/pablo/odoo/odoo/addons/base/models/ir_model.py:2183 
2026-03-30 10:40:44,357 1467288 DEBUG ? odoo.modules.registry: Invalidating groups model caches from write /home/pablo/odoo/odoo/addons/base/models/res_users.py:1539 
2026-03-30 10:40:44,357 1467288 DEBUG ? odoo.modules.registry: Invalidating default model caches from write /home/pablo/odoo/odoo/addons/base/models/res_users.py:1681 
2026-03-30 10:40:44,359 1467288 DEBUG ? odoo.modules.registry: Invalidating groups model caches from _update_xmlids /home/pablo/odoo/odoo/addons/base/models/ir_model.py:2414 
2026-03-30 10:40:44,364 1467288 DEBUG ? odoo.modules.registry: Invalidating default model caches from call_cache_clearing_methods /home/pablo/odoo/odoo/addons/base/models/ir_model.py:2183 
2026-03-30 10:40:44,399 1467288 DEBUG ? odoo.modules.registry: Invalidating groups model caches from write /home/pablo/odoo/odoo/addons/base/models/res_users.py:1539 
2026-03-30 10:40:44,399 1467288 DEBUG ? odoo.modules.registry: Invalidating default model caches from write /home/pablo/odoo/odoo/addons/base/models/res_users.py:1681 
2026-03-30 10:40:44,400 1467288 DEBUG ? odoo.modules.registry: Invalidating groups model caches from _update_xmlids /home/pablo/odoo/odoo/addons/base/models/ir_model.py:2414 
2026-03-30 10:40:44,405 1467288 DEBUG ? odoo.modules.registry: Invalidating default model caches from call_cache_clearing_methods /home/pablo/odoo/odoo/addons/base/models/ir_model.py:2183 
2026-03-30 10:40:44,452 1467288 DEBUG ? odoo.modules.registry: Invalidating groups model caches from write /home/pablo/odoo/odoo/addons/base/models/res_users.py:1539 
2026-03-30 10:40:44,453 1467288 DEBUG ? odoo.modules.registry: Invalidating default model caches from write /home/pablo/odoo/odoo/addons/base/models/res_users.py:1681 
2026-03-30 10:40:44,455 1467288 DEBUG ? odoo.modules.registry: Invalidating groups model caches from _update_xmlids /home/pablo/odoo/odoo/addons/base/models/ir_model.py:2414 
2026-03-30 10:40:44,484 1467288 INFO ? odoo.modules.loading: loading helpdesk_mgmt/security/ir.model.access.csv 
2026-03-30 10:40:44,559 1467288 DEBUG ? odoo.modules.registry: Invalidating default model caches from call_cache_clearing_methods /home/pablo/odoo/odoo/addons/base/models/ir_model.py:2183 
2026-03-30 10:40:44,562 1467288 DEBUG ? odoo.modules.registry: Invalidating default model caches from call_cache_clearing_methods /home/pablo/odoo/odoo/addons/base/models/ir_model.py:2183 
2026-03-30 10:40:44,565 1467288 DEBUG ? odoo.modules.registry: Invalidating default model caches from call_cache_clearing_methods /home/pablo/odoo/odoo/addons/base/models/ir_model.py:2183 
2026-03-30 10:40:44,568 1467288 DEBUG ? odoo.modules.registry: Invalidating default model caches from call_cache_clearing_methods /home/pablo/odoo/odoo/addons/base/models/ir_model.py:2183 
2026-03-30 10:40:44,570 1467288 DEBUG ? odoo.modules.registry: Invalidating default model caches from call_cache_clearing_methods /home/pablo/odoo/odoo/addons/base/models/ir_model.py:2183 
2026-03-30 10:40:44,572 1467288 DEBUG ? odoo.modules.registry: Invalidating default model caches from call_cache_clearing_methods /home/pablo/odoo/odoo/addons/base/models/ir_model.py:2183 
2026-03-30 10:40:44,574 1467288 DEBUG ? odoo.modules.registry: Invalidating default model caches from call_cache_clearing_methods /home/pablo/odoo/odoo/addons/base/models/ir_model.py:2183 
2026-03-30 10:40:44,577 1467288 DEBUG ? odoo.modules.registry: Invalidating default model caches from call_cache_clearing_methods /home/pablo/odoo/odoo/addons/base/models/ir_model.py:2183 
2026-03-30 10:40:44,579 1467288 DEBUG ? odoo.modules.registry: Invalidating default model caches from call_cache_clearing_methods /home/pablo/odoo/odoo/addons/base/models/ir_model.py:2183 
2026-03-30 10:40:44,582 1467288 DEBUG ? odoo.modules.registry: Invalidating default model caches from call_cache_clearing_methods /home/pablo/odoo/odoo/addons/base/models/ir_model.py:2183 
2026-03-30 10:40:44,585 1467288 DEBUG ? odoo.modules.registry: Invalidating default model caches from call_cache_clearing_methods /home/pablo/odoo/odoo/addons/base/models/ir_model.py:2183 
2026-03-30 10:40:44,587 1467288 DEBUG ? odoo.modules.registry: Invalidating default model caches from call_cache_clearing_methods /home/pablo/odoo/odoo/addons/base/models/ir_model.py:2183 
2026-03-30 10:40:44,589 1467288 DEBUG ? odoo.modules.registry: Invalidating default model caches from call_cache_clearing_methods /home/pablo/odoo/odoo/addons/base/models/ir_model.py:2183 
2026-03-30 10:40:44,591 1467288 DEBUG ? odoo.modules.registry: Invalidating default model caches from call_cache_clearing_methods /home/pablo/odoo/odoo/addons/base/models/ir_model.py:2183 
2026-03-30 10:40:44,592 1467288 DEBUG ? odoo.modules.registry: Invalidating default model caches from call_cache_clearing_methods /home/pablo/odoo/odoo/addons/base/models/ir_model.py:2183 
2026-03-30 10:40:44,594 1467288 DEBUG ? odoo.modules.registry: Invalidating default model caches from call_cache_clearing_methods /home/pablo/odoo/odoo/addons/base/models/ir_model.py:2183 
2026-03-30 10:40:44,595 1467288 DEBUG ? odoo.modules.registry: Invalidating default model caches from call_cache_clearing_methods /home/pablo/odoo/odoo/addons/base/models/ir_model.py:2183 
2026-03-30 10:40:44,597 1467288 DEBUG ? odoo.modules.registry: Invalidating default model caches from call_cache_clearing_methods /home/pablo/odoo/odoo/addons/base/models/ir_model.py:2183 
2026-03-30 10:40:44,598 1467288 DEBUG ? odoo.modules.registry: Invalidating default model caches from call_cache_clearing_methods /home/pablo/odoo/odoo/addons/base/models/ir_model.py:2183 
2026-03-30 10:40:44,600 1467288 DEBUG ? odoo.modules.registry: Invalidating default model caches from call_cache_clearing_methods /home/pablo/odoo/odoo/addons/base/models/ir_model.py:2183 
2026-03-30 10:40:44,601 1467288 DEBUG ? odoo.modules.registry: Invalidating default model caches from call_cache_clearing_methods /home/pablo/odoo/odoo/addons/base/models/ir_model.py:2183 
2026-03-30 10:40:44,603 1467288 DEBUG ? odoo.modules.registry: Invalidating default model caches from call_cache_clearing_methods /home/pablo/odoo/odoo/addons/base/models/ir_model.py:2183 
2026-03-30 10:40:44,604 1467288 DEBUG ? odoo.modules.registry: Invalidating default model caches from call_cache_clearing_methods /home/pablo/odoo/odoo/addons/base/models/ir_model.py:2183 
2026-03-30 10:40:44,606 1467288 DEBUG ? odoo.modules.registry: Invalidating default model caches from call_cache_clearing_methods /home/pablo/odoo/odoo/addons/base/models/ir_model.py:2183 
2026-03-30 10:40:44,608 1467288 DEBUG ? odoo.modules.registry: Invalidating default model caches from call_cache_clearing_methods /home/pablo/odoo/odoo/addons/base/models/ir_model.py:2183 
2026-03-30 10:40:44,611 1467288 DEBUG ? odoo.modules.registry: Invalidating default model caches from call_cache_clearing_methods /home/pablo/odoo/odoo/addons/base/models/ir_model.py:2183 
2026-03-30 10:40:44,612 1467288 DEBUG ? odoo.modules.registry: Invalidating default model caches from call_cache_clearing_methods /home/pablo/odoo/odoo/addons/base/models/ir_model.py:2183 
2026-03-30 10:40:44,614 1467288 DEBUG ? odoo.modules.registry: Invalidating default model caches from call_cache_clearing_methods /home/pablo/odoo/odoo/addons/base/models/ir_model.py:2183 
2026-03-30 10:40:44,615 1467288 DEBUG ? odoo.modules.registry: Invalidating default model caches from call_cache_clearing_methods /home/pablo/odoo/odoo/addons/base/models/ir_model.py:2183 
2026-03-30 10:40:44,617 1467288 DEBUG ? odoo.modules.registry: Invalidating default model caches from call_cache_clearing_methods /home/pablo/odoo/odoo/addons/base/models/ir_model.py:2183 
2026-03-30 10:40:44,620 1467288 DEBUG ? odoo.modules.registry: Invalidating default model caches from call_cache_clearing_methods /home/pablo/odoo/odoo/addons/base/models/ir_model.py:2183 
2026-03-30 10:40:44,622 1467288 DEBUG ? odoo.modules.registry: Invalidating default model caches from call_cache_clearing_methods /home/pablo/odoo/odoo/addons/base/models/ir_model.py:2183 
2026-03-30 10:40:44,624 1467288 DEBUG ? odoo.modules.registry: Invalidating default model caches from call_cache_clearing_methods /home/pablo/odoo/odoo/addons/base/models/ir_model.py:2183 
2026-03-30 10:40:44,628 1467288 DEBUG ? odoo.modules.registry: Invalidating default model caches from call_cache_clearing_methods /home/pablo/odoo/odoo/addons/base/models/ir_model.py:2183 
2026-03-30 10:40:44,630 1467288 DEBUG ? odoo.modules.registry: Invalidating default model caches from call_cache_clearing_methods /home/pablo/odoo/odoo/addons/base/models/ir_model.py:2183 
2026-03-30 10:40:44,632 1467288 DEBUG ? odoo.modules.registry: Invalidating default model caches from call_cache_clearing_methods /home/pablo/odoo/odoo/addons/base/models/ir_model.py:2183 
2026-03-30 10:40:44,634 1467288 DEBUG ? odoo.modules.registry: Invalidating default model caches from call_cache_clearing_methods /home/pablo/odoo/odoo/addons/base/models/ir_model.py:2183 
2026-03-30 10:40:44,638 1467288 INFO ? odoo.modules.loading: loading helpdesk_mgmt/views/res_partner_views.xml 
2026-03-30 10:40:44,643 1467288 DEBUG ? odoo.modules.registry: Invalidating templates model caches from write /home/pablo/odoo/odoo/addons/base/models/ir_ui_view.py:550 
2026-03-30 10:40:44,647 1467288 DEBUG ? odoo.modules.registry: Invalidating templates model caches from write /home/pablo/odoo/odoo/addons/base/models/ir_ui_view.py:550 
2026-03-30 10:40:44,716 1467288 INFO ? odoo.modules.loading: loading helpdesk_mgmt/views/res_config_settings_views.xml 
2026-03-30 10:40:44,722 1467288 DEBUG ? odoo.modules.registry: Invalidating templates model caches from write /home/pablo/odoo/odoo/addons/base/models/ir_ui_view.py:550 
2026-03-30 10:40:44,726 1467288 DEBUG ? odoo.modules.registry: Invalidating templates model caches from write /home/pablo/odoo/odoo/addons/base/models/ir_ui_view.py:550 
2026-03-30 10:40:44,827 1467288 DEBUG ? odoo.modules.registry: Invalidating default model caches from write /home/pablo/odoo/odoo/addons/base/models/ir_actions.py:114 
2026-03-30 10:40:44,828 1467288 INFO ? odoo.modules.loading: loading helpdesk_mgmt/views/helpdesk_ticket_templates.xml 
2026-03-30 10:40:44,842 1467288 DEBUG ? odoo.modules.registry: Invalidating templates model caches from write /home/pablo/odoo/odoo/addons/base/models/ir_ui_view.py:550 
2026-03-30 10:40:44,851 1467288 DEBUG ? odoo.modules.registry: Invalidating templates model caches from write /home/pablo/odoo/odoo/addons/base/models/ir_ui_view.py:550 
2026-03-30 10:40:44,870 1467288 DEBUG ? odoo.modules.registry: Invalidating templates model caches from write /home/pablo/odoo/odoo/addons/base/models/ir_ui_view.py:550 
2026-03-30 10:40:44,871 1467288 DEBUG ? odoo.modules.registry: Invalidating templates model caches from write /home/pablo/odoo/odoo/addons/base/models/ir_ui_view.py:550 
2026-03-30 10:40:44,878 1467288 DEBUG ? odoo.modules.registry: Invalidating templates model caches from write /home/pablo/odoo/odoo/addons/base/models/ir_ui_view.py:550 
2026-03-30 10:40:44,881 1467288 DEBUG ? odoo.modules.registry: Invalidating templates model caches from write /home/pablo/odoo/odoo/addons/base/models/ir_ui_view.py:550 
2026-03-30 10:40:44,906 1467288 DEBUG ? odoo.modules.registry: Invalidating templates model caches from write /home/pablo/odoo/odoo/addons/base/models/ir_ui_view.py:550 
2026-03-30 10:40:44,909 1467288 DEBUG ? odoo.modules.registry: Invalidating templates model caches from write /home/pablo/odoo/odoo/addons/base/models/ir_ui_view.py:550 
2026-03-30 10:40:44,925 1467288 DEBUG ? odoo.modules.registry: Invalidating templates model caches from write /home/pablo/odoo/odoo/addons/base/models/ir_ui_view.py:550 
2026-03-30 10:40:44,934 1467288 DEBUG ? odoo.modules.registry: Invalidating templates model caches from write /home/pablo/odoo/odoo/addons/base/models/ir_ui_view.py:550 
2026-03-30 10:40:44,948 1467288 DEBUG ? odoo.modules.registry: Invalidating templates model caches from write /home/pablo/odoo/odoo/addons/base/models/ir_ui_view.py:550 
2026-03-30 10:40:44,950 1467288 DEBUG ? odoo.modules.registry: Invalidating templates model caches from write /home/pablo/odoo/odoo/addons/base/models/ir_ui_view.py:550 
2026-03-30 10:40:44,958 1467288 DEBUG ? odoo.modules.registry: Invalidating templates model caches from write /home/pablo/odoo/odoo/addons/base/models/ir_ui_view.py:550 
2026-03-30 10:40:44,959 1467288 DEBUG ? odoo.modules.registry: Invalidating templates model caches from write /home/pablo/odoo/odoo/addons/base/models/ir_ui_view.py:550 
2026-03-30 10:40:44,971 1467288 DEBUG ? odoo.modules.registry: Invalidating templates model caches from write /home/pablo/odoo/odoo/addons/base/models/ir_ui_view.py:550 
2026-03-30 10:40:44,976 1467288 DEBUG ? odoo.modules.registry: Invalidating templates model caches from write /home/pablo/odoo/odoo/addons/base/models/ir_ui_view.py:550 
2026-03-30 10:40:44,996 1467288 DEBUG ? odoo.modules.registry: Invalidating templates model caches from write /home/pablo/odoo/odoo/addons/base/models/ir_ui_view.py:550 
2026-03-30 10:40:45,001 1467288 DEBUG ? odoo.modules.registry: Invalidating templates model caches from write /home/pablo/odoo/odoo/addons/base/models/ir_ui_view.py:550 
2026-03-30 10:40:45,006 1467288 INFO ? odoo.modules.loading: loading helpdesk_mgmt/views/helpdesk_ticket_time_line_views.xml 
2026-03-30 10:40:45,014 1467288 DEBUG ? odoo.modules.registry: Invalidating templates model caches from write /home/pablo/odoo/odoo/addons/base/models/ir_ui_view.py:550 
2026-03-30 10:40:45,015 1467288 DEBUG ? odoo.modules.registry: Invalidating templates model caches from write /home/pablo/odoo/odoo/addons/base/models/ir_ui_view.py:550 
2026-03-30 10:40:45,023 1467288 INFO ? odoo.modules.loading: loading helpdesk_mgmt/views/helpdesk_ticket_views.xml 
2026-03-30 10:40:45,030 1467288 DEBUG ? odoo.modules.registry: Invalidating default model caches from write /home/pablo/odoo/odoo/addons/base/models/ir_actions.py:114 
2026-03-30 10:40:45,033 1467288 DEBUG ? odoo.modules.registry: Invalidating default model caches from write /home/pablo/odoo/odoo/addons/base/models/ir_actions.py:114 
2026-03-30 10:40:45,038 1467288 DEBUG ? odoo.modules.registry: Invalidating templates model caches from write /home/pablo/odoo/odoo/addons/base/models/ir_ui_view.py:550 
2026-03-30 10:40:45,041 1467288 DEBUG ? odoo.modules.registry: Invalidating templates model caches from write /home/pablo/odoo/odoo/addons/base/models/ir_ui_view.py:550 
2026-03-30 10:40:45,056 1467288 DEBUG ? odoo.modules.registry: Invalidating templates model caches from write /home/pablo/odoo/odoo/addons/base/models/ir_ui_view.py:550 
2026-03-30 10:40:45,057 1467288 DEBUG ? odoo.modules.registry: Invalidating templates model caches from write /home/pablo/odoo/odoo/addons/base/models/ir_ui_view.py:550 
2026-03-30 10:40:45,070 1467288 DEBUG ? odoo.modules.registry: Invalidating templates model caches from write /home/pablo/odoo/odoo/addons/base/models/ir_ui_view.py:550 
2026-03-30 10:40:45,072 1467288 DEBUG ? odoo.modules.registry: Invalidating templates model caches from write /home/pablo/odoo/odoo/addons/base/models/ir_ui_view.py:550 
2026-03-30 10:40:45,078 1467288 DEBUG ? odoo.modules.registry: Invalidating templates model caches from write /home/pablo/odoo/odoo/addons/base/models/ir_ui_view.py:550 
2026-03-30 10:40:45,079 1467288 DEBUG ? odoo.modules.registry: Invalidating templates model caches from write /home/pablo/odoo/odoo/addons/base/models/ir_ui_view.py:550 
2026-03-30 10:40:45,089 1467288 DEBUG ? odoo.modules.registry: Invalidating templates model caches from write /home/pablo/odoo/odoo/addons/base/models/ir_ui_view.py:550 
2026-03-30 10:40:45,090 1467288 DEBUG ? odoo.modules.registry: Invalidating templates model caches from write /home/pablo/odoo/odoo/addons/base/models/ir_ui_view.py:550 
2026-03-30 10:40:45,096 1467288 DEBUG ? odoo.modules.registry: Invalidating templates model caches from write /home/pablo/odoo/odoo/addons/base/models/ir_ui_view.py:550 
2026-03-30 10:40:45,097 1467288 DEBUG ? odoo.modules.registry: Invalidating templates model caches from write /home/pablo/odoo/odoo/addons/base/models/ir_ui_view.py:550 
2026-03-30 10:40:45,105 1467288 DEBUG ? odoo.modules.registry: Invalidating templates model caches from write /home/pablo/odoo/odoo/addons/base/models/ir_ui_view.py:550 
2026-03-30 10:40:45,106 1467288 DEBUG ? odoo.modules.registry: Invalidating templates model caches from write /home/pablo/odoo/odoo/addons/base/models/ir_ui_view.py:550 
2026-03-30 10:40:45,120 1467288 DEBUG ? odoo.modules.registry: Invalidating templates model caches from write /home/pablo/odoo/odoo/addons/base/models/ir_ui_view.py:550 
2026-03-30 10:40:45,122 1467288 DEBUG ? odoo.modules.registry: Invalidating templates model caches from write /home/pablo/odoo/odoo/addons/base/models/ir_ui_view.py:550 
2026-03-30 10:40:45,134 1467288 DEBUG ? odoo.modules.registry: Invalidating templates model caches from write /home/pablo/odoo/odoo/addons/base/models/ir_ui_view.py:550 
2026-03-30 10:40:45,135 1467288 DEBUG ? odoo.modules.registry: Invalidating templates model caches from write /home/pablo/odoo/odoo/addons/base/models/ir_ui_view.py:550 
2026-03-30 10:40:45,152 1467288 DEBUG ? odoo.tools.convert: while parsing /home/pablo/odoo/addons/helpdesk/helpdesk_mgmt/views/helpdesk_ticket_views.xml:439
Error while parsing or validating view:

Element '<xpath expr="//header/button[@name=&#39;action_cancel_case&#39;]">' cannot be located in parent view

View error context:
{'file': '/home/pablo/odoo/addons/helpdesk/helpdesk_mgmt/views/helpdesk_ticket_views.xml',
 'line': 1,
 'name': 'helpdesk.ticket.form.resolution.ot',
 'view': ir.ui.view(1565,),
 'view.model': 'helpdesk.ticket',
 'view.parent': ir.ui.view(1552,),
 'xmlid': 'view_helpdesk_ticket_form_resolution'}
 
Traceback (most recent call last):
  File "/home/pablo/odoo/odoo/tools/convert.py", line 590, in _tag_root
    f(rec)
    ~^^^^^
  File "/home/pablo/odoo/odoo/tools/convert.py", line 444, in _tag_record
    record = model._load_records([data], self.mode == 'update')
  File "/home/pablo/odoo/odoo/models.py", line 5508, in _load_records
    data['record']._load_records_write(data['values'])
    ~~~~~~~~~~~~~~~~~~~~~~~~~~~~~~~~~~^^^^^^^^^^^^^^^^
  File "/home/pablo/odoo/odoo/addons/base/models/ir_ui_view.py", line 2311, in _load_records_write
    super(View, self)._load_records_write(values)
    ~~~~~~~~~~~~~~~~~~~~~~~~~~~~~~~~~~~~~^^^^^^^^
  File "/home/pablo/odoo/odoo/models.py", line 5426, in _load_records_write
    self.write(values)
    ~~~~~~~~~~^^^^^^^^
  File "/home/pablo/odoo/odoo/addons/base/models/ir_ui_view.py", line 554, in write
    res = super(View, self).write(self._compute_defaults(vals))
  File "/home/pablo/odoo/odoo/models.py", line 4845, in write
    fields[0].determine_inverse(real_recs)
    ~~~~~~~~~~~~~~~~~~~~~~~~~~~^^^^^^^^^^^
  File "/home/pablo/odoo/odoo/fields.py", line 1502, in determine_inverse
    determine(self.inverse, records)
    ~~~~~~~~~^^^^^^^^^^^^^^^^^^^^^^^
  File "/home/pablo/odoo/odoo/fields.py", line 110, in determine
    return needle(*args)
  File "/home/pablo/odoo/odoo/addons/base/models/ir_ui_view.py", line 262, in _inverse_arch
    view.write(data)
    ~~~~~~~~~~^^^^^^
  File "/home/pablo/odoo/odoo/addons/base/models/ir_ui_view.py", line 554, in write
    res = super(View, self).write(self._compute_defaults(vals))
  File "/home/pablo/odoo/odoo/models.py", line 4835, in write
    real_recs._validate_fields(vals, inverse_fields)
    ~~~~~~~~~~~~~~~~~~~~~~~~~~^^^^^^^^^^^^^^^^^^^^^^
  File "/home/pablo/odoo/odoo/models.py", line 1636, in _validate_fields
    check(self)
    ~~~~~^^^^^^
  File "/home/pablo/odoo/odoo/addons/base/models/ir_ui_view.py", line 377, in _check_xml
    raise err from None
  File "/home/pablo/odoo/odoo/addons/base/models/ir_ui_view.py", line 367, in _check_xml
    combined_arch = view._get_combined_arch()
  File "/home/pablo/odoo/odoo/addons/base/models/ir_ui_view.py", line 962, in _get_combined_arch
    arch = root.with_prefetch(tree_views._prefetch_ids)._combine(hierarchy)
  File "/home/pablo/odoo/odoo/addons/base/models/ir_ui_view.py", line 920, in _combine
    combined_arch = view.apply_inheritance_specs(combined_arch, arch)
  File "/home/pablo/odoo/odoo/addons/base/models/ir_ui_view.py", line 857, in apply_inheritance_specs
    self._raise_view_error(str(e), specs_tree)
    ~~~~~~~~~~~~~~~~~~~~~~^^^^^^^^^^^^^^^^^^^^
  File "/home/pablo/odoo/odoo/addons/base/models/ir_ui_view.py", line 734, in _raise_view_error
    raise err from from_exception
odoo.exceptions.ValidationError: Error while parsing or validating view:

Element '<xpath expr="//header/button[@name=&#39;action_cancel_case&#39;]">' cannot be located in parent view
2026-03-30 10:40:45,159 1467288 WARNING ? odoo.modules.loading: Transient module states were reset 
2026-03-30 10:40:45,162 1467288 ERROR ? odoo.modules.registry: Failed to load registry 
2026-03-30 10:40:45,162 1467288 ERROR ? odoo.http: Exception during request handling. 
Traceback (most recent call last):
  File "/home/pablo/odoo/odoo/http.py", line 2577, in __call__
    response = request._serve_db()
  File "/home/pablo/odoo/odoo/http.py", line 2081, in _serve_db
    self.registry, cr_readwrite = self._open_registry()
                                  ~~~~~~~~~~~~~~~~~~~^^
  File "/home/pablo/odoo/odoo/http.py", line 1690, in _open_registry
    registry = Registry(self.db)
  File "/home/pablo/odoo/odoo/modules/registry.py", line 108, in __new__
    return cls.new(db_name)
           ~~~~~~~^^^^^^^^^
  File "/home/pablo/odoo/.venv/lib/python3.13/site-packages/decorator.py", line 235, in fun
    return caller(func, *(extras + args), **kw)
  File "/home/pablo/odoo/odoo/tools/func.py", line 97, in locked
    return func(inst, *args, **kwargs)
  File "/home/pablo/odoo/odoo/modules/registry.py", line 129, in new
    odoo.modules.load_modules(registry, force_demo, status, update_module)
    ~~~~~~~~~~~~~~~~~~~~~~~~~^^^^^^^^^^^^^^^^^^^^^^^^^^^^^^^^^^^^^^^^^^^^^
  File "/home/pablo/odoo/odoo/modules/loading.py", line 485, in load_modules
    processed_modules += load_marked_modules(env, graph,
                         ~~~~~~~~~~~~~~~~~~~^^^^^^^^^^^^
        ['installed', 'to upgrade', 'to remove'],
        ^^^^^^^^^^^^^^^^^^^^^^^^^^^^^^^^^^^^^^^^^
        force, status, report, loaded_modules, update_module, models_to_check)
        ^^^^^^^^^^^^^^^^^^^^^^^^^^^^^^^^^^^^^^^^^^^^^^^^^^^^^^^^^^^^^^^^^^^^^^
  File "/home/pablo/odoo/odoo/modules/loading.py", line 365, in load_marked_modules
    loaded, processed = load_module_graph(
                        ~~~~~~~~~~~~~~~~~^
        env, graph, progressdict, report=report, skip_modules=loaded_modules,
        ^^^^^^^^^^^^^^^^^^^^^^^^^^^^^^^^^^^^^^^^^^^^^^^^^^^^^^^^^^^^^^^^^^^^^
        perform_checks=perform_checks, models_to_check=models_to_check
        ^^^^^^^^^^^^^^^^^^^^^^^^^^^^^^^^^^^^^^^^^^^^^^^^^^^^^^^^^^^^^^
    )
    ^
  File "/home/pablo/odoo/odoo/modules/loading.py", line 228, in load_module_graph
    load_data(env, idref, mode, kind='data', package=package)
    ~~~~~~~~~^^^^^^^^^^^^^^^^^^^^^^^^^^^^^^^^^^^^^^^^^^^^^^^^
  File "/home/pablo/odoo/odoo/modules/loading.py", line 72, in load_data
    tools.convert_file(env, package.name, filename, idref, mode, noupdate, kind)
    ~~~~~~~~~~~~~~~~~~^^^^^^^^^^^^^^^^^^^^^^^^^^^^^^^^^^^^^^^^^^^^^^^^^^^^^^^^^^
  File "/home/pablo/odoo/odoo/tools/convert.py", line 662, in convert_file
    convert_xml_import(env, module, fp, idref, mode, noupdate)
    ~~~~~~~~~~~~~~~~~~^^^^^^^^^^^^^^^^^^^^^^^^^^^^^^^^^^^^^^^^
  File "/home/pablo/odoo/odoo/tools/convert.py", line 733, in convert_xml_import
    obj.parse(doc.getroot())
    ~~~~~~~~~^^^^^^^^^^^^^^^
  File "/home/pablo/odoo/odoo/tools/convert.py", line 648, in parse
    self._tag_root(de)
    ~~~~~~~~~~~~~~^^^^
  File "/home/pablo/odoo/odoo/tools/convert.py", line 601, in _tag_root
    raise ParseError(msg) from None  # Restart with "--log-handler odoo.tools.convert:DEBUG" for complete traceback
    ^^^^^^^^^^^^^^^^^^^^^^^^^^^^^^^
odoo.tools.convert.ParseError: while parsing /home/pablo/odoo/addons/helpdesk/helpdesk_mgmt/views/helpdesk_ticket_views.xml:439
Error while parsing or validating view:

Element '<xpath expr="//header/button[@name=&#39;action_cancel_case&#39;]">' cannot be located in parent view

View error context:
{'file': '/home/pablo/odoo/addons/helpdesk/helpdesk_mgmt/views/helpdesk_ticket_views.xml',
 'line': 1,
 'name': 'helpdesk.ticket.form.resolution.ot',
 'view': ir.ui.view(1565,),
 'view.model': 'helpdesk.ticket',
 'view.parent': ir.ui.view(1552,),
 'xmlid': 'view_helpdesk_ticket_form_resolution'}

2026-03-30 10:40:45,165 1467288 INFO ? werkzeug: 127.0.0.1 - - [30/Mar/2026 10:40:45] "GET /.well-known/appspecific/com.chrome.devtools.json HTTP/1.1" 500 - 797 0.867 4.186
2026-03-30 10:40:45,171 1467288 DEBUG ? odoo.modules.registry: Multiprocess load registry signaling: [Registry: 26] [Cache default: 28] [Cache assets: 3] [Cache templates: 2] [Cache routing: 1] [Cache groups: 2] 
2026-03-30 10:40:45,176 1467288 INFO ? odoo.modules.loading: loading 1 modules... 
2026-03-30 10:40:45,177 1467288 DEBUG ? odoo.modules.loading: Loading module base (1/1) 
2026-03-30 10:40:45,186 1467288 DEBUG ? odoo.modules.loading: Module base loaded in 0.01s, 0 queries 
2026-03-30 10:40:45,186 1467288 INFO ? odoo.modules.loading: 1 modules loaded in 0.01s, 0 queries (+0 extra) 
2026-03-30 10:40:45,200 1467288 DEBUG ? odoo.modules.loading: Updating graph with 100 more modules 
2026-03-30 10:40:45,201 1467288 INFO ? odoo.modules.loading: loading 101 modules... 
2026-03-30 10:40:45,201 1467288 DEBUG ? odoo.modules.loading: Loading module l10n_us (2/101) 
2026-03-30 10:40:45,202 1467288 DEBUG ? odoo.modules.loading: Module l10n_us loaded in 0.00s, 0 queries 
2026-03-30 10:40:45,202 1467288 DEBUG ? odoo.modules.loading: Loading module social_media (3/101) 
2026-03-30 10:40:45,202 1467288 DEBUG ? odoo.modules.loading: Module social_media loaded in 0.00s, 0 queries 
2026-03-30 10:40:45,203 1467288 DEBUG ? odoo.modules.loading: Loading module uom (4/101) 
2026-03-30 10:40:45,203 1467288 DEBUG ? odoo.modules.loading: Module uom loaded in 0.00s, 0 queries 
2026-03-30 10:40:45,203 1467288 DEBUG ? odoo.modules.loading: Loading module web (5/101) 
2026-03-30 10:40:45,205 1467288 DEBUG ? odoo.modules.loading: Module web loaded in 0.00s, 0 queries 
2026-03-30 10:40:45,206 1467288 DEBUG ? odoo.modules.loading: Loading module auth_totp (6/101) 
2026-03-30 10:40:45,206 1467288 DEBUG ? odoo.modules.loading: Module auth_totp loaded in 0.00s, 0 queries 
2026-03-30 10:40:45,206 1467288 DEBUG ? odoo.modules.loading: Loading module barcodes (7/101) 
2026-03-30 10:40:45,207 1467288 DEBUG ? odoo.modules.loading: Module barcodes loaded in 0.00s, 0 queries 
2026-03-30 10:40:45,207 1467288 DEBUG ? odoo.modules.loading: Loading module base_import (8/101) 
2026-03-30 10:40:45,209 1467288 DEBUG ? odoo.modules.loading: Module base_import loaded in 0.00s, 0 queries 
2026-03-30 10:40:45,209 1467288 DEBUG ? odoo.modules.loading: Loading module base_import_module (9/101) 
2026-03-30 10:40:45,210 1467288 DEBUG ? odoo.modules.loading: Module base_import_module loaded in 0.00s, 0 queries 
2026-03-30 10:40:45,210 1467288 DEBUG ? odoo.modules.loading: Loading module base_setup (10/101) 
2026-03-30 10:40:45,210 1467288 DEBUG ? odoo.modules.loading: Module base_setup loaded in 0.00s, 0 queries 
2026-03-30 10:40:45,210 1467288 DEBUG ? odoo.modules.loading: Loading module bus (11/101) 
2026-03-30 10:40:45,211 1467288 DEBUG ? odoo.modules.loading: Module bus loaded in 0.00s, 0 queries 
2026-03-30 10:40:45,211 1467288 DEBUG ? odoo.modules.loading: Loading module http_routing (12/101) 
2026-03-30 10:40:45,212 1467288 DEBUG ? odoo.modules.loading: Module http_routing loaded in 0.00s, 0 queries 
2026-03-30 10:40:45,212 1467288 DEBUG ? odoo.modules.loading: Loading module onboarding (13/101) 
2026-03-30 10:40:45,212 1467288 DEBUG ? odoo.modules.loading: Module onboarding loaded in 0.00s, 0 queries 
2026-03-30 10:40:45,212 1467288 DEBUG ? odoo.modules.loading: Loading module resource (14/101) 
2026-03-30 10:40:45,213 1467288 DEBUG ? odoo.modules.loading: Module resource loaded in 0.00s, 0 queries 
2026-03-30 10:40:45,213 1467288 DEBUG ? odoo.modules.loading: Loading module utm (15/101) 
2026-03-30 10:40:45,214 1467288 DEBUG ? odoo.modules.loading: Module utm loaded in 0.00s, 0 queries 
2026-03-30 10:40:45,214 1467288 DEBUG ? odoo.modules.loading: Loading module web_hierarchy (16/101) 
2026-03-30 10:40:45,216 1467288 DEBUG ? odoo.modules.loading: Module web_hierarchy loaded in 0.00s, 0 queries 
2026-03-30 10:40:45,216 1467288 DEBUG ? odoo.modules.loading: Loading module web_tour (17/101) 
2026-03-30 10:40:45,217 1467288 DEBUG ? odoo.modules.loading: Module web_tour loaded in 0.00s, 0 queries 
2026-03-30 10:40:45,218 1467288 DEBUG ? odoo.modules.loading: Loading module barcodes_gs1_nomenclature (18/101) 
2026-03-30 10:40:45,219 1467288 DEBUG ? odoo.modules.loading: Module barcodes_gs1_nomenclature loaded in 0.00s, 0 queries 
2026-03-30 10:40:45,219 1467288 DEBUG ? odoo.modules.loading: Loading module html_editor (19/101) 
2026-03-30 10:40:45,219 1467288 DEBUG ? odoo.modules.loading: Module html_editor loaded in 0.00s, 0 queries 
2026-03-30 10:40:45,219 1467288 DEBUG ? odoo.modules.loading: Loading module iap (20/101) 
2026-03-30 10:40:45,220 1467288 DEBUG ? odoo.modules.loading: Module iap loaded in 0.00s, 0 queries 
2026-03-30 10:40:45,220 1467288 DEBUG ? odoo.modules.loading: Loading module mail (21/101) 
2026-03-30 10:40:45,228 1467288 DEBUG ? odoo.modules.loading: Module mail loaded in 0.01s, 0 queries 
2026-03-30 10:40:45,228 1467288 DEBUG ? odoo.modules.loading: Loading module web_editor (22/101) 
2026-03-30 10:40:45,234 1467288 DEBUG ? odoo.modules.loading: Module web_editor loaded in 0.01s, 0 queries 
2026-03-30 10:40:45,234 1467288 DEBUG ? odoo.modules.loading: Loading module analytic (23/101) 
2026-03-30 10:40:45,237 1467288 DEBUG ? odoo.modules.loading: Module analytic loaded in 0.00s, 0 queries 
2026-03-30 10:40:45,238 1467288 DEBUG ? odoo.modules.loading: Loading module auth_signup (24/101) 
2026-03-30 10:40:45,239 1467288 DEBUG ? odoo.modules.loading: Module auth_signup loaded in 0.00s, 0 queries 
2026-03-30 10:40:45,239 1467288 DEBUG ? odoo.modules.loading: Loading module auth_totp_mail (25/101) 
2026-03-30 10:40:45,240 1467288 DEBUG ? odoo.modules.loading: Module auth_totp_mail loaded in 0.00s, 0 queries 
2026-03-30 10:40:45,241 1467288 DEBUG ? odoo.modules.loading: Loading module base_install_request (26/101) 
2026-03-30 10:40:45,241 1467288 DEBUG ? odoo.modules.loading: Module base_install_request loaded in 0.00s, 0 queries 
2026-03-30 10:40:45,241 1467288 DEBUG ? odoo.modules.loading: Loading module calendar (27/101) 
2026-03-30 10:40:45,243 1467288 DEBUG ? odoo.modules.loading: Module calendar loaded in 0.00s, 0 queries 
2026-03-30 10:40:45,244 1467288 DEBUG ? odoo.modules.loading: Loading module contacts (28/101) 
2026-03-30 10:40:45,244 1467288 DEBUG ? odoo.modules.loading: Module contacts loaded in 0.00s, 0 queries 
2026-03-30 10:40:45,244 1467288 DEBUG ? odoo.modules.loading: Loading module gamification (29/101) 
2026-03-30 10:40:45,245 1467288 DEBUG ? odoo.modules.loading: Module gamification loaded in 0.00s, 0 queries 
2026-03-30 10:40:45,245 1467288 DEBUG ? odoo.modules.loading: Loading module iap_mail (30/101) 
2026-03-30 10:40:45,245 1467288 DEBUG ? odoo.modules.loading: Module iap_mail loaded in 0.00s, 0 queries 
2026-03-30 10:40:45,246 1467288 DEBUG ? odoo.modules.loading: Loading module link_tracker (31/101) 
2026-03-30 10:40:45,246 1467288 DEBUG ? odoo.modules.loading: Module link_tracker loaded in 0.00s, 0 queries 
2026-03-30 10:40:45,246 1467288 DEBUG ? odoo.modules.loading: Loading module mail_bot (32/101) 
2026-03-30 10:40:45,246 1467288 DEBUG ? odoo.modules.loading: Module mail_bot loaded in 0.00s, 0 queries 
2026-03-30 10:40:45,246 1467288 DEBUG ? odoo.modules.loading: Loading module microsoft_outlook (33/101) 
2026-03-30 10:40:45,247 1467288 DEBUG ? odoo.modules.loading: Module microsoft_outlook loaded in 0.00s, 0 queries 
2026-03-30 10:40:45,247 1467288 DEBUG ? odoo.modules.loading: Loading module phone_validation (34/101) 
2026-03-30 10:40:45,250 1467288 DEBUG ? odoo.modules.loading: Module phone_validation loaded in 0.00s, 0 queries 
2026-03-30 10:40:45,250 1467288 DEBUG ? odoo.modules.loading: Loading module privacy_lookup (35/101) 
2026-03-30 10:40:45,251 1467288 DEBUG ? odoo.modules.loading: Module privacy_lookup loaded in 0.00s, 0 queries 
2026-03-30 10:40:45,251 1467288 DEBUG ? odoo.modules.loading: Loading module product (36/101) 
2026-03-30 10:40:45,253 1467288 DEBUG ? odoo.modules.loading: Module product loaded in 0.00s, 0 queries 
2026-03-30 10:40:45,253 1467288 DEBUG ? odoo.modules.loading: Loading module rating (37/101) 
2026-03-30 10:40:45,254 1467288 DEBUG ? odoo.modules.loading: Module rating loaded in 0.00s, 0 queries 
2026-03-30 10:40:45,254 1467288 DEBUG ? odoo.modules.loading: Loading module resource_mail (38/101) 
2026-03-30 10:40:45,254 1467288 DEBUG ? odoo.modules.loading: Module resource_mail loaded in 0.00s, 0 queries 
2026-03-30 10:40:45,255 1467288 DEBUG ? odoo.modules.loading: Loading module sales_team (39/101) 
2026-03-30 10:40:45,255 1467288 DEBUG ? odoo.modules.loading: Module sales_team loaded in 0.00s, 0 queries 
2026-03-30 10:40:45,255 1467288 DEBUG ? odoo.modules.loading: Loading module web_unsplash (40/101) 
2026-03-30 10:40:45,256 1467288 DEBUG ? odoo.modules.loading: Module web_unsplash loaded in 0.00s, 0 queries 
2026-03-30 10:40:45,256 1467288 DEBUG ? odoo.modules.loading: Loading module partner_autocomplete (41/101) 
2026-03-30 10:40:45,257 1467288 DEBUG ? odoo.modules.loading: Module partner_autocomplete loaded in 0.00s, 0 queries 
2026-03-30 10:40:45,258 1467288 DEBUG ? odoo.modules.loading: Loading module portal (42/101) 
2026-03-30 10:40:45,259 1467288 DEBUG ? odoo.modules.loading: Module portal loaded in 0.00s, 0 queries 
2026-03-30 10:40:45,259 1467288 DEBUG ? odoo.modules.loading: Loading module sms (43/101) 
2026-03-30 10:40:45,268 1467288 DEBUG ? odoo.modules.loading: Module sms loaded in 0.01s, 0 queries 
2026-03-30 10:40:45,268 1467288 DEBUG ? odoo.modules.loading: Loading module snailmail (44/101) 
2026-03-30 10:40:45,269 1467288 DEBUG ? odoo.modules.loading: Module snailmail loaded in 0.00s, 0 queries 
2026-03-30 10:40:45,270 1467288 DEBUG ? odoo.modules.loading: Loading module survey (45/101) 
2026-03-30 10:40:45,271 1467288 DEBUG ? odoo.modules.loading: Module survey loaded in 0.00s, 0 queries 
2026-03-30 10:40:45,271 1467288 DEBUG ? odoo.modules.loading: Loading module auth_totp_portal (46/101) 
2026-03-30 10:40:45,271 1467288 DEBUG ? odoo.modules.loading: Module auth_totp_portal loaded in 0.00s, 0 queries 
2026-03-30 10:40:45,271 1467288 DEBUG ? odoo.modules.loading: Loading module calendar_sms (47/101) 
2026-03-30 10:40:45,271 1467288 DEBUG ? odoo.modules.loading: Module calendar_sms loaded in 0.00s, 0 queries 
2026-03-30 10:40:45,272 1467288 DEBUG ? odoo.modules.loading: Loading module digest (48/101) 
2026-03-30 10:40:45,272 1467288 DEBUG ? odoo.modules.loading: Module digest loaded in 0.00s, 0 queries 
2026-03-30 10:40:45,272 1467288 DEBUG ? odoo.modules.loading: Loading module payment (49/101) 
2026-03-30 10:40:45,274 1467288 DEBUG ? odoo.modules.loading: Module payment loaded in 0.00s, 0 queries 
2026-03-30 10:40:45,274 1467288 DEBUG ? odoo.modules.loading: Loading module portal_rating (50/101) 
2026-03-30 10:40:45,275 1467288 DEBUG ? odoo.modules.loading: Module portal_rating loaded in 0.00s, 0 queries 
2026-03-30 10:40:45,276 1467288 DEBUG ? odoo.modules.loading: Loading module spreadsheet (51/101) 
2026-03-30 10:40:45,278 1467288 DEBUG ? odoo.modules.loading: Module spreadsheet loaded in 0.00s, 0 queries 
2026-03-30 10:40:45,278 1467288 DEBUG ? odoo.modules.loading: Loading module account (52/101) 
2026-03-30 10:40:45,286 1467288 DEBUG ? odoo.modules.loading: Module account loaded in 0.01s, 0 queries 
2026-03-30 10:40:45,286 1467288 DEBUG ? odoo.modules.loading: Loading module crm (53/101) 
2026-03-30 10:40:45,288 1467288 DEBUG ? odoo.modules.loading: Module crm loaded in 0.00s, 0 queries 
2026-03-30 10:40:45,288 1467288 DEBUG ? odoo.modules.loading: Loading module hr (54/101) 
2026-03-30 10:40:45,297 1467288 DEBUG ? odoo.modules.loading: Module hr loaded in 0.01s, 0 queries 
2026-03-30 10:40:45,298 1467288 DEBUG ? odoo.modules.loading: Loading module mass_mailing (55/101) 
2026-03-30 10:40:45,303 1467288 DEBUG ? odoo.modules.loading: Module mass_mailing loaded in 0.00s, 0 queries 
2026-03-30 10:40:45,303 1467288 DEBUG ? odoo.modules.loading: Loading module project (56/101) 
2026-03-30 10:40:45,305 1467288 DEBUG ? odoo.modules.loading: Module project loaded in 0.00s, 0 queries 
2026-03-30 10:40:45,305 1467288 DEBUG ? odoo.modules.loading: Loading module spreadsheet_dashboard (57/101) 
2026-03-30 10:40:45,306 1467288 DEBUG ? odoo.modules.loading: Module spreadsheet_dashboard loaded in 0.00s, 0 queries 
2026-03-30 10:40:45,306 1467288 DEBUG ? odoo.modules.loading: Loading module stock (58/101) 
2026-03-30 10:40:45,312 1467288 DEBUG ? odoo.modules.loading: Module stock loaded in 0.01s, 0 queries 
2026-03-30 10:40:45,312 1467288 DEBUG ? odoo.modules.loading: Loading module account_add_gln (59/101) 
2026-03-30 10:40:45,313 1467288 DEBUG ? odoo.modules.loading: Module account_add_gln loaded in 0.00s, 0 queries 
2026-03-30 10:40:45,313 1467288 DEBUG ? odoo.modules.loading: Loading module account_edi_ubl_cii (60/101) 
2026-03-30 10:40:45,315 1467288 DEBUG ? odoo.modules.loading: Module account_edi_ubl_cii loaded in 0.00s, 0 queries 
2026-03-30 10:40:45,315 1467288 DEBUG ? odoo.modules.loading: Loading module account_payment (61/101) 
2026-03-30 10:40:45,316 1467288 DEBUG ? odoo.modules.loading: Module account_payment loaded in 0.00s, 0 queries 
2026-03-30 10:40:45,316 1467288 DEBUG ? odoo.modules.loading: Loading module base_iban (62/101) 
2026-03-30 10:40:45,317 1467288 DEBUG ? odoo.modules.loading: Module base_iban loaded in 0.00s, 0 queries 
2026-03-30 10:40:45,317 1467288 DEBUG ? odoo.modules.loading: Loading module base_vat (63/101) 
2026-03-30 10:40:45,318 1467288 DEBUG ? odoo.modules.loading: Module base_vat loaded in 0.00s, 0 queries 
2026-03-30 10:40:45,318 1467288 DEBUG ? odoo.modules.loading: Loading module board (64/101) 
2026-03-30 10:40:45,318 1467288 DEBUG ? odoo.modules.loading: Module board loaded in 0.00s, 0 queries 
2026-03-30 10:40:45,319 1467288 DEBUG ? odoo.modules.loading: Loading module crm_sms (65/101) 
2026-03-30 10:40:45,319 1467288 DEBUG ? odoo.modules.loading: Module crm_sms loaded in 0.00s, 0 queries 
2026-03-30 10:40:45,319 1467288 DEBUG ? odoo.modules.loading: Loading module hr_calendar (66/101) 
2026-03-30 10:40:45,319 1467288 DEBUG ? odoo.modules.loading: Module hr_calendar loaded in 0.00s, 0 queries 
2026-03-30 10:40:45,319 1467288 DEBUG ? odoo.modules.loading: Loading module hr_gamification (67/101) 
2026-03-30 10:40:45,320 1467288 DEBUG ? odoo.modules.loading: Module hr_gamification loaded in 0.00s, 0 queries 
2026-03-30 10:40:45,320 1467288 DEBUG ? odoo.modules.loading: Loading module hr_org_chart (68/101) 
2026-03-30 10:40:45,320 1467288 DEBUG ? odoo.modules.loading: Module hr_org_chart loaded in 0.00s, 0 queries 
2026-03-30 10:40:45,320 1467288 DEBUG ? odoo.modules.loading: Loading module hr_skills (69/101) 
2026-03-30 10:40:45,321 1467288 DEBUG ? odoo.modules.loading: Module hr_skills loaded in 0.00s, 0 queries 
2026-03-30 10:40:45,322 1467288 DEBUG ? odoo.modules.loading: Loading module iap_crm (70/101) 
2026-03-30 10:40:45,322 1467288 DEBUG ? odoo.modules.loading: Module iap_crm loaded in 0.00s, 0 queries 
2026-03-30 10:40:45,322 1467288 DEBUG ? odoo.modules.loading: Loading module l10n_us_account (71/101) 
2026-03-30 10:40:45,322 1467288 DEBUG ? odoo.modules.loading: Module l10n_us_account loaded in 0.00s, 0 queries 
2026-03-30 10:40:45,322 1467288 DEBUG ? odoo.modules.loading: Loading module mail_bot_hr (72/101) 
2026-03-30 10:40:45,322 1467288 DEBUG ? odoo.modules.loading: Module mail_bot_hr loaded in 0.00s, 0 queries 
2026-03-30 10:40:45,323 1467288 DEBUG ? odoo.modules.loading: Loading module mass_mailing_crm (73/101) 
2026-03-30 10:40:45,323 1467288 DEBUG ? odoo.modules.loading: Module mass_mailing_crm loaded in 0.00s, 0 queries 
2026-03-30 10:40:45,323 1467288 DEBUG ? odoo.modules.loading: Loading module mass_mailing_themes (74/101) 
2026-03-30 10:40:45,323 1467288 DEBUG ? odoo.modules.loading: Module mass_mailing_themes loaded in 0.00s, 0 queries 
2026-03-30 10:40:45,323 1467288 DEBUG ? odoo.modules.loading: Loading module project_account (75/101) 
2026-03-30 10:40:45,324 1467288 DEBUG ? odoo.modules.loading: Module project_account loaded in 0.00s, 0 queries 
2026-03-30 10:40:45,324 1467288 DEBUG ? odoo.modules.loading: Loading module project_sms (76/101) 
2026-03-30 10:40:45,324 1467288 DEBUG ? odoo.modules.loading: Module project_sms loaded in 0.00s, 0 queries 
2026-03-30 10:40:45,324 1467288 DEBUG ? odoo.modules.loading: Loading module project_stock (77/101) 
2026-03-30 10:40:45,324 1467288 DEBUG ? odoo.modules.loading: Module project_stock loaded in 0.00s, 0 queries 
2026-03-30 10:40:45,324 1467288 DEBUG ? odoo.modules.loading: Loading module project_todo (78/101) 
2026-03-30 10:40:45,325 1467288 DEBUG ? odoo.modules.loading: Module project_todo loaded in 0.00s, 0 queries 
2026-03-30 10:40:45,325 1467288 DEBUG ? odoo.modules.loading: Loading module purchase (79/101) 
2026-03-30 10:40:45,326 1467288 DEBUG ? odoo.modules.loading: Module purchase loaded in 0.00s, 0 queries 
2026-03-30 10:40:45,326 1467288 DEBUG ? odoo.modules.loading: Loading module snailmail_account (80/101) 
2026-03-30 10:40:45,327 1467288 DEBUG ? odoo.modules.loading: Module snailmail_account loaded in 0.00s, 0 queries 
2026-03-30 10:40:45,327 1467288 DEBUG ? odoo.modules.loading: Loading module spreadsheet_account (81/101) 
2026-03-30 10:40:45,327 1467288 DEBUG ? odoo.modules.loading: Module spreadsheet_account loaded in 0.00s, 0 queries 
2026-03-30 10:40:45,327 1467288 DEBUG ? odoo.modules.loading: Loading module spreadsheet_dashboard_account (82/101) 
2026-03-30 10:40:45,328 1467288 DEBUG ? odoo.modules.loading: Module spreadsheet_dashboard_account loaded in 0.00s, 0 queries 
2026-03-30 10:40:45,328 1467288 DEBUG ? odoo.modules.loading: Loading module stock_account (83/101) 
2026-03-30 10:40:45,329 1467288 DEBUG ? odoo.modules.loading: Module stock_account loaded in 0.00s, 0 queries 
2026-03-30 10:40:45,329 1467288 DEBUG ? odoo.modules.loading: Loading module stock_sms (84/101) 
2026-03-30 10:40:45,330 1467288 DEBUG ? odoo.modules.loading: Module stock_sms loaded in 0.00s, 0 queries 
2026-03-30 10:40:45,331 1467288 DEBUG ? odoo.modules.loading: Loading module account_qr_code_sepa (85/101) 
2026-03-30 10:40:45,331 1467288 DEBUG ? odoo.modules.loading: Module account_qr_code_sepa loaded in 0.00s, 0 queries 
2026-03-30 10:40:45,331 1467288 DEBUG ? odoo.modules.loading: Loading module crm_iap_enrich (86/101) 
2026-03-30 10:40:45,332 1467288 DEBUG ? odoo.modules.loading: Module crm_iap_enrich loaded in 0.00s, 0 queries 
2026-03-30 10:40:45,332 1467288 DEBUG ? odoo.modules.loading: Loading module crm_iap_mine (87/101) 
2026-03-30 10:40:45,332 1467288 DEBUG ? odoo.modules.loading: Module crm_iap_mine loaded in 0.00s, 0 queries 
2026-03-30 10:40:45,333 1467288 INFO ? odoo.modules.loading: Loading module helpdesk_mgmt (88/101) 
2026-03-30 10:40:46,261 1467288 INFO ? odoo.modules.registry: module helpdesk_mgmt: creating or updating database tables 
2026-03-30 10:40:46,453 1467288 DEBUG ? odoo.models: Table 'res_company': setting default value of new column fiscalyear_last_day to 31 
2026-03-30 10:40:46,454 1467288 DEBUG ? odoo.models: Table 'res_company': setting default value of new column fiscalyear_last_month to '12' 
2026-03-30 10:40:46,455 1467288 DEBUG ? odoo.models: Table 'res_company': setting default value of new column account_price_include to 'tax_excluded' 
2026-03-30 10:40:46,460 1467288 DEBUG ? odoo.models: Table 'res_company': setting default value of new column account_opening_date to '2026-01-01' 
2026-03-30 10:40:46,462 1467288 DEBUG ? odoo.models: Table 'res_company': setting default value of new column po_lead to 0.0 
2026-03-30 10:40:46,485 1467288 DEBUG ? odoo.models: Table 'res_config_settings': setting default value of new column company_id to 1 
2026-03-30 10:40:46,501 1467288 DEBUG ? odoo.models: Table 'res_partner': setting default value of new column autopost_bills to 'ask' 
2026-03-30 10:40:46,516 1467288 DEBUG ? odoo.models: Table 'res_users': setting default value of new column notification_type to 'email' 
2026-03-30 10:40:46,532 1467288 WARNING ? odoo.addons.base.models.ir_model: Two fields (case_number, number) of helpdesk.ticket() have the same label: Número de caso. [Modules: helpdesk_mgmt and helpdesk_mgmt] 
2026-03-30 10:40:46,532 1467288 WARNING ? odoo.addons.base.models.ir_model: Two fields (subject_id, subject) of helpdesk.ticket() have the same label: Asunto. [Modules: helpdesk_mgmt and helpdesk_mgmt] 
2026-03-30 10:40:46,533 1467288 WARNING ? odoo.addons.base.models.ir_model: Two fields (state_reason_id, state_reason) of helpdesk.ticket() have the same label: Razón para el estado. [Modules: helpdesk_mgmt and helpdesk_mgmt] 
2026-03-30 10:40:46,829 1467288 DEBUG ? odoo.schema: Table 'res_company': column 'fiscalyear_last_day': added constraint NOT NULL 
2026-03-30 10:40:46,831 1467288 DEBUG ? odoo.schema: Table 'res_company': column 'fiscalyear_last_month': added constraint NOT NULL 
2026-03-30 10:40:46,833 1467288 DEBUG ? odoo.schema: Table 'res_company': column 'account_price_include': added constraint NOT NULL 
2026-03-30 10:40:46,835 1467288 DEBUG ? odoo.schema: Table 'res_company': column 'account_opening_date': added constraint NOT NULL 
2026-03-30 10:40:46,837 1467288 DEBUG ? odoo.schema: Table 'res_company': column 'po_lead': added constraint NOT NULL 
2026-03-30 10:40:46,839 1467288 DEBUG ? odoo.schema: Table 'res_config_settings': column 'company_id': added constraint NOT NULL 
2026-03-30 10:40:46,848 1467288 DEBUG ? odoo.schema: Table 'res_partner': column 'autopost_bills': added constraint NOT NULL 
2026-03-30 10:40:46,856 1467288 DEBUG ? odoo.schema: Table 'res_users': column 'notification_type': added constraint NOT NULL 
2026-03-30 10:40:46,866 1467288 INFO ? odoo.schema: Keep unexpected index helpdesk_ticket__priority_index on table helpdesk_ticket 
2026-03-30 10:40:46,866 1467288 INFO ? odoo.schema: Keep unexpected index helpdesk_ticket__state_index on table helpdesk_ticket 
2026-03-30 10:40:46,867 1467288 INFO ? odoo.schema: Keep unexpected index helpdesk_ticket__subject_id_index on table helpdesk_ticket 
2026-03-30 10:40:46,885 1467288 INFO ? odoo.modules.loading: loading helpdesk_mgmt/data/helpdesk_data.xml 
2026-03-30 10:40:46,897 1467288 DEBUG ? odoo.modules.registry: Invalidating templates model caches from write /home/pablo/odoo/odoo/addons/base/models/ir_ui_view.py:550 
2026-03-30 10:40:46,902 1467288 DEBUG ? odoo.modules.registry: Invalidating templates model caches from write /home/pablo/odoo/odoo/addons/base/models/ir_ui_view.py:550 
2026-03-30 10:40:46,974 1467288 INFO ? odoo.modules.loading: loading helpdesk_mgmt/security/helpdesk_security.xml 
2026-03-30 10:40:46,986 1467288 DEBUG ? odoo.modules.registry: Invalidating default model caches from call_cache_clearing_methods /home/pablo/odoo/odoo/addons/base/models/ir_model.py:2183 
2026-03-30 10:40:47,042 1467288 DEBUG ? odoo.modules.registry: Invalidating groups model caches from write /home/pablo/odoo/odoo/addons/base/models/res_users.py:1539 
2026-03-30 10:40:47,043 1467288 DEBUG ? odoo.modules.registry: Invalidating default model caches from write /home/pablo/odoo/odoo/addons/base/models/res_users.py:1681 
2026-03-30 10:40:47,043 1467288 DEBUG ? odoo.modules.registry: Invalidating groups model caches from _update_xmlids /home/pablo/odoo/odoo/addons/base/models/ir_model.py:2414 
2026-03-30 10:40:47,048 1467288 DEBUG ? odoo.modules.registry: Invalidating default model caches from call_cache_clearing_methods /home/pablo/odoo/odoo/addons/base/models/ir_model.py:2183 
2026-03-30 10:40:47,081 1467288 DEBUG ? odoo.modules.registry: Invalidating groups model caches from write /home/pablo/odoo/odoo/addons/base/models/res_users.py:1539 
2026-03-30 10:40:47,082 1467288 DEBUG ? odoo.modules.registry: Invalidating default model caches from write /home/pablo/odoo/odoo/addons/base/models/res_users.py:1681 
2026-03-30 10:40:47,083 1467288 DEBUG ? odoo.modules.registry: Invalidating groups model caches from _update_xmlids /home/pablo/odoo/odoo/addons/base/models/ir_model.py:2414 
2026-03-30 10:40:47,088 1467288 DEBUG ? odoo.modules.registry: Invalidating default model caches from call_cache_clearing_methods /home/pablo/odoo/odoo/addons/base/models/ir_model.py:2183 
2026-03-30 10:40:47,133 1467288 DEBUG ? odoo.modules.registry: Invalidating groups model caches from write /home/pablo/odoo/odoo/addons/base/models/res_users.py:1539 
2026-03-30 10:40:47,133 1467288 DEBUG ? odoo.modules.registry: Invalidating default model caches from write /home/pablo/odoo/odoo/addons/base/models/res_users.py:1681 
2026-03-30 10:40:47,134 1467288 DEBUG ? odoo.modules.registry: Invalidating groups model caches from _update_xmlids /home/pablo/odoo/odoo/addons/base/models/ir_model.py:2414 
2026-03-30 10:40:47,148 1467288 DEBUG ? odoo.modules.registry: Invalidating default model caches from call_cache_clearing_methods /home/pablo/odoo/odoo/addons/base/models/ir_model.py:2183 
2026-03-30 10:40:47,209 1467288 DEBUG ? odoo.modules.registry: Invalidating groups model caches from write /home/pablo/odoo/odoo/addons/base/models/res_users.py:1539 
2026-03-30 10:40:47,210 1467288 DEBUG ? odoo.modules.registry: Invalidating default model caches from write /home/pablo/odoo/odoo/addons/base/models/res_users.py:1681 
2026-03-30 10:40:47,213 1467288 DEBUG ? odoo.modules.registry: Invalidating groups model caches from _update_xmlids /home/pablo/odoo/odoo/addons/base/models/ir_model.py:2414 
2026-03-30 10:40:47,241 1467288 INFO ? odoo.modules.loading: loading helpdesk_mgmt/security/ir.model.access.csv 
2026-03-30 10:40:47,317 1467288 DEBUG ? odoo.modules.registry: Invalidating default model caches from call_cache_clearing_methods /home/pablo/odoo/odoo/addons/base/models/ir_model.py:2183 
2026-03-30 10:40:47,319 1467288 DEBUG ? odoo.modules.registry: Invalidating default model caches from call_cache_clearing_methods /home/pablo/odoo/odoo/addons/base/models/ir_model.py:2183 
2026-03-30 10:40:47,321 1467288 DEBUG ? odoo.modules.registry: Invalidating default model caches from call_cache_clearing_methods /home/pablo/odoo/odoo/addons/base/models/ir_model.py:2183 
2026-03-30 10:40:47,323 1467288 DEBUG ? odoo.modules.registry: Invalidating default model caches from call_cache_clearing_methods /home/pablo/odoo/odoo/addons/base/models/ir_model.py:2183 
2026-03-30 10:40:47,327 1467288 DEBUG ? odoo.modules.registry: Invalidating default model caches from call_cache_clearing_methods /home/pablo/odoo/odoo/addons/base/models/ir_model.py:2183 
2026-03-30 10:40:47,328 1467288 DEBUG ? odoo.modules.registry: Invalidating default model caches from call_cache_clearing_methods /home/pablo/odoo/odoo/addons/base/models/ir_model.py:2183 
2026-03-30 10:40:47,332 1467288 DEBUG ? odoo.modules.registry: Invalidating default model caches from call_cache_clearing_methods /home/pablo/odoo/odoo/addons/base/models/ir_model.py:2183 
2026-03-30 10:40:47,334 1467288 DEBUG ? odoo.modules.registry: Invalidating default model caches from call_cache_clearing_methods /home/pablo/odoo/odoo/addons/base/models/ir_model.py:2183 
2026-03-30 10:40:47,336 1467288 DEBUG ? odoo.modules.registry: Invalidating default model caches from call_cache_clearing_methods /home/pablo/odoo/odoo/addons/base/models/ir_model.py:2183 
2026-03-30 10:40:47,337 1467288 DEBUG ? odoo.modules.registry: Invalidating default model caches from call_cache_clearing_methods /home/pablo/odoo/odoo/addons/base/models/ir_model.py:2183 
2026-03-30 10:40:47,339 1467288 DEBUG ? odoo.modules.registry: Invalidating default model caches from call_cache_clearing_methods /home/pablo/odoo/odoo/addons/base/models/ir_model.py:2183 
2026-03-30 10:40:47,340 1467288 DEBUG ? odoo.modules.registry: Invalidating default model caches from call_cache_clearing_methods /home/pablo/odoo/odoo/addons/base/models/ir_model.py:2183 
2026-03-30 10:40:47,342 1467288 DEBUG ? odoo.modules.registry: Invalidating default model caches from call_cache_clearing_methods /home/pablo/odoo/odoo/addons/base/models/ir_model.py:2183 
2026-03-30 10:40:47,344 1467288 DEBUG ? odoo.modules.registry: Invalidating default model caches from call_cache_clearing_methods /home/pablo/odoo/odoo/addons/base/models/ir_model.py:2183 
2026-03-30 10:40:47,348 1467288 DEBUG ? odoo.modules.registry: Invalidating default model caches from call_cache_clearing_methods /home/pablo/odoo/odoo/addons/base/models/ir_model.py:2183 
2026-03-30 10:40:47,350 1467288 DEBUG ? odoo.modules.registry: Invalidating default model caches from call_cache_clearing_methods /home/pablo/odoo/odoo/addons/base/models/ir_model.py:2183 
2026-03-30 10:40:47,351 1467288 DEBUG ? odoo.modules.registry: Invalidating default model caches from call_cache_clearing_methods /home/pablo/odoo/odoo/addons/base/models/ir_model.py:2183 
2026-03-30 10:40:47,353 1467288 DEBUG ? odoo.modules.registry: Invalidating default model caches from call_cache_clearing_methods /home/pablo/odoo/odoo/addons/base/models/ir_model.py:2183 
2026-03-30 10:40:47,354 1467288 DEBUG ? odoo.modules.registry: Invalidating default model caches from call_cache_clearing_methods /home/pablo/odoo/odoo/addons/base/models/ir_model.py:2183 
2026-03-30 10:40:47,356 1467288 DEBUG ? odoo.modules.registry: Invalidating default model caches from call_cache_clearing_methods /home/pablo/odoo/odoo/addons/base/models/ir_model.py:2183 
2026-03-30 10:40:47,357 1467288 DEBUG ? odoo.modules.registry: Invalidating default model caches from call_cache_clearing_methods /home/pablo/odoo/odoo/addons/base/models/ir_model.py:2183 
2026-03-30 10:40:47,359 1467288 DEBUG ? odoo.modules.registry: Invalidating default model caches from call_cache_clearing_methods /home/pablo/odoo/odoo/addons/base/models/ir_model.py:2183 
2026-03-30 10:40:47,360 1467288 DEBUG ? odoo.modules.registry: Invalidating default model caches from call_cache_clearing_methods /home/pablo/odoo/odoo/addons/base/models/ir_model.py:2183 
2026-03-30 10:40:47,365 1467288 DEBUG ? odoo.modules.registry: Invalidating default model caches from call_cache_clearing_methods /home/pablo/odoo/odoo/addons/base/models/ir_model.py:2183 
2026-03-30 10:40:47,366 1467288 DEBUG ? odoo.modules.registry: Invalidating default model caches from call_cache_clearing_methods /home/pablo/odoo/odoo/addons/base/models/ir_model.py:2183 
2026-03-30 10:40:47,368 1467288 DEBUG ? odoo.modules.registry: Invalidating default model caches from call_cache_clearing_methods /home/pablo/odoo/odoo/addons/base/models/ir_model.py:2183 
2026-03-30 10:40:47,369 1467288 DEBUG ? odoo.modules.registry: Invalidating default model caches from call_cache_clearing_methods /home/pablo/odoo/odoo/addons/base/models/ir_model.py:2183 
2026-03-30 10:40:47,371 1467288 DEBUG ? odoo.modules.registry: Invalidating default model caches from call_cache_clearing_methods /home/pablo/odoo/odoo/addons/base/models/ir_model.py:2183 
2026-03-30 10:40:47,372 1467288 DEBUG ? odoo.modules.registry: Invalidating default model caches from call_cache_clearing_methods /home/pablo/odoo/odoo/addons/base/models/ir_model.py:2183 
2026-03-30 10:40:47,374 1467288 DEBUG ? odoo.modules.registry: Invalidating default model caches from call_cache_clearing_methods /home/pablo/odoo/odoo/addons/base/models/ir_model.py:2183 
2026-03-30 10:40:47,376 1467288 DEBUG ? odoo.modules.registry: Invalidating default model caches from call_cache_clearing_methods /home/pablo/odoo/odoo/addons/base/models/ir_model.py:2183 
2026-03-30 10:40:47,378 1467288 DEBUG ? odoo.modules.registry: Invalidating default model caches from call_cache_clearing_methods /home/pablo/odoo/odoo/addons/base/models/ir_model.py:2183 
2026-03-30 10:40:47,380 1467288 DEBUG ? odoo.modules.registry: Invalidating default model caches from call_cache_clearing_methods /home/pablo/odoo/odoo/addons/base/models/ir_model.py:2183 
2026-03-30 10:40:47,381 1467288 DEBUG ? odoo.modules.registry: Invalidating default model caches from call_cache_clearing_methods /home/pablo/odoo/odoo/addons/base/models/ir_model.py:2183 
2026-03-30 10:40:47,383 1467288 DEBUG ? odoo.modules.registry: Invalidating default model caches from call_cache_clearing_methods /home/pablo/odoo/odoo/addons/base/models/ir_model.py:2183 
2026-03-30 10:40:47,384 1467288 DEBUG ? odoo.modules.registry: Invalidating default model caches from call_cache_clearing_methods /home/pablo/odoo/odoo/addons/base/models/ir_model.py:2183 
2026-03-30 10:40:47,386 1467288 DEBUG ? odoo.modules.registry: Invalidating default model caches from call_cache_clearing_methods /home/pablo/odoo/odoo/addons/base/models/ir_model.py:2183 
2026-03-30 10:40:47,390 1467288 INFO ? odoo.modules.loading: loading helpdesk_mgmt/views/res_partner_views.xml 
2026-03-30 10:40:47,397 1467288 DEBUG ? odoo.modules.registry: Invalidating templates model caches from write /home/pablo/odoo/odoo/addons/base/models/ir_ui_view.py:550 
2026-03-30 10:40:47,400 1467288 DEBUG ? odoo.modules.registry: Invalidating templates model caches from write /home/pablo/odoo/odoo/addons/base/models/ir_ui_view.py:550 
2026-03-30 10:40:47,484 1467288 INFO ? odoo.modules.loading: loading helpdesk_mgmt/views/res_config_settings_views.xml 
2026-03-30 10:40:47,490 1467288 DEBUG ? odoo.modules.registry: Invalidating templates model caches from write /home/pablo/odoo/odoo/addons/base/models/ir_ui_view.py:550 
2026-03-30 10:40:47,494 1467288 DEBUG ? odoo.modules.registry: Invalidating templates model caches from write /home/pablo/odoo/odoo/addons/base/models/ir_ui_view.py:550 
2026-03-30 10:40:47,601 1467288 DEBUG ? odoo.modules.registry: Invalidating default model caches from write /home/pablo/odoo/odoo/addons/base/models/ir_actions.py:114 
2026-03-30 10:40:47,602 1467288 INFO ? odoo.modules.loading: loading helpdesk_mgmt/views/helpdesk_ticket_templates.xml 
2026-03-30 10:40:47,613 1467288 DEBUG ? odoo.modules.registry: Invalidating templates model caches from write /home/pablo/odoo/odoo/addons/base/models/ir_ui_view.py:550 
2026-03-30 10:40:47,617 1467288 DEBUG ? odoo.modules.registry: Invalidating templates model caches from write /home/pablo/odoo/odoo/addons/base/models/ir_ui_view.py:550 
2026-03-30 10:40:47,637 1467288 DEBUG ? odoo.modules.registry: Invalidating templates model caches from write /home/pablo/odoo/odoo/addons/base/models/ir_ui_view.py:550 
2026-03-30 10:40:47,639 1467288 DEBUG ? odoo.modules.registry: Invalidating templates model caches from write /home/pablo/odoo/odoo/addons/base/models/ir_ui_view.py:550 
2026-03-30 10:40:47,647 1467288 DEBUG ? odoo.modules.registry: Invalidating templates model caches from write /home/pablo/odoo/odoo/addons/base/models/ir_ui_view.py:550 
2026-03-30 10:40:47,652 1467288 DEBUG ? odoo.modules.registry: Invalidating templates model caches from write /home/pablo/odoo/odoo/addons/base/models/ir_ui_view.py:550 
2026-03-30 10:40:47,669 1467288 DEBUG ? odoo.modules.registry: Invalidating templates model caches from write /home/pablo/odoo/odoo/addons/base/models/ir_ui_view.py:550 
2026-03-30 10:40:47,672 1467288 DEBUG ? odoo.modules.registry: Invalidating templates model caches from write /home/pablo/odoo/odoo/addons/base/models/ir_ui_view.py:550 
2026-03-30 10:40:47,690 1467288 DEBUG ? odoo.modules.registry: Invalidating templates model caches from write /home/pablo/odoo/odoo/addons/base/models/ir_ui_view.py:550 
2026-03-30 10:40:47,694 1467288 DEBUG ? odoo.modules.registry: Invalidating templates model caches from write /home/pablo/odoo/odoo/addons/base/models/ir_ui_view.py:550 
2026-03-30 10:40:47,705 1467288 DEBUG ? odoo.modules.registry: Invalidating templates model caches from write /home/pablo/odoo/odoo/addons/base/models/ir_ui_view.py:550 
2026-03-30 10:40:47,706 1467288 DEBUG ? odoo.modules.registry: Invalidating templates model caches from write /home/pablo/odoo/odoo/addons/base/models/ir_ui_view.py:550 
2026-03-30 10:40:47,717 1467288 DEBUG ? odoo.modules.registry: Invalidating templates model caches from write /home/pablo/odoo/odoo/addons/base/models/ir_ui_view.py:550 
2026-03-30 10:40:47,719 1467288 DEBUG ? odoo.modules.registry: Invalidating templates model caches from write /home/pablo/odoo/odoo/addons/base/models/ir_ui_view.py:550 
2026-03-30 10:40:47,728 1467288 DEBUG ? odoo.modules.registry: Invalidating templates model caches from write /home/pablo/odoo/odoo/addons/base/models/ir_ui_view.py:550 
2026-03-30 10:40:47,735 1467288 DEBUG ? odoo.modules.registry: Invalidating templates model caches from write /home/pablo/odoo/odoo/addons/base/models/ir_ui_view.py:550 
2026-03-30 10:40:47,752 1467288 DEBUG ? odoo.modules.registry: Invalidating templates model caches from write /home/pablo/odoo/odoo/addons/base/models/ir_ui_view.py:550 
2026-03-30 10:40:47,754 1467288 DEBUG ? odoo.modules.registry: Invalidating templates model caches from write /home/pablo/odoo/odoo/addons/base/models/ir_ui_view.py:550 
2026-03-30 10:40:47,757 1467288 INFO ? odoo.modules.loading: loading helpdesk_mgmt/views/helpdesk_ticket_time_line_views.xml 
2026-03-30 10:40:47,767 1467288 DEBUG ? odoo.modules.registry: Invalidating templates model caches from write /home/pablo/odoo/odoo/addons/base/models/ir_ui_view.py:550 
2026-03-30 10:40:47,769 1467288 DEBUG ? odoo.modules.registry: Invalidating templates model caches from write /home/pablo/odoo/odoo/addons/base/models/ir_ui_view.py:550 
2026-03-30 10:40:47,788 1467288 INFO ? odoo.modules.loading: loading helpdesk_mgmt/views/helpdesk_ticket_views.xml 
2026-03-30 10:40:47,795 1467288 DEBUG ? odoo.modules.registry: Invalidating default model caches from write /home/pablo/odoo/odoo/addons/base/models/ir_actions.py:114 
2026-03-30 10:40:47,803 1467288 DEBUG ? odoo.modules.registry: Invalidating default model caches from write /home/pablo/odoo/odoo/addons/base/models/ir_actions.py:114 
2026-03-30 10:40:47,807 1467288 DEBUG ? odoo.modules.registry: Invalidating templates model caches from write /home/pablo/odoo/odoo/addons/base/models/ir_ui_view.py:550 
2026-03-30 10:40:47,808 1467288 DEBUG ? odoo.modules.registry: Invalidating templates model caches from write /home/pablo/odoo/odoo/addons/base/models/ir_ui_view.py:550 
2026-03-30 10:40:47,820 1467288 DEBUG ? odoo.modules.registry: Invalidating templates model caches from write /home/pablo/odoo/odoo/addons/base/models/ir_ui_view.py:550 
2026-03-30 10:40:47,822 1467288 DEBUG ? odoo.modules.registry: Invalidating templates model caches from write /home/pablo/odoo/odoo/addons/base/models/ir_ui_view.py:550 
2026-03-30 10:40:47,831 1467288 DEBUG ? odoo.modules.registry: Invalidating templates model caches from write /home/pablo/odoo/odoo/addons/base/models/ir_ui_view.py:550 
2026-03-30 10:40:47,832 1467288 DEBUG ? odoo.modules.registry: Invalidating templates model caches from write /home/pablo/odoo/odoo/addons/base/models/ir_ui_view.py:550 
2026-03-30 10:40:47,840 1467288 DEBUG ? odoo.modules.registry: Invalidating templates model caches from write /home/pablo/odoo/odoo/addons/base/models/ir_ui_view.py:550 
2026-03-30 10:40:47,841 1467288 DEBUG ? odoo.modules.registry: Invalidating templates model caches from write /home/pablo/odoo/odoo/addons/base/models/ir_ui_view.py:550 
2026-03-30 10:40:47,849 1467288 DEBUG ? odoo.modules.registry: Invalidating templates model caches from write /home/pablo/odoo/odoo/addons/base/models/ir_ui_view.py:550 
2026-03-30 10:40:47,851 1467288 DEBUG ? odoo.modules.registry: Invalidating templates model caches from write /home/pablo/odoo/odoo/addons/base/models/ir_ui_view.py:550 
2026-03-30 10:40:47,858 1467288 DEBUG ? odoo.modules.registry: Invalidating templates model caches from write /home/pablo/odoo/odoo/addons/base/models/ir_ui_view.py:550 
2026-03-30 10:40:47,860 1467288 DEBUG ? odoo.modules.registry: Invalidating templates model caches from write /home/pablo/odoo/odoo/addons/base/models/ir_ui_view.py:550 
2026-03-30 10:40:47,869 1467288 DEBUG ? odoo.modules.registry: Invalidating templates model caches from write /home/pablo/odoo/odoo/addons/base/models/ir_ui_view.py:550 
2026-03-30 10:40:47,871 1467288 DEBUG ? odoo.modules.registry: Invalidating templates model caches from write /home/pablo/odoo/odoo/addons/base/models/ir_ui_view.py:550 
2026-03-30 10:40:47,889 1467288 DEBUG ? odoo.modules.registry: Invalidating templates model caches from write /home/pablo/odoo/odoo/addons/base/models/ir_ui_view.py:550 
2026-03-30 10:40:47,891 1467288 DEBUG ? odoo.modules.registry: Invalidating templates model caches from write /home/pablo/odoo/odoo/addons/base/models/ir_ui_view.py:550 
2026-03-30 10:40:47,902 1467288 DEBUG ? odoo.modules.registry: Invalidating templates model caches from write /home/pablo/odoo/odoo/addons/base/models/ir_ui_view.py:550 
2026-03-30 10:40:47,904 1467288 DEBUG ? odoo.modules.registry: Invalidating templates model caches from write /home/pablo/odoo/odoo/addons/base/models/ir_ui_view.py:550 
2026-03-30 10:40:47,924 1467288 DEBUG ? odoo.tools.convert: while parsing /home/pablo/odoo/addons/helpdesk/helpdesk_mgmt/views/helpdesk_ticket_views.xml:439
Error while parsing or validating view:

Element '<xpath expr="//header/button[@name=&#39;action_cancel_case&#39;]">' cannot be located in parent view

View error context:
{'file': '/home/pablo/odoo/addons/helpdesk/helpdesk_mgmt/views/helpdesk_ticket_views.xml',
 'line': 1,
 'name': 'helpdesk.ticket.form.resolution.ot',
 'view': ir.ui.view(1565,),
 'view.model': 'helpdesk.ticket',
 'view.parent': ir.ui.view(1552,),
 'xmlid': 'view_helpdesk_ticket_form_resolution'}
 
Traceback (most recent call last):
  File "/home/pablo/odoo/odoo/tools/convert.py", line 590, in _tag_root
    f(rec)
    ~^^^^^
  File "/home/pablo/odoo/odoo/tools/convert.py", line 444, in _tag_record
    record = model._load_records([data], self.mode == 'update')
  File "/home/pablo/odoo/odoo/models.py", line 5508, in _load_records
    data['record']._load_records_write(data['values'])
    ~~~~~~~~~~~~~~~~~~~~~~~~~~~~~~~~~~^^^^^^^^^^^^^^^^
  File "/home/pablo/odoo/odoo/addons/base/models/ir_ui_view.py", line 2311, in _load_records_write
    super(View, self)._load_records_write(values)
    ~~~~~~~~~~~~~~~~~~~~~~~~~~~~~~~~~~~~~^^^^^^^^
  File "/home/pablo/odoo/odoo/models.py", line 5426, in _load_records_write
    self.write(values)
    ~~~~~~~~~~^^^^^^^^
  File "/home/pablo/odoo/odoo/addons/base/models/ir_ui_view.py", line 554, in write
    res = super(View, self).write(self._compute_defaults(vals))
  File "/home/pablo/odoo/odoo/models.py", line 4845, in write
    fields[0].determine_inverse(real_recs)
    ~~~~~~~~~~~~~~~~~~~~~~~~~~~^^^^^^^^^^^
  File "/home/pablo/odoo/odoo/fields.py", line 1502, in determine_inverse
    determine(self.inverse, records)
    ~~~~~~~~~^^^^^^^^^^^^^^^^^^^^^^^
  File "/home/pablo/odoo/odoo/fields.py", line 110, in determine
    return needle(*args)
  File "/home/pablo/odoo/odoo/addons/base/models/ir_ui_view.py", line 262, in _inverse_arch
    view.write(data)
    ~~~~~~~~~~^^^^^^
  File "/home/pablo/odoo/odoo/addons/base/models/ir_ui_view.py", line 554, in write
    res = super(View, self).write(self._compute_defaults(vals))
  File "/home/pablo/odoo/odoo/models.py", line 4835, in write
    real_recs._validate_fields(vals, inverse_fields)
    ~~~~~~~~~~~~~~~~~~~~~~~~~~^^^^^^^^^^^^^^^^^^^^^^
  File "/home/pablo/odoo/odoo/models.py", line 1636, in _validate_fields
    check(self)
    ~~~~~^^^^^^
  File "/home/pablo/odoo/odoo/addons/base/models/ir_ui_view.py", line 377, in _check_xml
    raise err from None
  File "/home/pablo/odoo/odoo/addons/base/models/ir_ui_view.py", line 367, in _check_xml
    combined_arch = view._get_combined_arch()
  File "/home/pablo/odoo/odoo/addons/base/models/ir_ui_view.py", line 962, in _get_combined_arch
    arch = root.with_prefetch(tree_views._prefetch_ids)._combine(hierarchy)
  File "/home/pablo/odoo/odoo/addons/base/models/ir_ui_view.py", line 920, in _combine
    combined_arch = view.apply_inheritance_specs(combined_arch, arch)
  File "/home/pablo/odoo/odoo/addons/base/models/ir_ui_view.py", line 857, in apply_inheritance_specs
    self._raise_view_error(str(e), specs_tree)
    ~~~~~~~~~~~~~~~~~~~~~~^^^^^^^^^^^^^^^^^^^^
  File "/home/pablo/odoo/odoo/addons/base/models/ir_ui_view.py", line 734, in _raise_view_error
    raise err from from_exception
odoo.exceptions.ValidationError: Error while parsing or validating view:

Element '<xpath expr="//header/button[@name=&#39;action_cancel_case&#39;]">' cannot be located in parent view
2026-03-30 10:40:47,933 1467288 WARNING ? odoo.modules.loading: Transient module states were reset 
2026-03-30 10:40:47,933 1467288 ERROR ? odoo.modules.registry: Failed to load registry 
2026-03-30 10:40:47,933 1467288 ERROR ? odoo.http: Exception during request handling. 
Traceback (most recent call last):
  File "/home/pablo/odoo/odoo/http.py", line 2577, in __call__
    response = request._serve_db()
  File "/home/pablo/odoo/odoo/http.py", line 2081, in _serve_db
    self.registry, cr_readwrite = self._open_registry()
                                  ~~~~~~~~~~~~~~~~~~~^^
  File "/home/pablo/odoo/odoo/http.py", line 1690, in _open_registry
    registry = Registry(self.db)
  File "/home/pablo/odoo/odoo/modules/registry.py", line 108, in __new__
    return cls.new(db_name)
           ~~~~~~~^^^^^^^^^
  File "/home/pablo/odoo/.venv/lib/python3.13/site-packages/decorator.py", line 235, in fun
    return caller(func, *(extras + args), **kw)
  File "/home/pablo/odoo/odoo/tools/func.py", line 97, in locked
    return func(inst, *args, **kwargs)
  File "/home/pablo/odoo/odoo/modules/registry.py", line 129, in new
    odoo.modules.load_modules(registry, force_demo, status, update_module)
    ~~~~~~~~~~~~~~~~~~~~~~~~~^^^^^^^^^^^^^^^^^^^^^^^^^^^^^^^^^^^^^^^^^^^^^
  File "/home/pablo/odoo/odoo/modules/loading.py", line 485, in load_modules
    processed_modules += load_marked_modules(env, graph,
                         ~~~~~~~~~~~~~~~~~~~^^^^^^^^^^^^
        ['installed', 'to upgrade', 'to remove'],
        ^^^^^^^^^^^^^^^^^^^^^^^^^^^^^^^^^^^^^^^^^
        force, status, report, loaded_modules, update_module, models_to_check)
        ^^^^^^^^^^^^^^^^^^^^^^^^^^^^^^^^^^^^^^^^^^^^^^^^^^^^^^^^^^^^^^^^^^^^^^
  File "/home/pablo/odoo/odoo/modules/loading.py", line 365, in load_marked_modules
    loaded, processed = load_module_graph(
                        ~~~~~~~~~~~~~~~~~^
        env, graph, progressdict, report=report, skip_modules=loaded_modules,
        ^^^^^^^^^^^^^^^^^^^^^^^^^^^^^^^^^^^^^^^^^^^^^^^^^^^^^^^^^^^^^^^^^^^^^
        perform_checks=perform_checks, models_to_check=models_to_check
        ^^^^^^^^^^^^^^^^^^^^^^^^^^^^^^^^^^^^^^^^^^^^^^^^^^^^^^^^^^^^^^
    )
    ^
  File "/home/pablo/odoo/odoo/modules/loading.py", line 228, in load_module_graph
    load_data(env, idref, mode, kind='data', package=package)
    ~~~~~~~~~^^^^^^^^^^^^^^^^^^^^^^^^^^^^^^^^^^^^^^^^^^^^^^^^
  File "/home/pablo/odoo/odoo/modules/loading.py", line 72, in load_data
    tools.convert_file(env, package.name, filename, idref, mode, noupdate, kind)
    ~~~~~~~~~~~~~~~~~~^^^^^^^^^^^^^^^^^^^^^^^^^^^^^^^^^^^^^^^^^^^^^^^^^^^^^^^^^^
  File "/home/pablo/odoo/odoo/tools/convert.py", line 662, in convert_file
    convert_xml_import(env, module, fp, idref, mode, noupdate)
    ~~~~~~~~~~~~~~~~~~^^^^^^^^^^^^^^^^^^^^^^^^^^^^^^^^^^^^^^^^
  File "/home/pablo/odoo/odoo/tools/convert.py", line 733, in convert_xml_import
    obj.parse(doc.getroot())
    ~~~~~~~~~^^^^^^^^^^^^^^^
  File "/home/pablo/odoo/odoo/tools/convert.py", line 648, in parse
    self._tag_root(de)
    ~~~~~~~~~~~~~~^^^^
  File "/home/pablo/odoo/odoo/tools/convert.py", line 601, in _tag_root
    raise ParseError(msg) from None  # Restart with "--log-handler odoo.tools.convert:DEBUG" for complete traceback
    ^^^^^^^^^^^^^^^^^^^^^^^^^^^^^^^
odoo.tools.convert.ParseError: while parsing /home/pablo/odoo/addons/helpdesk/helpdesk_mgmt/views/helpdesk_ticket_views.xml:439
Error while parsing or validating view:

Element '<xpath expr="//header/button[@name=&#39;action_cancel_case&#39;]">' cannot be located in parent view

View error context:
{'file': '/home/pablo/odoo/addons/helpdesk/helpdesk_mgmt/views/helpdesk_ticket_views.xml',
 'line': 1,
 'name': 'helpdesk.ticket.form.resolution.ot',
 'view': ir.ui.view(1565,),
 'view.model': 'helpdesk.ticket',
 'view.parent': ir.ui.view(1552,),
 'xmlid': 'view_helpdesk_ticket_form_resolution'}

2026-03-30 10:40:47,940 1467288 INFO ? werkzeug: 127.0.0.1 - - [30/Mar/2026 10:40:47] "GET /web/service-worker.js HTTP/1.1" 500 - 797 0.847 5.044
2026-03-30 10:40:47,945 1467288 DEBUG ? odoo.modules.registry: Multiprocess load registry signaling: [Registry: 26] [Cache default: 28] [Cache assets: 3] [Cache templates: 2] [Cache routing: 1] [Cache groups: 2] 
2026-03-30 10:40:47,950 1467288 INFO ? odoo.modules.loading: loading 1 modules... 
2026-03-30 10:40:47,950 1467288 DEBUG ? odoo.modules.loading: Loading module base (1/1) 
2026-03-30 10:40:47,960 1467288 DEBUG ? odoo.modules.loading: Module base loaded in 0.01s, 0 queries 
2026-03-30 10:40:47,960 1467288 INFO ? odoo.modules.loading: 1 modules loaded in 0.01s, 0 queries (+0 extra) 
2026-03-30 10:40:47,970 1467288 DEBUG ? odoo.modules.loading: Updating graph with 100 more modules 
2026-03-30 10:40:47,971 1467288 INFO ? odoo.modules.loading: loading 101 modules... 
2026-03-30 10:40:47,971 1467288 DEBUG ? odoo.modules.loading: Loading module l10n_us (2/101) 
2026-03-30 10:40:47,972 1467288 DEBUG ? odoo.modules.loading: Module l10n_us loaded in 0.00s, 0 queries 
2026-03-30 10:40:47,972 1467288 DEBUG ? odoo.modules.loading: Loading module social_media (3/101) 
2026-03-30 10:40:47,972 1467288 DEBUG ? odoo.modules.loading: Module social_media loaded in 0.00s, 0 queries 
2026-03-30 10:40:47,973 1467288 DEBUG ? odoo.modules.loading: Loading module uom (4/101) 
2026-03-30 10:40:47,975 1467288 DEBUG ? odoo.modules.loading: Module uom loaded in 0.00s, 0 queries 
2026-03-30 10:40:47,975 1467288 DEBUG ? odoo.modules.loading: Loading module web (5/101) 
2026-03-30 10:40:47,976 1467288 DEBUG ? odoo.modules.loading: Module web loaded in 0.00s, 0 queries 
2026-03-30 10:40:47,977 1467288 DEBUG ? odoo.modules.loading: Loading module auth_totp (6/101) 
2026-03-30 10:40:47,977 1467288 DEBUG ? odoo.modules.loading: Module auth_totp loaded in 0.00s, 0 queries 
2026-03-30 10:40:47,977 1467288 DEBUG ? odoo.modules.loading: Loading module barcodes (7/101) 
2026-03-30 10:40:47,978 1467288 DEBUG ? odoo.modules.loading: Module barcodes loaded in 0.00s, 0 queries 
2026-03-30 10:40:47,978 1467288 DEBUG ? odoo.modules.loading: Loading module base_import (8/101) 
2026-03-30 10:40:47,979 1467288 DEBUG ? odoo.modules.loading: Module base_import loaded in 0.00s, 0 queries 
2026-03-30 10:40:47,979 1467288 DEBUG ? odoo.modules.loading: Loading module base_import_module (9/101) 
2026-03-30 10:40:47,980 1467288 DEBUG ? odoo.modules.loading: Module base_import_module loaded in 0.00s, 0 queries 
2026-03-30 10:40:47,980 1467288 DEBUG ? odoo.modules.loading: Loading module base_setup (10/101) 
2026-03-30 10:40:47,980 1467288 DEBUG ? odoo.modules.loading: Module base_setup loaded in 0.00s, 0 queries 
2026-03-30 10:40:47,981 1467288 DEBUG ? odoo.modules.loading: Loading module bus (11/101) 
2026-03-30 10:40:47,982 1467288 DEBUG ? odoo.modules.loading: Module bus loaded in 0.00s, 0 queries 
2026-03-30 10:40:47,982 1467288 DEBUG ? odoo.modules.loading: Loading module http_routing (12/101) 
2026-03-30 10:40:47,982 1467288 DEBUG ? odoo.modules.loading: Module http_routing loaded in 0.00s, 0 queries 
2026-03-30 10:40:47,982 1467288 DEBUG ? odoo.modules.loading: Loading module onboarding (13/101) 
2026-03-30 10:40:47,982 1467288 DEBUG ? odoo.modules.loading: Module onboarding loaded in 0.00s, 0 queries 
2026-03-30 10:40:47,983 1467288 DEBUG ? odoo.modules.loading: Loading module resource (14/101) 
2026-03-30 10:40:47,983 1467288 DEBUG ? odoo.modules.loading: Module resource loaded in 0.00s, 0 queries 
2026-03-30 10:40:47,983 1467288 DEBUG ? odoo.modules.loading: Loading module utm (15/101) 
2026-03-30 10:40:47,984 1467288 DEBUG ? odoo.modules.loading: Module utm loaded in 0.00s, 0 queries 
2026-03-30 10:40:47,984 1467288 DEBUG ? odoo.modules.loading: Loading module web_hierarchy (16/101) 
2026-03-30 10:40:47,986 1467288 DEBUG ? odoo.modules.loading: Module web_hierarchy loaded in 0.00s, 0 queries 
2026-03-30 10:40:47,988 1467288 DEBUG ? odoo.modules.loading: Loading module web_tour (17/101) 
2026-03-30 10:40:47,988 1467288 DEBUG ? odoo.modules.loading: Module web_tour loaded in 0.00s, 0 queries 
2026-03-30 10:40:47,989 1467288 DEBUG ? odoo.modules.loading: Loading module barcodes_gs1_nomenclature (18/101) 
2026-03-30 10:40:47,989 1467288 DEBUG ? odoo.modules.loading: Module barcodes_gs1_nomenclature loaded in 0.00s, 0 queries 
2026-03-30 10:40:47,989 1467288 DEBUG ? odoo.modules.loading: Loading module html_editor (19/101) 
2026-03-30 10:40:47,990 1467288 DEBUG ? odoo.modules.loading: Module html_editor loaded in 0.00s, 0 queries 
2026-03-30 10:40:47,990 1467288 DEBUG ? odoo.modules.loading: Loading module iap (20/101) 
2026-03-30 10:40:47,990 1467288 DEBUG ? odoo.modules.loading: Module iap loaded in 0.00s, 0 queries 
2026-03-30 10:40:47,990 1467288 DEBUG ? odoo.modules.loading: Loading module mail (21/101) 
2026-03-30 10:40:47,999 1467288 DEBUG ? odoo.modules.loading: Module mail loaded in 0.01s, 0 queries 
2026-03-30 10:40:47,999 1467288 DEBUG ? odoo.modules.loading: Loading module web_editor (22/101) 
2026-03-30 10:40:48,005 1467288 DEBUG ? odoo.modules.loading: Module web_editor loaded in 0.01s, 0 queries 
2026-03-30 10:40:48,007 1467288 DEBUG ? odoo.modules.loading: Loading module analytic (23/101) 
2026-03-30 10:40:48,010 1467288 DEBUG ? odoo.modules.loading: Module analytic loaded in 0.00s, 0 queries 
2026-03-30 10:40:48,010 1467288 DEBUG ? odoo.modules.loading: Loading module auth_signup (24/101) 
2026-03-30 10:40:48,010 1467288 DEBUG ? odoo.modules.loading: Module auth_signup loaded in 0.00s, 0 queries 
2026-03-30 10:40:48,011 1467288 DEBUG ? odoo.modules.loading: Loading module auth_totp_mail (25/101) 
2026-03-30 10:40:48,011 1467288 DEBUG ? odoo.modules.loading: Module auth_totp_mail loaded in 0.00s, 0 queries 
2026-03-30 10:40:48,011 1467288 DEBUG ? odoo.modules.loading: Loading module base_install_request (26/101) 
2026-03-30 10:40:48,012 1467288 DEBUG ? odoo.modules.loading: Module base_install_request loaded in 0.00s, 0 queries 
2026-03-30 10:40:48,012 1467288 DEBUG ? odoo.modules.loading: Loading module calendar (27/101) 
2026-03-30 10:40:48,016 1467288 DEBUG ? odoo.modules.loading: Module calendar loaded in 0.00s, 0 queries 
2026-03-30 10:40:48,016 1467288 DEBUG ? odoo.modules.loading: Loading module contacts (28/101) 
2026-03-30 10:40:48,016 1467288 DEBUG ? odoo.modules.loading: Module contacts loaded in 0.00s, 0 queries 
2026-03-30 10:40:48,016 1467288 DEBUG ? odoo.modules.loading: Loading module gamification (29/101) 
2026-03-30 10:40:48,017 1467288 DEBUG ? odoo.modules.loading: Module gamification loaded in 0.00s, 0 queries 
2026-03-30 10:40:48,017 1467288 DEBUG ? odoo.modules.loading: Loading module iap_mail (30/101) 
2026-03-30 10:40:48,017 1467288 DEBUG ? odoo.modules.loading: Module iap_mail loaded in 0.00s, 0 queries 
2026-03-30 10:40:48,017 1467288 DEBUG ? odoo.modules.loading: Loading module link_tracker (31/101) 
2026-03-30 10:40:48,018 1467288 DEBUG ? odoo.modules.loading: Module link_tracker loaded in 0.00s, 0 queries 
2026-03-30 10:40:48,018 1467288 DEBUG ? odoo.modules.loading: Loading module mail_bot (32/101) 
2026-03-30 10:40:48,018 1467288 DEBUG ? odoo.modules.loading: Module mail_bot loaded in 0.00s, 0 queries 
2026-03-30 10:40:48,018 1467288 DEBUG ? odoo.modules.loading: Loading module microsoft_outlook (33/101) 
2026-03-30 10:40:48,018 1467288 DEBUG ? odoo.modules.loading: Module microsoft_outlook loaded in 0.00s, 0 queries 
2026-03-30 10:40:48,018 1467288 DEBUG ? odoo.modules.loading: Loading module phone_validation (34/101) 
2026-03-30 10:40:48,022 1467288 DEBUG ? odoo.modules.loading: Module phone_validation loaded in 0.00s, 0 queries 
2026-03-30 10:40:48,022 1467288 DEBUG ? odoo.modules.loading: Loading module privacy_lookup (35/101) 
2026-03-30 10:40:48,022 1467288 DEBUG ? odoo.modules.loading: Module privacy_lookup loaded in 0.00s, 0 queries 
2026-03-30 10:40:48,023 1467288 DEBUG ? odoo.modules.loading: Loading module product (36/101) 
2026-03-30 10:40:48,027 1467288 DEBUG ? odoo.modules.loading: Module product loaded in 0.00s, 0 queries 
2026-03-30 10:40:48,027 1467288 DEBUG ? odoo.modules.loading: Loading module rating (37/101) 
2026-03-30 10:40:48,028 1467288 DEBUG ? odoo.modules.loading: Module rating loaded in 0.00s, 0 queries 
2026-03-30 10:40:48,029 1467288 DEBUG ? odoo.modules.loading: Loading module resource_mail (38/101) 
2026-03-30 10:40:48,029 1467288 DEBUG ? odoo.modules.loading: Module resource_mail loaded in 0.00s, 0 queries 
2026-03-30 10:40:48,031 1467288 DEBUG ? odoo.modules.loading: Loading module sales_team (39/101) 
2026-03-30 10:40:48,031 1467288 DEBUG ? odoo.modules.loading: Module sales_team loaded in 0.00s, 0 queries 
2026-03-30 10:40:48,032 1467288 DEBUG ? odoo.modules.loading: Loading module web_unsplash (40/101) 
2026-03-30 10:40:48,032 1467288 DEBUG ? odoo.modules.loading: Module web_unsplash loaded in 0.00s, 0 queries 
2026-03-30 10:40:48,032 1467288 DEBUG ? odoo.modules.loading: Loading module partner_autocomplete (41/101) 
2026-03-30 10:40:48,033 1467288 DEBUG ? odoo.modules.loading: Module partner_autocomplete loaded in 0.00s, 0 queries 
2026-03-30 10:40:48,033 1467288 DEBUG ? odoo.modules.loading: Loading module portal (42/101) 
2026-03-30 10:40:48,034 1467288 DEBUG ? odoo.modules.loading: Module portal loaded in 0.00s, 0 queries 
2026-03-30 10:40:48,034 1467288 DEBUG ? odoo.modules.loading: Loading module sms (43/101) 
2026-03-30 10:40:48,038 1467288 DEBUG ? odoo.modules.loading: Module sms loaded in 0.00s, 0 queries 
2026-03-30 10:40:48,049 1467288 DEBUG ? odoo.modules.loading: Loading module snailmail (44/101) 
2026-03-30 10:40:48,050 1467288 DEBUG ? odoo.modules.loading: Module snailmail loaded in 0.00s, 0 queries 
2026-03-30 10:40:48,050 1467288 DEBUG ? odoo.modules.loading: Loading module survey (45/101) 
2026-03-30 10:40:48,051 1467288 DEBUG ? odoo.modules.loading: Module survey loaded in 0.00s, 0 queries 
2026-03-30 10:40:48,051 1467288 DEBUG ? odoo.modules.loading: Loading module auth_totp_portal (46/101) 
2026-03-30 10:40:48,051 1467288 DEBUG ? odoo.modules.loading: Module auth_totp_portal loaded in 0.00s, 0 queries 
2026-03-30 10:40:48,051 1467288 DEBUG ? odoo.modules.loading: Loading module calendar_sms (47/101) 
2026-03-30 10:40:48,051 1467288 DEBUG ? odoo.modules.loading: Module calendar_sms loaded in 0.00s, 0 queries 
2026-03-30 10:40:48,052 1467288 DEBUG ? odoo.modules.loading: Loading module digest (48/101) 
2026-03-30 10:40:48,052 1467288 DEBUG ? odoo.modules.loading: Module digest loaded in 0.00s, 0 queries 
2026-03-30 10:40:48,052 1467288 DEBUG ? odoo.modules.loading: Loading module payment (49/101) 
2026-03-30 10:40:48,053 1467288 DEBUG ? odoo.modules.loading: Module payment loaded in 0.00s, 0 queries 
2026-03-30 10:40:48,053 1467288 DEBUG ? odoo.modules.loading: Loading module portal_rating (50/101) 
2026-03-30 10:40:48,053 1467288 DEBUG ? odoo.modules.loading: Module portal_rating loaded in 0.00s, 0 queries 
2026-03-30 10:40:48,053 1467288 DEBUG ? odoo.modules.loading: Loading module spreadsheet (51/101) 
2026-03-30 10:40:48,056 1467288 DEBUG ? odoo.modules.loading: Module spreadsheet loaded in 0.00s, 0 queries 
2026-03-30 10:40:48,057 1467288 DEBUG ? odoo.modules.loading: Loading module account (52/101) 
2026-03-30 10:40:48,065 1467288 DEBUG ? odoo.modules.loading: Module account loaded in 0.01s, 0 queries 
2026-03-30 10:40:48,066 1467288 DEBUG ? odoo.modules.loading: Loading module crm (53/101) 
2026-03-30 10:40:48,067 1467288 DEBUG ? odoo.modules.loading: Module crm loaded in 0.00s, 0 queries 
2026-03-30 10:40:48,067 1467288 DEBUG ? odoo.modules.loading: Loading module hr (54/101) 
2026-03-30 10:40:48,073 1467288 DEBUG ? odoo.modules.loading: Module hr loaded in 0.01s, 0 queries 
2026-03-30 10:40:48,074 1467288 DEBUG ? odoo.modules.loading: Loading module mass_mailing (55/101) 
2026-03-30 10:40:48,077 1467288 DEBUG ? odoo.modules.loading: Module mass_mailing loaded in 0.00s, 0 queries 
2026-03-30 10:40:48,077 1467288 DEBUG ? odoo.modules.loading: Loading module project (56/101) 
2026-03-30 10:40:48,078 1467288 DEBUG ? odoo.modules.loading: Module project loaded in 0.00s, 0 queries 
2026-03-30 10:40:48,079 1467288 DEBUG ? odoo.modules.loading: Loading module spreadsheet_dashboard (57/101) 
2026-03-30 10:40:48,079 1467288 DEBUG ? odoo.modules.loading: Module spreadsheet_dashboard loaded in 0.00s, 0 queries 
2026-03-30 10:40:48,079 1467288 DEBUG ? odoo.modules.loading: Loading module stock (58/101) 
2026-03-30 10:40:48,084 1467288 DEBUG ? odoo.modules.loading: Module stock loaded in 0.00s, 0 queries 
2026-03-30 10:40:48,084 1467288 DEBUG ? odoo.modules.loading: Loading module account_add_gln (59/101) 
2026-03-30 10:40:48,084 1467288 DEBUG ? odoo.modules.loading: Module account_add_gln loaded in 0.00s, 0 queries 
2026-03-30 10:40:48,085 1467288 DEBUG ? odoo.modules.loading: Loading module account_edi_ubl_cii (60/101) 
2026-03-30 10:40:48,086 1467288 DEBUG ? odoo.modules.loading: Module account_edi_ubl_cii loaded in 0.00s, 0 queries 
2026-03-30 10:40:48,086 1467288 DEBUG ? odoo.modules.loading: Loading module account_payment (61/101) 
2026-03-30 10:40:48,086 1467288 DEBUG ? odoo.modules.loading: Module account_payment loaded in 0.00s, 0 queries 
2026-03-30 10:40:48,087 1467288 DEBUG ? odoo.modules.loading: Loading module base_iban (62/101) 
2026-03-30 10:40:48,087 1467288 DEBUG ? odoo.modules.loading: Module base_iban loaded in 0.00s, 0 queries 
2026-03-30 10:40:48,087 1467288 DEBUG ? odoo.modules.loading: Loading module base_vat (63/101) 
2026-03-30 10:40:48,088 1467288 DEBUG ? odoo.modules.loading: Module base_vat loaded in 0.00s, 0 queries 
2026-03-30 10:40:48,088 1467288 DEBUG ? odoo.modules.loading: Loading module board (64/101) 
2026-03-30 10:40:48,088 1467288 DEBUG ? odoo.modules.loading: Module board loaded in 0.00s, 0 queries 
2026-03-30 10:40:48,088 1467288 DEBUG ? odoo.modules.loading: Loading module crm_sms (65/101) 
2026-03-30 10:40:48,088 1467288 DEBUG ? odoo.modules.loading: Module crm_sms loaded in 0.00s, 0 queries 
2026-03-30 10:40:48,088 1467288 DEBUG ? odoo.modules.loading: Loading module hr_calendar (66/101) 
2026-03-30 10:40:48,089 1467288 DEBUG ? odoo.modules.loading: Module hr_calendar loaded in 0.00s, 0 queries 
2026-03-30 10:40:48,090 1467288 DEBUG ? odoo.modules.loading: Loading module hr_gamification (67/101) 
2026-03-30 10:40:48,090 1467288 DEBUG ? odoo.modules.loading: Module hr_gamification loaded in 0.00s, 0 queries 
2026-03-30 10:40:48,090 1467288 DEBUG ? odoo.modules.loading: Loading module hr_org_chart (68/101) 
2026-03-30 10:40:48,091 1467288 DEBUG ? odoo.modules.loading: Module hr_org_chart loaded in 0.00s, 0 queries 
2026-03-30 10:40:48,091 1467288 DEBUG ? odoo.modules.loading: Loading module hr_skills (69/101) 
2026-03-30 10:40:48,092 1467288 DEBUG ? odoo.modules.loading: Module hr_skills loaded in 0.00s, 0 queries 
2026-03-30 10:40:48,092 1467288 DEBUG ? odoo.modules.loading: Loading module iap_crm (70/101) 
2026-03-30 10:40:48,092 1467288 DEBUG ? odoo.modules.loading: Module iap_crm loaded in 0.00s, 0 queries 
2026-03-30 10:40:48,093 1467288 DEBUG ? odoo.modules.loading: Loading module l10n_us_account (71/101) 
2026-03-30 10:40:48,093 1467288 DEBUG ? odoo.modules.loading: Module l10n_us_account loaded in 0.00s, 0 queries 
2026-03-30 10:40:48,093 1467288 DEBUG ? odoo.modules.loading: Loading module mail_bot_hr (72/101) 
2026-03-30 10:40:48,093 1467288 DEBUG ? odoo.modules.loading: Module mail_bot_hr loaded in 0.00s, 0 queries 
2026-03-30 10:40:48,093 1467288 DEBUG ? odoo.modules.loading: Loading module mass_mailing_crm (73/101) 
2026-03-30 10:40:48,093 1467288 DEBUG ? odoo.modules.loading: Module mass_mailing_crm loaded in 0.00s, 0 queries 
2026-03-30 10:40:48,094 1467288 DEBUG ? odoo.modules.loading: Loading module mass_mailing_themes (74/101) 
2026-03-30 10:40:48,094 1467288 DEBUG ? odoo.modules.loading: Module mass_mailing_themes loaded in 0.00s, 0 queries 
2026-03-30 10:40:48,094 1467288 DEBUG ? odoo.modules.loading: Loading module project_account (75/101) 
2026-03-30 10:40:48,095 1467288 DEBUG ? odoo.modules.loading: Module project_account loaded in 0.00s, 0 queries 
2026-03-30 10:40:48,095 1467288 DEBUG ? odoo.modules.loading: Loading module project_sms (76/101) 
2026-03-30 10:40:48,095 1467288 DEBUG ? odoo.modules.loading: Module project_sms loaded in 0.00s, 0 queries 
2026-03-30 10:40:48,095 1467288 DEBUG ? odoo.modules.loading: Loading module project_stock (77/101) 
2026-03-30 10:40:48,096 1467288 DEBUG ? odoo.modules.loading: Module project_stock loaded in 0.00s, 0 queries 
2026-03-30 10:40:48,096 1467288 DEBUG ? odoo.modules.loading: Loading module project_todo (78/101) 
2026-03-30 10:40:48,097 1467288 DEBUG ? odoo.modules.loading: Module project_todo loaded in 0.00s, 0 queries 
2026-03-30 10:40:48,097 1467288 DEBUG ? odoo.modules.loading: Loading module purchase (79/101) 
2026-03-30 10:40:48,098 1467288 DEBUG ? odoo.modules.loading: Module purchase loaded in 0.00s, 0 queries 
2026-03-30 10:40:48,098 1467288 DEBUG ? odoo.modules.loading: Loading module snailmail_account (80/101) 
2026-03-30 10:40:48,099 1467288 DEBUG ? odoo.modules.loading: Module snailmail_account loaded in 0.00s, 0 queries 
2026-03-30 10:40:48,099 1467288 DEBUG ? odoo.modules.loading: Loading module spreadsheet_account (81/101) 
2026-03-30 10:40:48,099 1467288 DEBUG ? odoo.modules.loading: Module spreadsheet_account loaded in 0.00s, 0 queries 
2026-03-30 10:40:48,099 1467288 DEBUG ? odoo.modules.loading: Loading module spreadsheet_dashboard_account (82/101) 
2026-03-30 10:40:48,099 1467288 DEBUG ? odoo.modules.loading: Module spreadsheet_dashboard_account loaded in 0.00s, 0 queries 
2026-03-30 10:40:48,099 1467288 DEBUG ? odoo.modules.loading: Loading module stock_account (83/101) 
2026-03-30 10:40:48,100 1467288 DEBUG ? odoo.modules.loading: Module stock_account loaded in 0.00s, 0 queries 
2026-03-30 10:40:48,100 1467288 DEBUG ? odoo.modules.loading: Loading module stock_sms (84/101) 
2026-03-30 10:40:48,100 1467288 DEBUG ? odoo.modules.loading: Module stock_sms loaded in 0.00s, 0 queries 
2026-03-30 10:40:48,101 1467288 DEBUG ? odoo.modules.loading: Loading module account_qr_code_sepa (85/101) 
2026-03-30 10:40:48,101 1467288 DEBUG ? odoo.modules.loading: Module account_qr_code_sepa loaded in 0.00s, 0 queries 
2026-03-30 10:40:48,101 1467288 DEBUG ? odoo.modules.loading: Loading module crm_iap_enrich (86/101) 
2026-03-30 10:40:48,101 1467288 DEBUG ? odoo.modules.loading: Module crm_iap_enrich loaded in 0.00s, 0 queries 
2026-03-30 10:40:48,101 1467288 DEBUG ? odoo.modules.loading: Loading module crm_iap_mine (87/101) 
2026-03-30 10:40:48,101 1467288 DEBUG ? odoo.modules.loading: Module crm_iap_mine loaded in 0.00s, 0 queries 
2026-03-30 10:40:48,101 1467288 INFO ? odoo.modules.loading: Loading module helpdesk_mgmt (88/101) 
2026-03-30 10:40:48,712 1467288 INFO ? odoo.modules.registry: module helpdesk_mgmt: creating or updating database tables 
2026-03-30 10:40:48,908 1467288 DEBUG ? odoo.models: Table 'res_company': setting default value of new column fiscalyear_last_day to 31 
2026-03-30 10:40:48,909 1467288 DEBUG ? odoo.models: Table 'res_company': setting default value of new column fiscalyear_last_month to '12' 
2026-03-30 10:40:48,910 1467288 DEBUG ? odoo.models: Table 'res_company': setting default value of new column account_price_include to 'tax_excluded' 
2026-03-30 10:40:48,915 1467288 DEBUG ? odoo.models: Table 'res_company': setting default value of new column account_opening_date to '2026-01-01' 
2026-03-30 10:40:48,916 1467288 DEBUG ? odoo.models: Table 'res_company': setting default value of new column po_lead to 0.0 
2026-03-30 10:40:48,932 1467288 DEBUG ? odoo.models: Table 'res_config_settings': setting default value of new column company_id to 1 
2026-03-30 10:40:48,946 1467288 DEBUG ? odoo.models: Table 'res_partner': setting default value of new column autopost_bills to 'ask' 
2026-03-30 10:40:48,958 1467288 DEBUG ? odoo.models: Table 'res_users': setting default value of new column notification_type to 'email' 
2026-03-30 10:40:48,974 1467288 WARNING ? odoo.addons.base.models.ir_model: Two fields (case_number, number) of helpdesk.ticket() have the same label: Número de caso. [Modules: helpdesk_mgmt and helpdesk_mgmt] 
2026-03-30 10:40:48,974 1467288 WARNING ? odoo.addons.base.models.ir_model: Two fields (subject_id, subject) of helpdesk.ticket() have the same label: Asunto. [Modules: helpdesk_mgmt and helpdesk_mgmt] 
2026-03-30 10:40:48,974 1467288 WARNING ? odoo.addons.base.models.ir_model: Two fields (state_reason_id, state_reason) of helpdesk.ticket() have the same label: Razón para el estado. [Modules: helpdesk_mgmt and helpdesk_mgmt] 
2026-03-30 10:40:49,266 1467288 DEBUG ? odoo.schema: Table 'res_company': column 'fiscalyear_last_day': added constraint NOT NULL 
2026-03-30 10:40:49,269 1467288 DEBUG ? odoo.schema: Table 'res_company': column 'fiscalyear_last_month': added constraint NOT NULL 
2026-03-30 10:40:49,271 1467288 DEBUG ? odoo.schema: Table 'res_company': column 'account_price_include': added constraint NOT NULL 
2026-03-30 10:40:49,272 1467288 DEBUG ? odoo.schema: Table 'res_company': column 'account_opening_date': added constraint NOT NULL 
2026-03-30 10:40:49,274 1467288 DEBUG ? odoo.schema: Table 'res_company': column 'po_lead': added constraint NOT NULL 
2026-03-30 10:40:49,276 1467288 DEBUG ? odoo.schema: Table 'res_config_settings': column 'company_id': added constraint NOT NULL 
2026-03-30 10:40:49,286 1467288 DEBUG ? odoo.schema: Table 'res_partner': column 'autopost_bills': added constraint NOT NULL 
2026-03-30 10:40:49,290 1467288 DEBUG ? odoo.schema: Table 'res_users': column 'notification_type': added constraint NOT NULL 
2026-03-30 10:40:49,295 1467288 INFO ? odoo.schema: Keep unexpected index helpdesk_ticket__priority_index on table helpdesk_ticket 
2026-03-30 10:40:49,295 1467288 INFO ? odoo.schema: Keep unexpected index helpdesk_ticket__state_index on table helpdesk_ticket 
2026-03-30 10:40:49,295 1467288 INFO ? odoo.schema: Keep unexpected index helpdesk_ticket__subject_id_index on table helpdesk_ticket 
2026-03-30 10:40:49,307 1467288 INFO ? odoo.modules.loading: loading helpdesk_mgmt/data/helpdesk_data.xml 
2026-03-30 10:40:49,317 1467288 DEBUG ? odoo.modules.registry: Invalidating templates model caches from write /home/pablo/odoo/odoo/addons/base/models/ir_ui_view.py:550 
2026-03-30 10:40:49,320 1467288 DEBUG ? odoo.modules.registry: Invalidating templates model caches from write /home/pablo/odoo/odoo/addons/base/models/ir_ui_view.py:550 
2026-03-30 10:40:49,389 1467288 INFO ? odoo.modules.loading: loading helpdesk_mgmt/security/helpdesk_security.xml 
2026-03-30 10:40:49,398 1467288 DEBUG ? odoo.modules.registry: Invalidating default model caches from call_cache_clearing_methods /home/pablo/odoo/odoo/addons/base/models/ir_model.py:2183 
2026-03-30 10:40:49,441 1467288 DEBUG ? odoo.modules.registry: Invalidating groups model caches from write /home/pablo/odoo/odoo/addons/base/models/res_users.py:1539 
2026-03-30 10:40:49,441 1467288 DEBUG ? odoo.modules.registry: Invalidating default model caches from write /home/pablo/odoo/odoo/addons/base/models/res_users.py:1681 
2026-03-30 10:40:49,442 1467288 DEBUG ? odoo.modules.registry: Invalidating groups model caches from _update_xmlids /home/pablo/odoo/odoo/addons/base/models/ir_model.py:2414 
2026-03-30 10:40:49,445 1467288 DEBUG ? odoo.modules.registry: Invalidating default model caches from call_cache_clearing_methods /home/pablo/odoo/odoo/addons/base/models/ir_model.py:2183 
2026-03-30 10:40:49,479 1467288 DEBUG ? odoo.modules.registry: Invalidating groups model caches from write /home/pablo/odoo/odoo/addons/base/models/res_users.py:1539 
2026-03-30 10:40:49,479 1467288 DEBUG ? odoo.modules.registry: Invalidating default model caches from write /home/pablo/odoo/odoo/addons/base/models/res_users.py:1681 
2026-03-30 10:40:49,480 1467288 DEBUG ? odoo.modules.registry: Invalidating groups model caches from _update_xmlids /home/pablo/odoo/odoo/addons/base/models/ir_model.py:2414 
2026-03-30 10:40:49,484 1467288 DEBUG ? odoo.modules.registry: Invalidating default model caches from call_cache_clearing_methods /home/pablo/odoo/odoo/addons/base/models/ir_model.py:2183 
2026-03-30 10:40:49,534 1467288 DEBUG ? odoo.modules.registry: Invalidating groups model caches from write /home/pablo/odoo/odoo/addons/base/models/res_users.py:1539 
2026-03-30 10:40:49,535 1467288 DEBUG ? odoo.modules.registry: Invalidating default model caches from write /home/pablo/odoo/odoo/addons/base/models/res_users.py:1681 
2026-03-30 10:40:49,536 1467288 DEBUG ? odoo.modules.registry: Invalidating groups model caches from _update_xmlids /home/pablo/odoo/odoo/addons/base/models/ir_model.py:2414 
2026-03-30 10:40:49,544 1467288 DEBUG ? odoo.modules.registry: Invalidating default model caches from call_cache_clearing_methods /home/pablo/odoo/odoo/addons/base/models/ir_model.py:2183 
2026-03-30 10:40:49,592 1467288 DEBUG ? odoo.modules.registry: Invalidating groups model caches from write /home/pablo/odoo/odoo/addons/base/models/res_users.py:1539 
2026-03-30 10:40:49,593 1467288 DEBUG ? odoo.modules.registry: Invalidating default model caches from write /home/pablo/odoo/odoo/addons/base/models/res_users.py:1681 
2026-03-30 10:40:49,594 1467288 DEBUG ? odoo.modules.registry: Invalidating groups model caches from _update_xmlids /home/pablo/odoo/odoo/addons/base/models/ir_model.py:2414 
2026-03-30 10:40:49,611 1467288 INFO ? odoo.modules.loading: loading helpdesk_mgmt/security/ir.model.access.csv 
2026-03-30 10:40:49,688 1467288 DEBUG ? odoo.modules.registry: Invalidating default model caches from call_cache_clearing_methods /home/pablo/odoo/odoo/addons/base/models/ir_model.py:2183 
2026-03-30 10:40:49,690 1467288 DEBUG ? odoo.modules.registry: Invalidating default model caches from call_cache_clearing_methods /home/pablo/odoo/odoo/addons/base/models/ir_model.py:2183 
2026-03-30 10:40:49,692 1467288 DEBUG ? odoo.modules.registry: Invalidating default model caches from call_cache_clearing_methods /home/pablo/odoo/odoo/addons/base/models/ir_model.py:2183 
2026-03-30 10:40:49,694 1467288 DEBUG ? odoo.modules.registry: Invalidating default model caches from call_cache_clearing_methods /home/pablo/odoo/odoo/addons/base/models/ir_model.py:2183 
2026-03-30 10:40:49,695 1467288 DEBUG ? odoo.modules.registry: Invalidating default model caches from call_cache_clearing_methods /home/pablo/odoo/odoo/addons/base/models/ir_model.py:2183 
2026-03-30 10:40:49,696 1467288 DEBUG ? odoo.modules.registry: Invalidating default model caches from call_cache_clearing_methods /home/pablo/odoo/odoo/addons/base/models/ir_model.py:2183 
2026-03-30 10:40:49,698 1467288 DEBUG ? odoo.modules.registry: Invalidating default model caches from call_cache_clearing_methods /home/pablo/odoo/odoo/addons/base/models/ir_model.py:2183 
2026-03-30 10:40:49,700 1467288 DEBUG ? odoo.modules.registry: Invalidating default model caches from call_cache_clearing_methods /home/pablo/odoo/odoo/addons/base/models/ir_model.py:2183 
2026-03-30 10:40:49,703 1467288 DEBUG ? odoo.modules.registry: Invalidating default model caches from call_cache_clearing_methods /home/pablo/odoo/odoo/addons/base/models/ir_model.py:2183 
2026-03-30 10:40:49,705 1467288 DEBUG ? odoo.modules.registry: Invalidating default model caches from call_cache_clearing_methods /home/pablo/odoo/odoo/addons/base/models/ir_model.py:2183 
2026-03-30 10:40:49,707 1467288 DEBUG ? odoo.modules.registry: Invalidating default model caches from call_cache_clearing_methods /home/pablo/odoo/odoo/addons/base/models/ir_model.py:2183 
2026-03-30 10:40:49,708 1467288 DEBUG ? odoo.modules.registry: Invalidating default model caches from call_cache_clearing_methods /home/pablo/odoo/odoo/addons/base/models/ir_model.py:2183 
2026-03-30 10:40:49,710 1467288 DEBUG ? odoo.modules.registry: Invalidating default model caches from call_cache_clearing_methods /home/pablo/odoo/odoo/addons/base/models/ir_model.py:2183 
2026-03-30 10:40:49,712 1467288 DEBUG ? odoo.modules.registry: Invalidating default model caches from call_cache_clearing_methods /home/pablo/odoo/odoo/addons/base/models/ir_model.py:2183 
2026-03-30 10:40:49,714 1467288 DEBUG ? odoo.modules.registry: Invalidating default model caches from call_cache_clearing_methods /home/pablo/odoo/odoo/addons/base/models/ir_model.py:2183 
2026-03-30 10:40:49,719 1467288 DEBUG ? odoo.modules.registry: Invalidating default model caches from call_cache_clearing_methods /home/pablo/odoo/odoo/addons/base/models/ir_model.py:2183 
2026-03-30 10:40:49,721 1467288 DEBUG ? odoo.modules.registry: Invalidating default model caches from call_cache_clearing_methods /home/pablo/odoo/odoo/addons/base/models/ir_model.py:2183 
2026-03-30 10:40:49,723 1467288 DEBUG ? odoo.modules.registry: Invalidating default model caches from call_cache_clearing_methods /home/pablo/odoo/odoo/addons/base/models/ir_model.py:2183 
2026-03-30 10:40:49,724 1467288 DEBUG ? odoo.modules.registry: Invalidating default model caches from call_cache_clearing_methods /home/pablo/odoo/odoo/addons/base/models/ir_model.py:2183 
2026-03-30 10:40:49,727 1467288 DEBUG ? odoo.modules.registry: Invalidating default model caches from call_cache_clearing_methods /home/pablo/odoo/odoo/addons/base/models/ir_model.py:2183 
2026-03-30 10:40:49,728 1467288 DEBUG ? odoo.modules.registry: Invalidating default model caches from call_cache_clearing_methods /home/pablo/odoo/odoo/addons/base/models/ir_model.py:2183 
2026-03-30 10:40:49,734 1467288 DEBUG ? odoo.modules.registry: Invalidating default model caches from call_cache_clearing_methods /home/pablo/odoo/odoo/addons/base/models/ir_model.py:2183 
2026-03-30 10:40:49,739 1467288 DEBUG ? odoo.modules.registry: Invalidating default model caches from call_cache_clearing_methods /home/pablo/odoo/odoo/addons/base/models/ir_model.py:2183 
2026-03-30 10:40:49,741 1467288 DEBUG ? odoo.modules.registry: Invalidating default model caches from call_cache_clearing_methods /home/pablo/odoo/odoo/addons/base/models/ir_model.py:2183 
2026-03-30 10:40:49,744 1467288 DEBUG ? odoo.modules.registry: Invalidating default model caches from call_cache_clearing_methods /home/pablo/odoo/odoo/addons/base/models/ir_model.py:2183 
2026-03-30 10:40:49,745 1467288 DEBUG ? odoo.modules.registry: Invalidating default model caches from call_cache_clearing_methods /home/pablo/odoo/odoo/addons/base/models/ir_model.py:2183 
2026-03-30 10:40:49,747 1467288 DEBUG ? odoo.modules.registry: Invalidating default model caches from call_cache_clearing_methods /home/pablo/odoo/odoo/addons/base/models/ir_model.py:2183 
2026-03-30 10:40:49,749 1467288 DEBUG ? odoo.modules.registry: Invalidating default model caches from call_cache_clearing_methods /home/pablo/odoo/odoo/addons/base/models/ir_model.py:2183 
2026-03-30 10:40:49,750 1467288 DEBUG ? odoo.modules.registry: Invalidating default model caches from call_cache_clearing_methods /home/pablo/odoo/odoo/addons/base/models/ir_model.py:2183 
2026-03-30 10:40:49,752 1467288 DEBUG ? odoo.modules.registry: Invalidating default model caches from call_cache_clearing_methods /home/pablo/odoo/odoo/addons/base/models/ir_model.py:2183 
2026-03-30 10:40:49,760 1467288 DEBUG ? odoo.modules.registry: Invalidating default model caches from call_cache_clearing_methods /home/pablo/odoo/odoo/addons/base/models/ir_model.py:2183 
2026-03-30 10:40:49,761 1467288 DEBUG ? odoo.modules.registry: Invalidating default model caches from call_cache_clearing_methods /home/pablo/odoo/odoo/addons/base/models/ir_model.py:2183 
2026-03-30 10:40:49,763 1467288 DEBUG ? odoo.modules.registry: Invalidating default model caches from call_cache_clearing_methods /home/pablo/odoo/odoo/addons/base/models/ir_model.py:2183 
2026-03-30 10:40:49,764 1467288 DEBUG ? odoo.modules.registry: Invalidating default model caches from call_cache_clearing_methods /home/pablo/odoo/odoo/addons/base/models/ir_model.py:2183 
2026-03-30 10:40:49,766 1467288 DEBUG ? odoo.modules.registry: Invalidating default model caches from call_cache_clearing_methods /home/pablo/odoo/odoo/addons/base/models/ir_model.py:2183 
2026-03-30 10:40:49,767 1467288 DEBUG ? odoo.modules.registry: Invalidating default model caches from call_cache_clearing_methods /home/pablo/odoo/odoo/addons/base/models/ir_model.py:2183 
2026-03-30 10:40:49,769 1467288 DEBUG ? odoo.modules.registry: Invalidating default model caches from call_cache_clearing_methods /home/pablo/odoo/odoo/addons/base/models/ir_model.py:2183 
2026-03-30 10:40:49,774 1467288 INFO ? odoo.modules.loading: loading helpdesk_mgmt/views/res_partner_views.xml 
2026-03-30 10:40:49,783 1467288 DEBUG ? odoo.modules.registry: Invalidating templates model caches from write /home/pablo/odoo/odoo/addons/base/models/ir_ui_view.py:550 
2026-03-30 10:40:49,786 1467288 DEBUG ? odoo.modules.registry: Invalidating templates model caches from write /home/pablo/odoo/odoo/addons/base/models/ir_ui_view.py:550 
2026-03-30 10:40:49,855 1467288 INFO ? odoo.modules.loading: loading helpdesk_mgmt/views/res_config_settings_views.xml 
2026-03-30 10:40:49,860 1467288 DEBUG ? odoo.modules.registry: Invalidating templates model caches from write /home/pablo/odoo/odoo/addons/base/models/ir_ui_view.py:550 
2026-03-30 10:40:49,863 1467288 DEBUG ? odoo.modules.registry: Invalidating templates model caches from write /home/pablo/odoo/odoo/addons/base/models/ir_ui_view.py:550 
2026-03-30 10:40:49,945 1467288 DEBUG ? odoo.modules.registry: Invalidating default model caches from write /home/pablo/odoo/odoo/addons/base/models/ir_actions.py:114 
2026-03-30 10:40:49,946 1467288 INFO ? odoo.modules.loading: loading helpdesk_mgmt/views/helpdesk_ticket_templates.xml 
2026-03-30 10:40:49,955 1467288 DEBUG ? odoo.modules.registry: Invalidating templates model caches from write /home/pablo/odoo/odoo/addons/base/models/ir_ui_view.py:550 
2026-03-30 10:40:49,959 1467288 DEBUG ? odoo.modules.registry: Invalidating templates model caches from write /home/pablo/odoo/odoo/addons/base/models/ir_ui_view.py:550 
2026-03-30 10:40:49,972 1467288 DEBUG ? odoo.modules.registry: Invalidating templates model caches from write /home/pablo/odoo/odoo/addons/base/models/ir_ui_view.py:550 
2026-03-30 10:40:49,973 1467288 DEBUG ? odoo.modules.registry: Invalidating templates model caches from write /home/pablo/odoo/odoo/addons/base/models/ir_ui_view.py:550 
2026-03-30 10:40:49,995 1467288 DEBUG ? odoo.modules.registry: Invalidating templates model caches from write /home/pablo/odoo/odoo/addons/base/models/ir_ui_view.py:550 
2026-03-30 10:40:50,002 1467288 DEBUG ? odoo.modules.registry: Invalidating templates model caches from write /home/pablo/odoo/odoo/addons/base/models/ir_ui_view.py:550 
2026-03-30 10:40:50,017 1467288 DEBUG ? odoo.modules.registry: Invalidating templates model caches from write /home/pablo/odoo/odoo/addons/base/models/ir_ui_view.py:550 
2026-03-30 10:40:50,020 1467288 DEBUG ? odoo.modules.registry: Invalidating templates model caches from write /home/pablo/odoo/odoo/addons/base/models/ir_ui_view.py:550 
2026-03-30 10:40:50,039 1467288 DEBUG ? odoo.modules.registry: Invalidating templates model caches from write /home/pablo/odoo/odoo/addons/base/models/ir_ui_view.py:550 
2026-03-30 10:40:50,042 1467288 DEBUG ? odoo.modules.registry: Invalidating templates model caches from write /home/pablo/odoo/odoo/addons/base/models/ir_ui_view.py:550 
2026-03-30 10:40:50,056 1467288 DEBUG ? odoo.modules.registry: Invalidating templates model caches from write /home/pablo/odoo/odoo/addons/base/models/ir_ui_view.py:550 
2026-03-30 10:40:50,057 1467288 DEBUG ? odoo.modules.registry: Invalidating templates model caches from write /home/pablo/odoo/odoo/addons/base/models/ir_ui_view.py:550 
2026-03-30 10:40:50,067 1467288 DEBUG ? odoo.modules.registry: Invalidating templates model caches from write /home/pablo/odoo/odoo/addons/base/models/ir_ui_view.py:550 
2026-03-30 10:40:50,069 1467288 DEBUG ? odoo.modules.registry: Invalidating templates model caches from write /home/pablo/odoo/odoo/addons/base/models/ir_ui_view.py:550 
2026-03-30 10:40:50,078 1467288 DEBUG ? odoo.modules.registry: Invalidating templates model caches from write /home/pablo/odoo/odoo/addons/base/models/ir_ui_view.py:550 
2026-03-30 10:40:50,081 1467288 DEBUG ? odoo.modules.registry: Invalidating templates model caches from write /home/pablo/odoo/odoo/addons/base/models/ir_ui_view.py:550 
2026-03-30 10:40:50,096 1467288 DEBUG ? odoo.modules.registry: Invalidating templates model caches from write /home/pablo/odoo/odoo/addons/base/models/ir_ui_view.py:550 
2026-03-30 10:40:50,097 1467288 DEBUG ? odoo.modules.registry: Invalidating templates model caches from write /home/pablo/odoo/odoo/addons/base/models/ir_ui_view.py:550 
2026-03-30 10:40:50,101 1467288 INFO ? odoo.modules.loading: loading helpdesk_mgmt/views/helpdesk_ticket_time_line_views.xml 
2026-03-30 10:40:50,106 1467288 DEBUG ? odoo.modules.registry: Invalidating templates model caches from write /home/pablo/odoo/odoo/addons/base/models/ir_ui_view.py:550 
2026-03-30 10:40:50,107 1467288 DEBUG ? odoo.modules.registry: Invalidating templates model caches from write /home/pablo/odoo/odoo/addons/base/models/ir_ui_view.py:550 
2026-03-30 10:40:50,115 1467288 INFO ? odoo.modules.loading: loading helpdesk_mgmt/views/helpdesk_ticket_views.xml 
2026-03-30 10:40:50,127 1467288 DEBUG ? odoo.modules.registry: Invalidating default model caches from write /home/pablo/odoo/odoo/addons/base/models/ir_actions.py:114 
2026-03-30 10:40:50,130 1467288 DEBUG ? odoo.modules.registry: Invalidating default model caches from write /home/pablo/odoo/odoo/addons/base/models/ir_actions.py:114 
2026-03-30 10:40:50,134 1467288 DEBUG ? odoo.modules.registry: Invalidating templates model caches from write /home/pablo/odoo/odoo/addons/base/models/ir_ui_view.py:550 
2026-03-30 10:40:50,135 1467288 DEBUG ? odoo.modules.registry: Invalidating templates model caches from write /home/pablo/odoo/odoo/addons/base/models/ir_ui_view.py:550 
2026-03-30 10:40:50,148 1467288 DEBUG ? odoo.modules.registry: Invalidating templates model caches from write /home/pablo/odoo/odoo/addons/base/models/ir_ui_view.py:550 
2026-03-30 10:40:50,150 1467288 DEBUG ? odoo.modules.registry: Invalidating templates model caches from write /home/pablo/odoo/odoo/addons/base/models/ir_ui_view.py:550 
2026-03-30 10:40:50,159 1467288 DEBUG ? odoo.modules.registry: Invalidating templates model caches from write /home/pablo/odoo/odoo/addons/base/models/ir_ui_view.py:550 
2026-03-30 10:40:50,161 1467288 DEBUG ? odoo.modules.registry: Invalidating templates model caches from write /home/pablo/odoo/odoo/addons/base/models/ir_ui_view.py:550 
2026-03-30 10:40:50,170 1467288 DEBUG ? odoo.modules.registry: Invalidating templates model caches from write /home/pablo/odoo/odoo/addons/base/models/ir_ui_view.py:550 
2026-03-30 10:40:50,172 1467288 DEBUG ? odoo.modules.registry: Invalidating templates model caches from write /home/pablo/odoo/odoo/addons/base/models/ir_ui_view.py:550 
2026-03-30 10:40:50,181 1467288 DEBUG ? odoo.modules.registry: Invalidating templates model caches from write /home/pablo/odoo/odoo/addons/base/models/ir_ui_view.py:550 
2026-03-30 10:40:50,183 1467288 DEBUG ? odoo.modules.registry: Invalidating templates model caches from write /home/pablo/odoo/odoo/addons/base/models/ir_ui_view.py:550 
2026-03-30 10:40:50,189 1467288 DEBUG ? odoo.modules.registry: Invalidating templates model caches from write /home/pablo/odoo/odoo/addons/base/models/ir_ui_view.py:550 
2026-03-30 10:40:50,190 1467288 DEBUG ? odoo.modules.registry: Invalidating templates model caches from write /home/pablo/odoo/odoo/addons/base/models/ir_ui_view.py:550 
2026-03-30 10:40:50,195 1467288 DEBUG ? odoo.modules.registry: Invalidating templates model caches from write /home/pablo/odoo/odoo/addons/base/models/ir_ui_view.py:550 
2026-03-30 10:40:50,196 1467288 DEBUG ? odoo.modules.registry: Invalidating templates model caches from write /home/pablo/odoo/odoo/addons/base/models/ir_ui_view.py:550 
2026-03-30 10:40:50,235 1467288 DEBUG ? odoo.modules.registry: Invalidating templates model caches from write /home/pablo/odoo/odoo/addons/base/models/ir_ui_view.py:550 
2026-03-30 10:40:50,237 1467288 DEBUG ? odoo.modules.registry: Invalidating templates model caches from write /home/pablo/odoo/odoo/addons/base/models/ir_ui_view.py:550 
2026-03-30 10:40:50,252 1467288 DEBUG ? odoo.modules.registry: Invalidating templates model caches from write /home/pablo/odoo/odoo/addons/base/models/ir_ui_view.py:550 
2026-03-30 10:40:50,254 1467288 DEBUG ? odoo.modules.registry: Invalidating templates model caches from write /home/pablo/odoo/odoo/addons/base/models/ir_ui_view.py:550 
2026-03-30 10:40:50,297 1467288 DEBUG ? odoo.tools.convert: while parsing /home/pablo/odoo/addons/helpdesk/helpdesk_mgmt/views/helpdesk_ticket_views.xml:439
Error while parsing or validating view:

Element '<xpath expr="//header/button[@name=&#39;action_cancel_case&#39;]">' cannot be located in parent view

View error context:
{'file': '/home/pablo/odoo/addons/helpdesk/helpdesk_mgmt/views/helpdesk_ticket_views.xml',
 'line': 1,
 'name': 'helpdesk.ticket.form.resolution.ot',
 'view': ir.ui.view(1565,),
 'view.model': 'helpdesk.ticket',
 'view.parent': ir.ui.view(1552,),
 'xmlid': 'view_helpdesk_ticket_form_resolution'}
 
Traceback (most recent call last):
  File "/home/pablo/odoo/odoo/tools/convert.py", line 590, in _tag_root
    f(rec)
    ~^^^^^
  File "/home/pablo/odoo/odoo/tools/convert.py", line 444, in _tag_record
    record = model._load_records([data], self.mode == 'update')
  File "/home/pablo/odoo/odoo/models.py", line 5508, in _load_records
    data['record']._load_records_write(data['values'])
    ~~~~~~~~~~~~~~~~~~~~~~~~~~~~~~~~~~^^^^^^^^^^^^^^^^
  File "/home/pablo/odoo/odoo/addons/base/models/ir_ui_view.py", line 2311, in _load_records_write
    super(View, self)._load_records_write(values)
    ~~~~~~~~~~~~~~~~~~~~~~~~~~~~~~~~~~~~~^^^^^^^^
  File "/home/pablo/odoo/odoo/models.py", line 5426, in _load_records_write
    self.write(values)
    ~~~~~~~~~~^^^^^^^^
  File "/home/pablo/odoo/odoo/addons/base/models/ir_ui_view.py", line 554, in write
    res = super(View, self).write(self._compute_defaults(vals))
  File "/home/pablo/odoo/odoo/models.py", line 4845, in write
    fields[0].determine_inverse(real_recs)
    ~~~~~~~~~~~~~~~~~~~~~~~~~~~^^^^^^^^^^^
  File "/home/pablo/odoo/odoo/fields.py", line 1502, in determine_inverse
    determine(self.inverse, records)
    ~~~~~~~~~^^^^^^^^^^^^^^^^^^^^^^^
  File "/home/pablo/odoo/odoo/fields.py", line 110, in determine
    return needle(*args)
  File "/home/pablo/odoo/odoo/addons/base/models/ir_ui_view.py", line 262, in _inverse_arch
    view.write(data)
    ~~~~~~~~~~^^^^^^
  File "/home/pablo/odoo/odoo/addons/base/models/ir_ui_view.py", line 554, in write
    res = super(View, self).write(self._compute_defaults(vals))
  File "/home/pablo/odoo/odoo/models.py", line 4835, in write
    real_recs._validate_fields(vals, inverse_fields)
    ~~~~~~~~~~~~~~~~~~~~~~~~~~^^^^^^^^^^^^^^^^^^^^^^
  File "/home/pablo/odoo/odoo/models.py", line 1636, in _validate_fields
    check(self)
    ~~~~~^^^^^^
  File "/home/pablo/odoo/odoo/addons/base/models/ir_ui_view.py", line 377, in _check_xml
    raise err from None
  File "/home/pablo/odoo/odoo/addons/base/models/ir_ui_view.py", line 367, in _check_xml
    combined_arch = view._get_combined_arch()
  File "/home/pablo/odoo/odoo/addons/base/models/ir_ui_view.py", line 962, in _get_combined_arch
    arch = root.with_prefetch(tree_views._prefetch_ids)._combine(hierarchy)
  File "/home/pablo/odoo/odoo/addons/base/models/ir_ui_view.py", line 920, in _combine
    combined_arch = view.apply_inheritance_specs(combined_arch, arch)
  File "/home/pablo/odoo/odoo/addons/base/models/ir_ui_view.py", line 857, in apply_inheritance_specs
    self._raise_view_error(str(e), specs_tree)
    ~~~~~~~~~~~~~~~~~~~~~~^^^^^^^^^^^^^^^^^^^^
  File "/home/pablo/odoo/odoo/addons/base/models/ir_ui_view.py", line 734, in _raise_view_error
    raise err from from_exception
odoo.exceptions.ValidationError: Error while parsing or validating view:

Element '<xpath expr="//header/button[@name=&#39;action_cancel_case&#39;]">' cannot be located in parent view
2026-03-30 10:40:50,302 1467288 WARNING ? odoo.modules.loading: Transient module states were reset 
2026-03-30 10:40:50,303 1467288 ERROR ? odoo.modules.registry: Failed to load registry 
2026-03-30 10:40:50,303 1467288 ERROR ? odoo.http: Exception during request handling. 
Traceback (most recent call last):
  File "/home/pablo/odoo/odoo/http.py", line 2577, in __call__
    response = request._serve_db()
  File "/home/pablo/odoo/odoo/http.py", line 2081, in _serve_db
    self.registry, cr_readwrite = self._open_registry()
                                  ~~~~~~~~~~~~~~~~~~~^^
  File "/home/pablo/odoo/odoo/http.py", line 1690, in _open_registry
    registry = Registry(self.db)
  File "/home/pablo/odoo/odoo/modules/registry.py", line 108, in __new__
    return cls.new(db_name)
           ~~~~~~~^^^^^^^^^
  File "/home/pablo/odoo/.venv/lib/python3.13/site-packages/decorator.py", line 235, in fun
    return caller(func, *(extras + args), **kw)
  File "/home/pablo/odoo/odoo/tools/func.py", line 97, in locked
    return func(inst, *args, **kwargs)
  File "/home/pablo/odoo/odoo/modules/registry.py", line 129, in new
    odoo.modules.load_modules(registry, force_demo, status, update_module)
    ~~~~~~~~~~~~~~~~~~~~~~~~~^^^^^^^^^^^^^^^^^^^^^^^^^^^^^^^^^^^^^^^^^^^^^
  File "/home/pablo/odoo/odoo/modules/loading.py", line 485, in load_modules
    processed_modules += load_marked_modules(env, graph,
                         ~~~~~~~~~~~~~~~~~~~^^^^^^^^^^^^
        ['installed', 'to upgrade', 'to remove'],
        ^^^^^^^^^^^^^^^^^^^^^^^^^^^^^^^^^^^^^^^^^
        force, status, report, loaded_modules, update_module, models_to_check)
        ^^^^^^^^^^^^^^^^^^^^^^^^^^^^^^^^^^^^^^^^^^^^^^^^^^^^^^^^^^^^^^^^^^^^^^
  File "/home/pablo/odoo/odoo/modules/loading.py", line 365, in load_marked_modules
    loaded, processed = load_module_graph(
                        ~~~~~~~~~~~~~~~~~^
        env, graph, progressdict, report=report, skip_modules=loaded_modules,
        ^^^^^^^^^^^^^^^^^^^^^^^^^^^^^^^^^^^^^^^^^^^^^^^^^^^^^^^^^^^^^^^^^^^^^
        perform_checks=perform_checks, models_to_check=models_to_check
        ^^^^^^^^^^^^^^^^^^^^^^^^^^^^^^^^^^^^^^^^^^^^^^^^^^^^^^^^^^^^^^
    )
    ^
  File "/home/pablo/odoo/odoo/modules/loading.py", line 228, in load_module_graph
    load_data(env, idref, mode, kind='data', package=package)
    ~~~~~~~~~^^^^^^^^^^^^^^^^^^^^^^^^^^^^^^^^^^^^^^^^^^^^^^^^
  File "/home/pablo/odoo/odoo/modules/loading.py", line 72, in load_data
    tools.convert_file(env, package.name, filename, idref, mode, noupdate, kind)
    ~~~~~~~~~~~~~~~~~~^^^^^^^^^^^^^^^^^^^^^^^^^^^^^^^^^^^^^^^^^^^^^^^^^^^^^^^^^^
  File "/home/pablo/odoo/odoo/tools/convert.py", line 662, in convert_file
    convert_xml_import(env, module, fp, idref, mode, noupdate)
    ~~~~~~~~~~~~~~~~~~^^^^^^^^^^^^^^^^^^^^^^^^^^^^^^^^^^^^^^^^
  File "/home/pablo/odoo/odoo/tools/convert.py", line 733, in convert_xml_import
    obj.parse(doc.getroot())
    ~~~~~~~~~^^^^^^^^^^^^^^^
  File "/home/pablo/odoo/odoo/tools/convert.py", line 648, in parse
    self._tag_root(de)
    ~~~~~~~~~~~~~~^^^^
  File "/home/pablo/odoo/odoo/tools/convert.py", line 601, in _tag_root
    raise ParseError(msg) from None  # Restart with "--log-handler odoo.tools.convert:DEBUG" for complete traceback
    ^^^^^^^^^^^^^^^^^^^^^^^^^^^^^^^
odoo.tools.convert.ParseError: while parsing /home/pablo/odoo/addons/helpdesk/helpdesk_mgmt/views/helpdesk_ticket_views.xml:439
Error while parsing or validating view:

Element '<xpath expr="//header/button[@name=&#39;action_cancel_case&#39;]">' cannot be located in parent view

View error context:
{'file': '/home/pablo/odoo/addons/helpdesk/helpdesk_mgmt/views/helpdesk_ticket_views.xml',
 'line': 1,
 'name': 'helpdesk.ticket.form.resolution.ot',
 'view': ir.ui.view(1565,),
 'view.model': 'helpdesk.ticket',
 'view.parent': ir.ui.view(1552,),
 'xmlid': 'view_helpdesk_ticket_form_resolution'}

2026-03-30 10:40:50,314 1467288 INFO ? werkzeug: 127.0.0.1 - - [30/Mar/2026 10:40:50] "GET /odoo/apps HTTP/1.1" 500 - 797 0.815 2.044
2026-03-30 10:40:50,711 1467288 DEBUG ? odoo.modules.registry: Multiprocess load registry signaling: [Registry: 26] [Cache default: 28] [Cache assets: 3] [Cache templates: 2] [Cache routing: 1] [Cache groups: 2] 
2026-03-30 10:40:50,718 1467288 INFO ? odoo.modules.loading: loading 1 modules... 
2026-03-30 10:40:50,718 1467288 DEBUG ? odoo.modules.loading: Loading module base (1/1) 
2026-03-30 10:40:50,725 1467288 DEBUG ? odoo.modules.loading: Module base loaded in 0.01s, 0 queries 
2026-03-30 10:40:50,725 1467288 INFO ? odoo.modules.loading: 1 modules loaded in 0.01s, 0 queries (+0 extra) 
2026-03-30 10:40:50,737 1467288 DEBUG ? odoo.modules.loading: Updating graph with 100 more modules 
2026-03-30 10:40:50,738 1467288 INFO ? odoo.modules.loading: loading 101 modules... 
2026-03-30 10:40:50,738 1467288 DEBUG ? odoo.modules.loading: Loading module l10n_us (2/101) 
2026-03-30 10:40:50,739 1467288 DEBUG ? odoo.modules.loading: Module l10n_us loaded in 0.00s, 0 queries 
2026-03-30 10:40:50,739 1467288 DEBUG ? odoo.modules.loading: Loading module social_media (3/101) 
2026-03-30 10:40:50,739 1467288 DEBUG ? odoo.modules.loading: Module social_media loaded in 0.00s, 0 queries 
2026-03-30 10:40:50,739 1467288 DEBUG ? odoo.modules.loading: Loading module uom (4/101) 
2026-03-30 10:40:50,739 1467288 DEBUG ? odoo.modules.loading: Module uom loaded in 0.00s, 0 queries 
2026-03-30 10:40:50,739 1467288 DEBUG ? odoo.modules.loading: Loading module web (5/101) 
2026-03-30 10:40:50,741 1467288 DEBUG ? odoo.modules.loading: Module web loaded in 0.00s, 0 queries 
2026-03-30 10:40:50,741 1467288 DEBUG ? odoo.modules.loading: Loading module auth_totp (6/101) 
2026-03-30 10:40:50,742 1467288 DEBUG ? odoo.modules.loading: Module auth_totp loaded in 0.00s, 0 queries 
2026-03-30 10:40:50,742 1467288 DEBUG ? odoo.modules.loading: Loading module barcodes (7/101) 
2026-03-30 10:40:50,742 1467288 DEBUG ? odoo.modules.loading: Module barcodes loaded in 0.00s, 0 queries 
2026-03-30 10:40:50,742 1467288 DEBUG ? odoo.modules.loading: Loading module base_import (8/101) 
2026-03-30 10:40:50,744 1467288 DEBUG ? odoo.modules.loading: Module base_import loaded in 0.00s, 0 queries 
2026-03-30 10:40:50,744 1467288 DEBUG ? odoo.modules.loading: Loading module base_import_module (9/101) 
2026-03-30 10:40:50,745 1467288 DEBUG ? odoo.modules.loading: Module base_import_module loaded in 0.00s, 0 queries 
2026-03-30 10:40:50,745 1467288 DEBUG ? odoo.modules.loading: Loading module base_setup (10/101) 
2026-03-30 10:40:50,745 1467288 DEBUG ? odoo.modules.loading: Module base_setup loaded in 0.00s, 0 queries 
2026-03-30 10:40:50,745 1467288 DEBUG ? odoo.modules.loading: Loading module bus (11/101) 
2026-03-30 10:40:50,746 1467288 DEBUG ? odoo.modules.loading: Module bus loaded in 0.00s, 0 queries 
2026-03-30 10:40:50,746 1467288 DEBUG ? odoo.modules.loading: Loading module http_routing (12/101) 
2026-03-30 10:40:50,746 1467288 DEBUG ? odoo.modules.loading: Module http_routing loaded in 0.00s, 0 queries 
2026-03-30 10:40:50,746 1467288 DEBUG ? odoo.modules.loading: Loading module onboarding (13/101) 
2026-03-30 10:40:50,747 1467288 DEBUG ? odoo.modules.loading: Module onboarding loaded in 0.00s, 0 queries 
2026-03-30 10:40:50,747 1467288 DEBUG ? odoo.modules.loading: Loading module resource (14/101) 
2026-03-30 10:40:50,748 1467288 DEBUG ? odoo.modules.loading: Module resource loaded in 0.00s, 0 queries 
2026-03-30 10:40:50,748 1467288 DEBUG ? odoo.modules.loading: Loading module utm (15/101) 
2026-03-30 10:40:50,749 1467288 DEBUG ? odoo.modules.loading: Module utm loaded in 0.00s, 0 queries 
2026-03-30 10:40:50,749 1467288 DEBUG ? odoo.modules.loading: Loading module web_hierarchy (16/101) 
2026-03-30 10:40:50,752 1467288 DEBUG ? odoo.modules.loading: Module web_hierarchy loaded in 0.00s, 0 queries 
2026-03-30 10:40:50,752 1467288 DEBUG ? odoo.modules.loading: Loading module web_tour (17/101) 
2026-03-30 10:40:50,753 1467288 DEBUG ? odoo.modules.loading: Module web_tour loaded in 0.00s, 0 queries 
2026-03-30 10:40:50,753 1467288 DEBUG ? odoo.modules.loading: Loading module barcodes_gs1_nomenclature (18/101) 
2026-03-30 10:40:50,753 1467288 DEBUG ? odoo.modules.loading: Module barcodes_gs1_nomenclature loaded in 0.00s, 0 queries 
2026-03-30 10:40:50,754 1467288 DEBUG ? odoo.modules.loading: Loading module html_editor (19/101) 
2026-03-30 10:40:50,754 1467288 DEBUG ? odoo.modules.loading: Module html_editor loaded in 0.00s, 0 queries 
2026-03-30 10:40:50,754 1467288 DEBUG ? odoo.modules.loading: Loading module iap (20/101) 
2026-03-30 10:40:50,755 1467288 DEBUG ? odoo.modules.loading: Module iap loaded in 0.00s, 0 queries 
2026-03-30 10:40:50,755 1467288 DEBUG ? odoo.modules.loading: Loading module mail (21/101) 
2026-03-30 10:40:50,761 1467288 DEBUG ? odoo.modules.loading: Module mail loaded in 0.01s, 0 queries 
2026-03-30 10:40:50,761 1467288 DEBUG ? odoo.modules.loading: Loading module web_editor (22/101) 
2026-03-30 10:40:50,769 1467288 DEBUG ? odoo.modules.loading: Module web_editor loaded in 0.01s, 0 queries 
2026-03-30 10:40:50,769 1467288 DEBUG ? odoo.modules.loading: Loading module analytic (23/101) 
2026-03-30 10:40:50,770 1467288 DEBUG ? odoo.modules.loading: Module analytic loaded in 0.00s, 0 queries 
2026-03-30 10:40:50,770 1467288 DEBUG ? odoo.modules.loading: Loading module auth_signup (24/101) 
2026-03-30 10:40:50,770 1467288 DEBUG ? odoo.modules.loading: Module auth_signup loaded in 0.00s, 0 queries 
2026-03-30 10:40:50,770 1467288 DEBUG ? odoo.modules.loading: Loading module auth_totp_mail (25/101) 
2026-03-30 10:40:50,770 1467288 DEBUG ? odoo.modules.loading: Module auth_totp_mail loaded in 0.00s, 0 queries 
2026-03-30 10:40:50,770 1467288 DEBUG ? odoo.modules.loading: Loading module base_install_request (26/101) 
2026-03-30 10:40:50,771 1467288 DEBUG ? odoo.modules.loading: Module base_install_request loaded in 0.00s, 0 queries 
2026-03-30 10:40:50,771 1467288 DEBUG ? odoo.modules.loading: Loading module calendar (27/101) 
2026-03-30 10:40:50,772 1467288 DEBUG ? odoo.modules.loading: Module calendar loaded in 0.00s, 0 queries 
2026-03-30 10:40:50,772 1467288 DEBUG ? odoo.modules.loading: Loading module contacts (28/101) 
2026-03-30 10:40:50,773 1467288 DEBUG ? odoo.modules.loading: Module contacts loaded in 0.00s, 0 queries 
2026-03-30 10:40:50,773 1467288 DEBUG ? odoo.modules.loading: Loading module gamification (29/101) 
2026-03-30 10:40:50,774 1467288 DEBUG ? odoo.modules.loading: Module gamification loaded in 0.00s, 0 queries 
2026-03-30 10:40:50,774 1467288 DEBUG ? odoo.modules.loading: Loading module iap_mail (30/101) 
2026-03-30 10:40:50,774 1467288 DEBUG ? odoo.modules.loading: Module iap_mail loaded in 0.00s, 0 queries 
2026-03-30 10:40:50,775 1467288 DEBUG ? odoo.modules.loading: Loading module link_tracker (31/101) 
2026-03-30 10:40:50,775 1467288 DEBUG ? odoo.modules.loading: Module link_tracker loaded in 0.00s, 0 queries 
2026-03-30 10:40:50,776 1467288 DEBUG ? odoo.modules.loading: Loading module mail_bot (32/101) 
2026-03-30 10:40:50,776 1467288 DEBUG ? odoo.modules.loading: Module mail_bot loaded in 0.00s, 0 queries 
2026-03-30 10:40:50,776 1467288 DEBUG ? odoo.modules.loading: Loading module microsoft_outlook (33/101) 
2026-03-30 10:40:50,776 1467288 DEBUG ? odoo.modules.loading: Module microsoft_outlook loaded in 0.00s, 0 queries 
2026-03-30 10:40:50,777 1467288 DEBUG ? odoo.modules.loading: Loading module phone_validation (34/101) 
2026-03-30 10:40:50,779 1467288 DEBUG ? odoo.modules.loading: Module phone_validation loaded in 0.00s, 0 queries 
2026-03-30 10:40:50,780 1467288 DEBUG ? odoo.modules.loading: Loading module privacy_lookup (35/101) 
2026-03-30 10:40:50,780 1467288 DEBUG ? odoo.modules.loading: Module privacy_lookup loaded in 0.00s, 0 queries 
2026-03-30 10:40:50,780 1467288 DEBUG ? odoo.modules.loading: Loading module product (36/101) 
2026-03-30 10:40:50,782 1467288 DEBUG ? odoo.modules.loading: Module product loaded in 0.00s, 0 queries 
2026-03-30 10:40:50,782 1467288 DEBUG ? odoo.modules.loading: Loading module rating (37/101) 
2026-03-30 10:40:50,782 1467288 DEBUG ? odoo.modules.loading: Module rating loaded in 0.00s, 0 queries 
2026-03-30 10:40:50,783 1467288 DEBUG ? odoo.modules.loading: Loading module resource_mail (38/101) 
2026-03-30 10:40:50,783 1467288 DEBUG ? odoo.modules.loading: Module resource_mail loaded in 0.00s, 0 queries 
2026-03-30 10:40:50,783 1467288 DEBUG ? odoo.modules.loading: Loading module sales_team (39/101) 
2026-03-30 10:40:50,783 1467288 DEBUG ? odoo.modules.loading: Module sales_team loaded in 0.00s, 0 queries 
2026-03-30 10:40:50,783 1467288 DEBUG ? odoo.modules.loading: Loading module web_unsplash (40/101) 
2026-03-30 10:40:50,784 1467288 DEBUG ? odoo.modules.loading: Module web_unsplash loaded in 0.00s, 0 queries 
2026-03-30 10:40:50,784 1467288 DEBUG ? odoo.modules.loading: Loading module partner_autocomplete (41/101) 
2026-03-30 10:40:50,784 1467288 DEBUG ? odoo.modules.loading: Module partner_autocomplete loaded in 0.00s, 0 queries 
2026-03-30 10:40:50,784 1467288 DEBUG ? odoo.modules.loading: Loading module portal (42/101) 
2026-03-30 10:40:50,785 1467288 DEBUG ? odoo.modules.loading: Module portal loaded in 0.00s, 0 queries 
2026-03-30 10:40:50,785 1467288 DEBUG ? odoo.modules.loading: Loading module sms (43/101) 
2026-03-30 10:40:50,793 1467288 DEBUG ? odoo.modules.loading: Module sms loaded in 0.01s, 0 queries 
2026-03-30 10:40:50,794 1467288 DEBUG ? odoo.modules.loading: Loading module snailmail (44/101) 
2026-03-30 10:40:50,796 1467288 DEBUG ? odoo.modules.loading: Module snailmail loaded in 0.00s, 0 queries 
2026-03-30 10:40:50,796 1467288 DEBUG ? odoo.modules.loading: Loading module survey (45/101) 
2026-03-30 10:40:50,797 1467288 DEBUG ? odoo.modules.loading: Module survey loaded in 0.00s, 0 queries 
2026-03-30 10:40:50,797 1467288 DEBUG ? odoo.modules.loading: Loading module auth_totp_portal (46/101) 
2026-03-30 10:40:50,797 1467288 DEBUG ? odoo.modules.loading: Module auth_totp_portal loaded in 0.00s, 0 queries 
2026-03-30 10:40:50,797 1467288 DEBUG ? odoo.modules.loading: Loading module calendar_sms (47/101) 
2026-03-30 10:40:50,798 1467288 DEBUG ? odoo.modules.loading: Module calendar_sms loaded in 0.00s, 0 queries 
2026-03-30 10:40:50,798 1467288 DEBUG ? odoo.modules.loading: Loading module digest (48/101) 
2026-03-30 10:40:50,799 1467288 DEBUG ? odoo.modules.loading: Module digest loaded in 0.00s, 0 queries 
2026-03-30 10:40:50,799 1467288 DEBUG ? odoo.modules.loading: Loading module payment (49/101) 
2026-03-30 10:40:50,800 1467288 DEBUG ? odoo.modules.loading: Module payment loaded in 0.00s, 0 queries 
2026-03-30 10:40:50,800 1467288 DEBUG ? odoo.modules.loading: Loading module portal_rating (50/101) 
2026-03-30 10:40:50,800 1467288 DEBUG ? odoo.modules.loading: Module portal_rating loaded in 0.00s, 0 queries 
2026-03-30 10:40:50,800 1467288 DEBUG ? odoo.modules.loading: Loading module spreadsheet (51/101) 
2026-03-30 10:40:50,801 1467288 DEBUG ? odoo.modules.loading: Module spreadsheet loaded in 0.00s, 0 queries 
2026-03-30 10:40:50,801 1467288 DEBUG ? odoo.modules.loading: Loading module account (52/101) 
2026-03-30 10:40:50,807 1467288 DEBUG ? odoo.modules.loading: Module account loaded in 0.01s, 0 queries 
2026-03-30 10:40:50,807 1467288 DEBUG ? odoo.modules.loading: Loading module crm (53/101) 
2026-03-30 10:40:50,809 1467288 DEBUG ? odoo.modules.loading: Module crm loaded in 0.00s, 0 queries 
2026-03-30 10:40:50,810 1467288 DEBUG ? odoo.modules.loading: Loading module hr (54/101) 
2026-03-30 10:40:50,817 1467288 DEBUG ? odoo.modules.loading: Module hr loaded in 0.01s, 0 queries 
2026-03-30 10:40:50,817 1467288 DEBUG ? odoo.modules.loading: Loading module mass_mailing (55/101) 
2026-03-30 10:40:50,819 1467288 DEBUG ? odoo.modules.loading: Module mass_mailing loaded in 0.00s, 0 queries 
2026-03-30 10:40:50,819 1467288 DEBUG ? odoo.modules.loading: Loading module project (56/101) 
2026-03-30 10:40:50,821 1467288 DEBUG ? odoo.modules.loading: Module project loaded in 0.00s, 0 queries 
2026-03-30 10:40:50,821 1467288 DEBUG ? odoo.modules.loading: Loading module spreadsheet_dashboard (57/101) 
2026-03-30 10:40:50,822 1467288 DEBUG ? odoo.modules.loading: Module spreadsheet_dashboard loaded in 0.00s, 0 queries 
2026-03-30 10:40:50,822 1467288 DEBUG ? odoo.modules.loading: Loading module stock (58/101) 
2026-03-30 10:40:50,828 1467288 DEBUG ? odoo.modules.loading: Module stock loaded in 0.01s, 0 queries 
2026-03-30 10:40:50,828 1467288 DEBUG ? odoo.modules.loading: Loading module account_add_gln (59/101) 
2026-03-30 10:40:50,828 1467288 DEBUG ? odoo.modules.loading: Module account_add_gln loaded in 0.00s, 0 queries 
2026-03-30 10:40:50,828 1467288 DEBUG ? odoo.modules.loading: Loading module account_edi_ubl_cii (60/101) 
2026-03-30 10:40:50,829 1467288 DEBUG ? odoo.modules.loading: Module account_edi_ubl_cii loaded in 0.00s, 0 queries 
2026-03-30 10:40:50,829 1467288 DEBUG ? odoo.modules.loading: Loading module account_payment (61/101) 
2026-03-30 10:40:50,830 1467288 DEBUG ? odoo.modules.loading: Module account_payment loaded in 0.00s, 0 queries 
2026-03-30 10:40:50,830 1467288 DEBUG ? odoo.modules.loading: Loading module base_iban (62/101) 
2026-03-30 10:40:50,830 1467288 DEBUG ? odoo.modules.loading: Module base_iban loaded in 0.00s, 0 queries 
2026-03-30 10:40:50,830 1467288 DEBUG ? odoo.modules.loading: Loading module base_vat (63/101) 
2026-03-30 10:40:50,831 1467288 DEBUG ? odoo.modules.loading: Module base_vat loaded in 0.00s, 0 queries 
2026-03-30 10:40:50,831 1467288 DEBUG ? odoo.modules.loading: Loading module board (64/101) 
2026-03-30 10:40:50,831 1467288 DEBUG ? odoo.modules.loading: Module board loaded in 0.00s, 0 queries 
2026-03-30 10:40:50,831 1467288 DEBUG ? odoo.modules.loading: Loading module crm_sms (65/101) 
2026-03-30 10:40:50,831 1467288 DEBUG ? odoo.modules.loading: Module crm_sms loaded in 0.00s, 0 queries 
2026-03-30 10:40:50,831 1467288 DEBUG ? odoo.modules.loading: Loading module hr_calendar (66/101) 
2026-03-30 10:40:50,832 1467288 DEBUG ? odoo.modules.loading: Module hr_calendar loaded in 0.00s, 0 queries 
2026-03-30 10:40:50,832 1467288 DEBUG ? odoo.modules.loading: Loading module hr_gamification (67/101) 
2026-03-30 10:40:50,832 1467288 DEBUG ? odoo.modules.loading: Module hr_gamification loaded in 0.00s, 0 queries 
2026-03-30 10:40:50,832 1467288 DEBUG ? odoo.modules.loading: Loading module hr_org_chart (68/101) 
2026-03-30 10:40:50,832 1467288 DEBUG ? odoo.modules.loading: Module hr_org_chart loaded in 0.00s, 0 queries 
2026-03-30 10:40:50,833 1467288 DEBUG ? odoo.modules.loading: Loading module hr_skills (69/101) 
2026-03-30 10:40:50,833 1467288 DEBUG ? odoo.modules.loading: Module hr_skills loaded in 0.00s, 0 queries 
2026-03-30 10:40:50,834 1467288 DEBUG ? odoo.modules.loading: Loading module iap_crm (70/101) 
2026-03-30 10:40:50,834 1467288 DEBUG ? odoo.modules.loading: Module iap_crm loaded in 0.00s, 0 queries 
2026-03-30 10:40:50,834 1467288 DEBUG ? odoo.modules.loading: Loading module l10n_us_account (71/101) 
2026-03-30 10:40:50,834 1467288 DEBUG ? odoo.modules.loading: Module l10n_us_account loaded in 0.00s, 0 queries 
2026-03-30 10:40:50,834 1467288 DEBUG ? odoo.modules.loading: Loading module mail_bot_hr (72/101) 
2026-03-30 10:40:50,834 1467288 DEBUG ? odoo.modules.loading: Module mail_bot_hr loaded in 0.00s, 0 queries 
2026-03-30 10:40:50,834 1467288 DEBUG ? odoo.modules.loading: Loading module mass_mailing_crm (73/101) 
2026-03-30 10:40:50,835 1467288 DEBUG ? odoo.modules.loading: Module mass_mailing_crm loaded in 0.00s, 0 queries 
2026-03-30 10:40:50,835 1467288 DEBUG ? odoo.modules.loading: Loading module mass_mailing_themes (74/101) 
2026-03-30 10:40:50,835 1467288 DEBUG ? odoo.modules.loading: Module mass_mailing_themes loaded in 0.00s, 0 queries 
2026-03-30 10:40:50,835 1467288 DEBUG ? odoo.modules.loading: Loading module project_account (75/101) 
2026-03-30 10:40:50,835 1467288 DEBUG ? odoo.modules.loading: Module project_account loaded in 0.00s, 0 queries 
2026-03-30 10:40:50,835 1467288 DEBUG ? odoo.modules.loading: Loading module project_sms (76/101) 
2026-03-30 10:40:50,835 1467288 DEBUG ? odoo.modules.loading: Module project_sms loaded in 0.00s, 0 queries 
2026-03-30 10:40:50,835 1467288 DEBUG ? odoo.modules.loading: Loading module project_stock (77/101) 
2026-03-30 10:40:50,836 1467288 DEBUG ? odoo.modules.loading: Module project_stock loaded in 0.00s, 0 queries 
2026-03-30 10:40:50,836 1467288 DEBUG ? odoo.modules.loading: Loading module project_todo (78/101) 
2026-03-30 10:40:50,836 1467288 DEBUG ? odoo.modules.loading: Module project_todo loaded in 0.00s, 0 queries 
2026-03-30 10:40:50,836 1467288 DEBUG ? odoo.modules.loading: Loading module purchase (79/101) 
2026-03-30 10:40:50,837 1467288 DEBUG ? odoo.modules.loading: Module purchase loaded in 0.00s, 0 queries 
2026-03-30 10:40:50,837 1467288 DEBUG ? odoo.modules.loading: Loading module snailmail_account (80/101) 
2026-03-30 10:40:50,838 1467288 DEBUG ? odoo.modules.loading: Module snailmail_account loaded in 0.00s, 0 queries 
2026-03-30 10:40:50,838 1467288 DEBUG ? odoo.modules.loading: Loading module spreadsheet_account (81/101) 
2026-03-30 10:40:50,838 1467288 DEBUG ? odoo.modules.loading: Module spreadsheet_account loaded in 0.00s, 0 queries 
2026-03-30 10:40:50,838 1467288 DEBUG ? odoo.modules.loading: Loading module spreadsheet_dashboard_account (82/101) 
2026-03-30 10:40:50,838 1467288 DEBUG ? odoo.modules.loading: Module spreadsheet_dashboard_account loaded in 0.00s, 0 queries 
2026-03-30 10:40:50,838 1467288 DEBUG ? odoo.modules.loading: Loading module stock_account (83/101) 
2026-03-30 10:40:50,839 1467288 DEBUG ? odoo.modules.loading: Module stock_account loaded in 0.00s, 0 queries 
2026-03-30 10:40:50,840 1467288 DEBUG ? odoo.modules.loading: Loading module stock_sms (84/101) 
2026-03-30 10:40:50,840 1467288 DEBUG ? odoo.modules.loading: Module stock_sms loaded in 0.00s, 0 queries 
2026-03-30 10:40:50,840 1467288 DEBUG ? odoo.modules.loading: Loading module account_qr_code_sepa (85/101) 
2026-03-30 10:40:50,840 1467288 DEBUG ? odoo.modules.loading: Module account_qr_code_sepa loaded in 0.00s, 0 queries 
2026-03-30 10:40:50,841 1467288 DEBUG ? odoo.modules.loading: Loading module crm_iap_enrich (86/101) 
2026-03-30 10:40:50,841 1467288 DEBUG ? odoo.modules.loading: Module crm_iap_enrich loaded in 0.00s, 0 queries 
2026-03-30 10:40:50,841 1467288 DEBUG ? odoo.modules.loading: Loading module crm_iap_mine (87/101) 
2026-03-30 10:40:50,842 1467288 DEBUG ? odoo.modules.loading: Module crm_iap_mine loaded in 0.00s, 0 queries 
2026-03-30 10:40:50,842 1467288 INFO ? odoo.modules.loading: Loading module helpdesk_mgmt (88/101) 
2026-03-30 10:40:51,470 1467288 INFO ? odoo.modules.registry: module helpdesk_mgmt: creating or updating database tables 
2026-03-30 10:40:51,681 1467288 DEBUG ? odoo.models: Table 'res_company': setting default value of new column fiscalyear_last_day to 31 
2026-03-30 10:40:51,682 1467288 DEBUG ? odoo.models: Table 'res_company': setting default value of new column fiscalyear_last_month to '12' 
2026-03-30 10:40:51,684 1467288 DEBUG ? odoo.models: Table 'res_company': setting default value of new column account_price_include to 'tax_excluded' 
2026-03-30 10:40:51,688 1467288 DEBUG ? odoo.models: Table 'res_company': setting default value of new column account_opening_date to '2026-01-01' 
2026-03-30 10:40:51,689 1467288 DEBUG ? odoo.models: Table 'res_company': setting default value of new column po_lead to 0.0 
2026-03-30 10:40:51,705 1467288 DEBUG ? odoo.models: Table 'res_config_settings': setting default value of new column company_id to 1 
2026-03-30 10:40:51,720 1467288 DEBUG ? odoo.models: Table 'res_partner': setting default value of new column autopost_bills to 'ask' 
2026-03-30 10:40:51,735 1467288 DEBUG ? odoo.models: Table 'res_users': setting default value of new column notification_type to 'email' 
2026-03-30 10:40:51,753 1467288 WARNING ? odoo.addons.base.models.ir_model: Two fields (case_number, number) of helpdesk.ticket() have the same label: Número de caso. [Modules: helpdesk_mgmt and helpdesk_mgmt] 
2026-03-30 10:40:51,753 1467288 WARNING ? odoo.addons.base.models.ir_model: Two fields (subject_id, subject) of helpdesk.ticket() have the same label: Asunto. [Modules: helpdesk_mgmt and helpdesk_mgmt] 
2026-03-30 10:40:51,753 1467288 WARNING ? odoo.addons.base.models.ir_model: Two fields (state_reason_id, state_reason) of helpdesk.ticket() have the same label: Razón para el estado. [Modules: helpdesk_mgmt and helpdesk_mgmt] 
2026-03-30 10:40:52,294 1467288 DEBUG ? odoo.schema: Table 'res_company': column 'fiscalyear_last_day': added constraint NOT NULL 
2026-03-30 10:40:52,296 1467288 DEBUG ? odoo.schema: Table 'res_company': column 'fiscalyear_last_month': added constraint NOT NULL 
2026-03-30 10:40:52,298 1467288 DEBUG ? odoo.schema: Table 'res_company': column 'account_price_include': added constraint NOT NULL 
2026-03-30 10:40:52,299 1467288 DEBUG ? odoo.schema: Table 'res_company': column 'account_opening_date': added constraint NOT NULL 
2026-03-30 10:40:52,302 1467288 DEBUG ? odoo.schema: Table 'res_company': column 'po_lead': added constraint NOT NULL 
2026-03-30 10:40:52,304 1467288 DEBUG ? odoo.schema: Table 'res_config_settings': column 'company_id': added constraint NOT NULL 
2026-03-30 10:40:52,311 1467288 DEBUG ? odoo.schema: Table 'res_partner': column 'autopost_bills': added constraint NOT NULL 
2026-03-30 10:40:52,315 1467288 DEBUG ? odoo.schema: Table 'res_users': column 'notification_type': added constraint NOT NULL 
2026-03-30 10:40:52,322 1467288 INFO ? odoo.schema: Keep unexpected index helpdesk_ticket__priority_index on table helpdesk_ticket 
2026-03-30 10:40:52,322 1467288 INFO ? odoo.schema: Keep unexpected index helpdesk_ticket__state_index on table helpdesk_ticket 
2026-03-30 10:40:52,323 1467288 INFO ? odoo.schema: Keep unexpected index helpdesk_ticket__subject_id_index on table helpdesk_ticket 
2026-03-30 10:40:52,333 1467288 INFO ? odoo.modules.loading: loading helpdesk_mgmt/data/helpdesk_data.xml 
2026-03-30 10:40:52,345 1467288 DEBUG ? odoo.modules.registry: Invalidating templates model caches from write /home/pablo/odoo/odoo/addons/base/models/ir_ui_view.py:550 
2026-03-30 10:40:52,348 1467288 DEBUG ? odoo.modules.registry: Invalidating templates model caches from write /home/pablo/odoo/odoo/addons/base/models/ir_ui_view.py:550 
2026-03-30 10:40:52,441 1467288 INFO ? odoo.modules.loading: loading helpdesk_mgmt/security/helpdesk_security.xml 
2026-03-30 10:40:52,450 1467288 DEBUG ? odoo.modules.registry: Invalidating default model caches from call_cache_clearing_methods /home/pablo/odoo/odoo/addons/base/models/ir_model.py:2183 
2026-03-30 10:40:52,488 1467288 DEBUG ? odoo.modules.registry: Invalidating groups model caches from write /home/pablo/odoo/odoo/addons/base/models/res_users.py:1539 
2026-03-30 10:40:52,489 1467288 DEBUG ? odoo.modules.registry: Invalidating default model caches from write /home/pablo/odoo/odoo/addons/base/models/res_users.py:1681 
2026-03-30 10:40:52,491 1467288 DEBUG ? odoo.modules.registry: Invalidating groups model caches from _update_xmlids /home/pablo/odoo/odoo/addons/base/models/ir_model.py:2414 
2026-03-30 10:40:52,496 1467288 DEBUG ? odoo.modules.registry: Invalidating default model caches from call_cache_clearing_methods /home/pablo/odoo/odoo/addons/base/models/ir_model.py:2183 
2026-03-30 10:40:52,528 1467288 DEBUG ? odoo.modules.registry: Invalidating groups model caches from write /home/pablo/odoo/odoo/addons/base/models/res_users.py:1539 
2026-03-30 10:40:52,528 1467288 DEBUG ? odoo.modules.registry: Invalidating default model caches from write /home/pablo/odoo/odoo/addons/base/models/res_users.py:1681 
2026-03-30 10:40:52,529 1467288 DEBUG ? odoo.modules.registry: Invalidating groups model caches from _update_xmlids /home/pablo/odoo/odoo/addons/base/models/ir_model.py:2414 
2026-03-30 10:40:52,533 1467288 DEBUG ? odoo.modules.registry: Invalidating default model caches from call_cache_clearing_methods /home/pablo/odoo/odoo/addons/base/models/ir_model.py:2183 
2026-03-30 10:40:52,565 1467288 DEBUG ? odoo.modules.registry: Invalidating groups model caches from write /home/pablo/odoo/odoo/addons/base/models/res_users.py:1539 
2026-03-30 10:40:52,566 1467288 DEBUG ? odoo.modules.registry: Invalidating default model caches from write /home/pablo/odoo/odoo/addons/base/models/res_users.py:1681 
2026-03-30 10:40:52,566 1467288 DEBUG ? odoo.modules.registry: Invalidating groups model caches from _update_xmlids /home/pablo/odoo/odoo/addons/base/models/ir_model.py:2414 
2026-03-30 10:40:52,571 1467288 DEBUG ? odoo.modules.registry: Invalidating default model caches from call_cache_clearing_methods /home/pablo/odoo/odoo/addons/base/models/ir_model.py:2183 
2026-03-30 10:40:52,614 1467288 DEBUG ? odoo.modules.registry: Invalidating groups model caches from write /home/pablo/odoo/odoo/addons/base/models/res_users.py:1539 
2026-03-30 10:40:52,614 1467288 DEBUG ? odoo.modules.registry: Invalidating default model caches from write /home/pablo/odoo/odoo/addons/base/models/res_users.py:1681 
2026-03-30 10:40:52,617 1467288 DEBUG ? odoo.modules.registry: Invalidating groups model caches from _update_xmlids /home/pablo/odoo/odoo/addons/base/models/ir_model.py:2414 
2026-03-30 10:40:52,638 1467288 INFO ? odoo.modules.loading: loading helpdesk_mgmt/security/ir.model.access.csv 
2026-03-30 10:40:52,697 1467288 DEBUG ? odoo.modules.registry: Invalidating default model caches from call_cache_clearing_methods /home/pablo/odoo/odoo/addons/base/models/ir_model.py:2183 
2026-03-30 10:40:52,699 1467288 DEBUG ? odoo.modules.registry: Invalidating default model caches from call_cache_clearing_methods /home/pablo/odoo/odoo/addons/base/models/ir_model.py:2183 
2026-03-30 10:40:52,700 1467288 DEBUG ? odoo.modules.registry: Invalidating default model caches from call_cache_clearing_methods /home/pablo/odoo/odoo/addons/base/models/ir_model.py:2183 
2026-03-30 10:40:52,702 1467288 DEBUG ? odoo.modules.registry: Invalidating default model caches from call_cache_clearing_methods /home/pablo/odoo/odoo/addons/base/models/ir_model.py:2183 
2026-03-30 10:40:52,704 1467288 DEBUG ? odoo.modules.registry: Invalidating default model caches from call_cache_clearing_methods /home/pablo/odoo/odoo/addons/base/models/ir_model.py:2183 
2026-03-30 10:40:52,705 1467288 DEBUG ? odoo.modules.registry: Invalidating default model caches from call_cache_clearing_methods /home/pablo/odoo/odoo/addons/base/models/ir_model.py:2183 
2026-03-30 10:40:52,707 1467288 DEBUG ? odoo.modules.registry: Invalidating default model caches from call_cache_clearing_methods /home/pablo/odoo/odoo/addons/base/models/ir_model.py:2183 
2026-03-30 10:40:52,708 1467288 DEBUG ? odoo.modules.registry: Invalidating default model caches from call_cache_clearing_methods /home/pablo/odoo/odoo/addons/base/models/ir_model.py:2183 
2026-03-30 10:40:52,710 1467288 DEBUG ? odoo.modules.registry: Invalidating default model caches from call_cache_clearing_methods /home/pablo/odoo/odoo/addons/base/models/ir_model.py:2183 
2026-03-30 10:40:52,711 1467288 DEBUG ? odoo.modules.registry: Invalidating default model caches from call_cache_clearing_methods /home/pablo/odoo/odoo/addons/base/models/ir_model.py:2183 
2026-03-30 10:40:52,714 1467288 DEBUG ? odoo.modules.registry: Invalidating default model caches from call_cache_clearing_methods /home/pablo/odoo/odoo/addons/base/models/ir_model.py:2183 
2026-03-30 10:40:52,715 1467288 DEBUG ? odoo.modules.registry: Invalidating default model caches from call_cache_clearing_methods /home/pablo/odoo/odoo/addons/base/models/ir_model.py:2183 
2026-03-30 10:40:52,717 1467288 DEBUG ? odoo.modules.registry: Invalidating default model caches from call_cache_clearing_methods /home/pablo/odoo/odoo/addons/base/models/ir_model.py:2183 
2026-03-30 10:40:52,719 1467288 DEBUG ? odoo.modules.registry: Invalidating default model caches from call_cache_clearing_methods /home/pablo/odoo/odoo/addons/base/models/ir_model.py:2183 
2026-03-30 10:40:52,720 1467288 DEBUG ? odoo.modules.registry: Invalidating default model caches from call_cache_clearing_methods /home/pablo/odoo/odoo/addons/base/models/ir_model.py:2183 
2026-03-30 10:40:52,722 1467288 DEBUG ? odoo.modules.registry: Invalidating default model caches from call_cache_clearing_methods /home/pablo/odoo/odoo/addons/base/models/ir_model.py:2183 
2026-03-30 10:40:52,723 1467288 DEBUG ? odoo.modules.registry: Invalidating default model caches from call_cache_clearing_methods /home/pablo/odoo/odoo/addons/base/models/ir_model.py:2183 
2026-03-30 10:40:52,724 1467288 DEBUG ? odoo.modules.registry: Invalidating default model caches from call_cache_clearing_methods /home/pablo/odoo/odoo/addons/base/models/ir_model.py:2183 
2026-03-30 10:40:52,726 1467288 DEBUG ? odoo.modules.registry: Invalidating default model caches from call_cache_clearing_methods /home/pablo/odoo/odoo/addons/base/models/ir_model.py:2183 
2026-03-30 10:40:52,729 1467288 DEBUG ? odoo.modules.registry: Invalidating default model caches from call_cache_clearing_methods /home/pablo/odoo/odoo/addons/base/models/ir_model.py:2183 
2026-03-30 10:40:52,731 1467288 DEBUG ? odoo.modules.registry: Invalidating default model caches from call_cache_clearing_methods /home/pablo/odoo/odoo/addons/base/models/ir_model.py:2183 
2026-03-30 10:40:52,738 1467288 DEBUG ? odoo.modules.registry: Invalidating default model caches from call_cache_clearing_methods /home/pablo/odoo/odoo/addons/base/models/ir_model.py:2183 
2026-03-30 10:40:52,739 1467288 DEBUG ? odoo.modules.registry: Invalidating default model caches from call_cache_clearing_methods /home/pablo/odoo/odoo/addons/base/models/ir_model.py:2183 
2026-03-30 10:40:52,740 1467288 DEBUG ? odoo.modules.registry: Invalidating default model caches from call_cache_clearing_methods /home/pablo/odoo/odoo/addons/base/models/ir_model.py:2183 
2026-03-30 10:40:52,742 1467288 DEBUG ? odoo.modules.registry: Invalidating default model caches from call_cache_clearing_methods /home/pablo/odoo/odoo/addons/base/models/ir_model.py:2183 
2026-03-30 10:40:52,743 1467288 DEBUG ? odoo.modules.registry: Invalidating default model caches from call_cache_clearing_methods /home/pablo/odoo/odoo/addons/base/models/ir_model.py:2183 
2026-03-30 10:40:52,745 1467288 DEBUG ? odoo.modules.registry: Invalidating default model caches from call_cache_clearing_methods /home/pablo/odoo/odoo/addons/base/models/ir_model.py:2183 
2026-03-30 10:40:52,746 1467288 DEBUG ? odoo.modules.registry: Invalidating default model caches from call_cache_clearing_methods /home/pablo/odoo/odoo/addons/base/models/ir_model.py:2183 
2026-03-30 10:40:52,747 1467288 DEBUG ? odoo.modules.registry: Invalidating default model caches from call_cache_clearing_methods /home/pablo/odoo/odoo/addons/base/models/ir_model.py:2183 
2026-03-30 10:40:52,749 1467288 DEBUG ? odoo.modules.registry: Invalidating default model caches from call_cache_clearing_methods /home/pablo/odoo/odoo/addons/base/models/ir_model.py:2183 
2026-03-30 10:40:52,753 1467288 DEBUG ? odoo.modules.registry: Invalidating default model caches from call_cache_clearing_methods /home/pablo/odoo/odoo/addons/base/models/ir_model.py:2183 
2026-03-30 10:40:52,754 1467288 DEBUG ? odoo.modules.registry: Invalidating default model caches from call_cache_clearing_methods /home/pablo/odoo/odoo/addons/base/models/ir_model.py:2183 
2026-03-30 10:40:52,758 1467288 DEBUG ? odoo.modules.registry: Invalidating default model caches from call_cache_clearing_methods /home/pablo/odoo/odoo/addons/base/models/ir_model.py:2183 
2026-03-30 10:40:52,760 1467288 DEBUG ? odoo.modules.registry: Invalidating default model caches from call_cache_clearing_methods /home/pablo/odoo/odoo/addons/base/models/ir_model.py:2183 
2026-03-30 10:40:52,761 1467288 DEBUG ? odoo.modules.registry: Invalidating default model caches from call_cache_clearing_methods /home/pablo/odoo/odoo/addons/base/models/ir_model.py:2183 
2026-03-30 10:40:52,762 1467288 DEBUG ? odoo.modules.registry: Invalidating default model caches from call_cache_clearing_methods /home/pablo/odoo/odoo/addons/base/models/ir_model.py:2183 
2026-03-30 10:40:52,764 1467288 DEBUG ? odoo.modules.registry: Invalidating default model caches from call_cache_clearing_methods /home/pablo/odoo/odoo/addons/base/models/ir_model.py:2183 
2026-03-30 10:40:52,767 1467288 INFO ? odoo.modules.loading: loading helpdesk_mgmt/views/res_partner_views.xml 
2026-03-30 10:40:52,776 1467288 DEBUG ? odoo.modules.registry: Invalidating templates model caches from write /home/pablo/odoo/odoo/addons/base/models/ir_ui_view.py:550 
2026-03-30 10:40:52,780 1467288 DEBUG ? odoo.modules.registry: Invalidating templates model caches from write /home/pablo/odoo/odoo/addons/base/models/ir_ui_view.py:550 
2026-03-30 10:40:52,843 1467288 INFO ? odoo.modules.loading: loading helpdesk_mgmt/views/res_config_settings_views.xml 
2026-03-30 10:40:52,850 1467288 DEBUG ? odoo.modules.registry: Invalidating templates model caches from write /home/pablo/odoo/odoo/addons/base/models/ir_ui_view.py:550 
2026-03-30 10:40:52,853 1467288 DEBUG ? odoo.modules.registry: Invalidating templates model caches from write /home/pablo/odoo/odoo/addons/base/models/ir_ui_view.py:550 
2026-03-30 10:40:52,948 1467288 DEBUG ? odoo.modules.registry: Invalidating default model caches from write /home/pablo/odoo/odoo/addons/base/models/ir_actions.py:114 
2026-03-30 10:40:52,949 1467288 INFO ? odoo.modules.loading: loading helpdesk_mgmt/views/helpdesk_ticket_templates.xml 
2026-03-30 10:40:52,964 1467288 DEBUG ? odoo.modules.registry: Invalidating templates model caches from write /home/pablo/odoo/odoo/addons/base/models/ir_ui_view.py:550 
2026-03-30 10:40:52,972 1467288 DEBUG ? odoo.modules.registry: Invalidating templates model caches from write /home/pablo/odoo/odoo/addons/base/models/ir_ui_view.py:550 
2026-03-30 10:40:52,988 1467288 DEBUG ? odoo.modules.registry: Invalidating templates model caches from write /home/pablo/odoo/odoo/addons/base/models/ir_ui_view.py:550 
2026-03-30 10:40:52,989 1467288 DEBUG ? odoo.modules.registry: Invalidating templates model caches from write /home/pablo/odoo/odoo/addons/base/models/ir_ui_view.py:550 
2026-03-30 10:40:52,997 1467288 DEBUG ? odoo.modules.registry: Invalidating templates model caches from write /home/pablo/odoo/odoo/addons/base/models/ir_ui_view.py:550 
2026-03-30 10:40:53,000 1467288 DEBUG ? odoo.modules.registry: Invalidating templates model caches from write /home/pablo/odoo/odoo/addons/base/models/ir_ui_view.py:550 
2026-03-30 10:40:53,014 1467288 DEBUG ? odoo.modules.registry: Invalidating templates model caches from write /home/pablo/odoo/odoo/addons/base/models/ir_ui_view.py:550 
2026-03-30 10:40:53,017 1467288 DEBUG ? odoo.modules.registry: Invalidating templates model caches from write /home/pablo/odoo/odoo/addons/base/models/ir_ui_view.py:550 
2026-03-30 10:40:53,032 1467288 DEBUG ? odoo.modules.registry: Invalidating templates model caches from write /home/pablo/odoo/odoo/addons/base/models/ir_ui_view.py:550 
2026-03-30 10:40:53,035 1467288 DEBUG ? odoo.modules.registry: Invalidating templates model caches from write /home/pablo/odoo/odoo/addons/base/models/ir_ui_view.py:550 
2026-03-30 10:40:53,044 1467288 DEBUG ? odoo.modules.registry: Invalidating templates model caches from write /home/pablo/odoo/odoo/addons/base/models/ir_ui_view.py:550 
2026-03-30 10:40:53,045 1467288 DEBUG ? odoo.modules.registry: Invalidating templates model caches from write /home/pablo/odoo/odoo/addons/base/models/ir_ui_view.py:550 
2026-03-30 10:40:53,056 1467288 DEBUG ? odoo.modules.registry: Invalidating templates model caches from write /home/pablo/odoo/odoo/addons/base/models/ir_ui_view.py:550 
2026-03-30 10:40:53,057 1467288 DEBUG ? odoo.modules.registry: Invalidating templates model caches from write /home/pablo/odoo/odoo/addons/base/models/ir_ui_view.py:550 
2026-03-30 10:40:53,067 1467288 DEBUG ? odoo.modules.registry: Invalidating templates model caches from write /home/pablo/odoo/odoo/addons/base/models/ir_ui_view.py:550 
2026-03-30 10:40:53,070 1467288 DEBUG ? odoo.modules.registry: Invalidating templates model caches from write /home/pablo/odoo/odoo/addons/base/models/ir_ui_view.py:550 
2026-03-30 10:40:53,081 1467288 DEBUG ? odoo.modules.registry: Invalidating templates model caches from write /home/pablo/odoo/odoo/addons/base/models/ir_ui_view.py:550 
2026-03-30 10:40:53,082 1467288 DEBUG ? odoo.modules.registry: Invalidating templates model caches from write /home/pablo/odoo/odoo/addons/base/models/ir_ui_view.py:550 
2026-03-30 10:40:53,086 1467288 INFO ? odoo.modules.loading: loading helpdesk_mgmt/views/helpdesk_ticket_time_line_views.xml 
2026-03-30 10:40:53,091 1467288 DEBUG ? odoo.modules.registry: Invalidating templates model caches from write /home/pablo/odoo/odoo/addons/base/models/ir_ui_view.py:550 
2026-03-30 10:40:53,092 1467288 DEBUG ? odoo.modules.registry: Invalidating templates model caches from write /home/pablo/odoo/odoo/addons/base/models/ir_ui_view.py:550 
2026-03-30 10:40:53,100 1467288 INFO ? odoo.modules.loading: loading helpdesk_mgmt/views/helpdesk_ticket_views.xml 
2026-03-30 10:40:53,107 1467288 DEBUG ? odoo.modules.registry: Invalidating default model caches from write /home/pablo/odoo/odoo/addons/base/models/ir_actions.py:114 
2026-03-30 10:40:53,111 1467288 DEBUG ? odoo.modules.registry: Invalidating default model caches from write /home/pablo/odoo/odoo/addons/base/models/ir_actions.py:114 
2026-03-30 10:40:53,115 1467288 DEBUG ? odoo.modules.registry: Invalidating templates model caches from write /home/pablo/odoo/odoo/addons/base/models/ir_ui_view.py:550 
2026-03-30 10:40:53,116 1467288 DEBUG ? odoo.modules.registry: Invalidating templates model caches from write /home/pablo/odoo/odoo/addons/base/models/ir_ui_view.py:550 
2026-03-30 10:40:53,129 1467288 DEBUG ? odoo.modules.registry: Invalidating templates model caches from write /home/pablo/odoo/odoo/addons/base/models/ir_ui_view.py:550 
2026-03-30 10:40:53,130 1467288 DEBUG ? odoo.modules.registry: Invalidating templates model caches from write /home/pablo/odoo/odoo/addons/base/models/ir_ui_view.py:550 
2026-03-30 10:40:53,139 1467288 DEBUG ? odoo.modules.registry: Invalidating templates model caches from write /home/pablo/odoo/odoo/addons/base/models/ir_ui_view.py:550 
2026-03-30 10:40:53,140 1467288 DEBUG ? odoo.modules.registry: Invalidating templates model caches from write /home/pablo/odoo/odoo/addons/base/models/ir_ui_view.py:550 
2026-03-30 10:40:53,147 1467288 DEBUG ? odoo.modules.registry: Invalidating templates model caches from write /home/pablo/odoo/odoo/addons/base/models/ir_ui_view.py:550 
2026-03-30 10:40:53,148 1467288 DEBUG ? odoo.modules.registry: Invalidating templates model caches from write /home/pablo/odoo/odoo/addons/base/models/ir_ui_view.py:550 
2026-03-30 10:40:53,159 1467288 DEBUG ? odoo.modules.registry: Invalidating templates model caches from write /home/pablo/odoo/odoo/addons/base/models/ir_ui_view.py:550 
2026-03-30 10:40:53,160 1467288 DEBUG ? odoo.modules.registry: Invalidating templates model caches from write /home/pablo/odoo/odoo/addons/base/models/ir_ui_view.py:550 
2026-03-30 10:40:53,167 1467288 DEBUG ? odoo.modules.registry: Invalidating templates model caches from write /home/pablo/odoo/odoo/addons/base/models/ir_ui_view.py:550 
2026-03-30 10:40:53,169 1467288 DEBUG ? odoo.modules.registry: Invalidating templates model caches from write /home/pablo/odoo/odoo/addons/base/models/ir_ui_view.py:550 
2026-03-30 10:40:53,178 1467288 DEBUG ? odoo.modules.registry: Invalidating templates model caches from write /home/pablo/odoo/odoo/addons/base/models/ir_ui_view.py:550 
2026-03-30 10:40:53,179 1467288 DEBUG ? odoo.modules.registry: Invalidating templates model caches from write /home/pablo/odoo/odoo/addons/base/models/ir_ui_view.py:550 
2026-03-30 10:40:53,199 1467288 DEBUG ? odoo.modules.registry: Invalidating templates model caches from write /home/pablo/odoo/odoo/addons/base/models/ir_ui_view.py:550 
2026-03-30 10:40:53,200 1467288 DEBUG ? odoo.modules.registry: Invalidating templates model caches from write /home/pablo/odoo/odoo/addons/base/models/ir_ui_view.py:550 
2026-03-30 10:40:53,213 1467288 DEBUG ? odoo.modules.registry: Invalidating templates model caches from write /home/pablo/odoo/odoo/addons/base/models/ir_ui_view.py:550 
2026-03-30 10:40:53,215 1467288 DEBUG ? odoo.modules.registry: Invalidating templates model caches from write /home/pablo/odoo/odoo/addons/base/models/ir_ui_view.py:550 
2026-03-30 10:40:53,238 1467288 DEBUG ? odoo.tools.convert: while parsing /home/pablo/odoo/addons/helpdesk/helpdesk_mgmt/views/helpdesk_ticket_views.xml:439
Error while parsing or validating view:

Element '<xpath expr="//header/button[@name=&#39;action_cancel_case&#39;]">' cannot be located in parent view

View error context:
{'file': '/home/pablo/odoo/addons/helpdesk/helpdesk_mgmt/views/helpdesk_ticket_views.xml',
 'line': 1,
 'name': 'helpdesk.ticket.form.resolution.ot',
 'view': ir.ui.view(1565,),
 'view.model': 'helpdesk.ticket',
 'view.parent': ir.ui.view(1552,),
 'xmlid': 'view_helpdesk_ticket_form_resolution'}
 
Traceback (most recent call last):
  File "/home/pablo/odoo/odoo/tools/convert.py", line 590, in _tag_root
    f(rec)
    ~^^^^^
  File "/home/pablo/odoo/odoo/tools/convert.py", line 444, in _tag_record
    record = model._load_records([data], self.mode == 'update')
  File "/home/pablo/odoo/odoo/models.py", line 5508, in _load_records
    data['record']._load_records_write(data['values'])
    ~~~~~~~~~~~~~~~~~~~~~~~~~~~~~~~~~~^^^^^^^^^^^^^^^^
  File "/home/pablo/odoo/odoo/addons/base/models/ir_ui_view.py", line 2311, in _load_records_write
    super(View, self)._load_records_write(values)
    ~~~~~~~~~~~~~~~~~~~~~~~~~~~~~~~~~~~~~^^^^^^^^
  File "/home/pablo/odoo/odoo/models.py", line 5426, in _load_records_write
    self.write(values)
    ~~~~~~~~~~^^^^^^^^
  File "/home/pablo/odoo/odoo/addons/base/models/ir_ui_view.py", line 554, in write
    res = super(View, self).write(self._compute_defaults(vals))
  File "/home/pablo/odoo/odoo/models.py", line 4845, in write
    fields[0].determine_inverse(real_recs)
    ~~~~~~~~~~~~~~~~~~~~~~~~~~~^^^^^^^^^^^
  File "/home/pablo/odoo/odoo/fields.py", line 1502, in determine_inverse
    determine(self.inverse, records)
    ~~~~~~~~~^^^^^^^^^^^^^^^^^^^^^^^
  File "/home/pablo/odoo/odoo/fields.py", line 110, in determine
    return needle(*args)
  File "/home/pablo/odoo/odoo/addons/base/models/ir_ui_view.py", line 262, in _inverse_arch
    view.write(data)
    ~~~~~~~~~~^^^^^^
  File "/home/pablo/odoo/odoo/addons/base/models/ir_ui_view.py", line 554, in write
    res = super(View, self).write(self._compute_defaults(vals))
  File "/home/pablo/odoo/odoo/models.py", line 4835, in write
    real_recs._validate_fields(vals, inverse_fields)
    ~~~~~~~~~~~~~~~~~~~~~~~~~~^^^^^^^^^^^^^^^^^^^^^^
  File "/home/pablo/odoo/odoo/models.py", line 1636, in _validate_fields
    check(self)
    ~~~~~^^^^^^
  File "/home/pablo/odoo/odoo/addons/base/models/ir_ui_view.py", line 377, in _check_xml
    raise err from None
  File "/home/pablo/odoo/odoo/addons/base/models/ir_ui_view.py", line 367, in _check_xml
    combined_arch = view._get_combined_arch()
  File "/home/pablo/odoo/odoo/addons/base/models/ir_ui_view.py", line 962, in _get_combined_arch
    arch = root.with_prefetch(tree_views._prefetch_ids)._combine(hierarchy)
  File "/home/pablo/odoo/odoo/addons/base/models/ir_ui_view.py", line 920, in _combine
    combined_arch = view.apply_inheritance_specs(combined_arch, arch)
  File "/home/pablo/odoo/odoo/addons/base/models/ir_ui_view.py", line 857, in apply_inheritance_specs
    self._raise_view_error(str(e), specs_tree)
    ~~~~~~~~~~~~~~~~~~~~~~^^^^^^^^^^^^^^^^^^^^
  File "/home/pablo/odoo/odoo/addons/base/models/ir_ui_view.py", line 734, in _raise_view_error
    raise err from from_exception
odoo.exceptions.ValidationError: Error while parsing or validating view:

Element '<xpath expr="//header/button[@name=&#39;action_cancel_case&#39;]">' cannot be located in parent view
2026-03-30 10:40:53,246 1467288 WARNING ? odoo.modules.loading: Transient module states were reset 
2026-03-30 10:40:53,247 1467288 ERROR ? odoo.modules.registry: Failed to load registry 
2026-03-30 10:40:53,247 1467288 ERROR ? odoo.http: Exception during request handling. 
Traceback (most recent call last):
  File "/home/pablo/odoo/odoo/http.py", line 2577, in __call__
    response = request._serve_db()
  File "/home/pablo/odoo/odoo/http.py", line 2081, in _serve_db
    self.registry, cr_readwrite = self._open_registry()
                                  ~~~~~~~~~~~~~~~~~~~^^
  File "/home/pablo/odoo/odoo/http.py", line 1690, in _open_registry
    registry = Registry(self.db)
  File "/home/pablo/odoo/odoo/modules/registry.py", line 108, in __new__
    return cls.new(db_name)
           ~~~~~~~^^^^^^^^^
  File "/home/pablo/odoo/.venv/lib/python3.13/site-packages/decorator.py", line 235, in fun
    return caller(func, *(extras + args), **kw)
  File "/home/pablo/odoo/odoo/tools/func.py", line 97, in locked
    return func(inst, *args, **kwargs)
  File "/home/pablo/odoo/odoo/modules/registry.py", line 129, in new
    odoo.modules.load_modules(registry, force_demo, status, update_module)
    ~~~~~~~~~~~~~~~~~~~~~~~~~^^^^^^^^^^^^^^^^^^^^^^^^^^^^^^^^^^^^^^^^^^^^^
  File "/home/pablo/odoo/odoo/modules/loading.py", line 485, in load_modules
    processed_modules += load_marked_modules(env, graph,
                         ~~~~~~~~~~~~~~~~~~~^^^^^^^^^^^^
        ['installed', 'to upgrade', 'to remove'],
        ^^^^^^^^^^^^^^^^^^^^^^^^^^^^^^^^^^^^^^^^^
        force, status, report, loaded_modules, update_module, models_to_check)
        ^^^^^^^^^^^^^^^^^^^^^^^^^^^^^^^^^^^^^^^^^^^^^^^^^^^^^^^^^^^^^^^^^^^^^^
  File "/home/pablo/odoo/odoo/modules/loading.py", line 365, in load_marked_modules
    loaded, processed = load_module_graph(
                        ~~~~~~~~~~~~~~~~~^
        env, graph, progressdict, report=report, skip_modules=loaded_modules,
        ^^^^^^^^^^^^^^^^^^^^^^^^^^^^^^^^^^^^^^^^^^^^^^^^^^^^^^^^^^^^^^^^^^^^^
        perform_checks=perform_checks, models_to_check=models_to_check
        ^^^^^^^^^^^^^^^^^^^^^^^^^^^^^^^^^^^^^^^^^^^^^^^^^^^^^^^^^^^^^^
    )
    ^
  File "/home/pablo/odoo/odoo/modules/loading.py", line 228, in load_module_graph
    load_data(env, idref, mode, kind='data', package=package)
    ~~~~~~~~~^^^^^^^^^^^^^^^^^^^^^^^^^^^^^^^^^^^^^^^^^^^^^^^^
  File "/home/pablo/odoo/odoo/modules/loading.py", line 72, in load_data
    tools.convert_file(env, package.name, filename, idref, mode, noupdate, kind)
    ~~~~~~~~~~~~~~~~~~^^^^^^^^^^^^^^^^^^^^^^^^^^^^^^^^^^^^^^^^^^^^^^^^^^^^^^^^^^
  File "/home/pablo/odoo/odoo/tools/convert.py", line 662, in convert_file
    convert_xml_import(env, module, fp, idref, mode, noupdate)
    ~~~~~~~~~~~~~~~~~~^^^^^^^^^^^^^^^^^^^^^^^^^^^^^^^^^^^^^^^^
  File "/home/pablo/odoo/odoo/tools/convert.py", line 733, in convert_xml_import
    obj.parse(doc.getroot())
    ~~~~~~~~~^^^^^^^^^^^^^^^
  File "/home/pablo/odoo/odoo/tools/convert.py", line 648, in parse
    self._tag_root(de)
    ~~~~~~~~~~~~~~^^^^
  File "/home/pablo/odoo/odoo/tools/convert.py", line 601, in _tag_root
    raise ParseError(msg) from None  # Restart with "--log-handler odoo.tools.convert:DEBUG" for complete traceback
    ^^^^^^^^^^^^^^^^^^^^^^^^^^^^^^^
odoo.tools.convert.ParseError: while parsing /home/pablo/odoo/addons/helpdesk/helpdesk_mgmt/views/helpdesk_ticket_views.xml:439
Error while parsing or validating view:

Element '<xpath expr="//header/button[@name=&#39;action_cancel_case&#39;]">' cannot be located in parent view

View error context:
{'file': '/home/pablo/odoo/addons/helpdesk/helpdesk_mgmt/views/helpdesk_ticket_views.xml',
 'line': 1,
 'name': 'helpdesk.ticket.form.resolution.ot',
 'view': ir.ui.view(1565,),
 'view.model': 'helpdesk.ticket',
 'view.parent': ir.ui.view(1552,),
 'xmlid': 'view_helpdesk_ticket_form_resolution'}

2026-03-30 10:40:53,252 1467288 INFO ? werkzeug: 127.0.0.1 - - [30/Mar/2026 10:40:53] "GET /.well-known/appspecific/com.chrome.devtools.json HTTP/1.1" 500 - 797 0.799 1.749
2026-03-30 10:40:53,266 1467288 DEBUG ? odoo.modules.registry: Multiprocess load registry signaling: [Registry: 26] [Cache default: 28] [Cache assets: 3] [Cache templates: 2] [Cache routing: 1] [Cache groups: 2] 
2026-03-30 10:40:53,274 1467288 INFO ? odoo.modules.loading: loading 1 modules... 
2026-03-30 10:40:53,274 1467288 DEBUG ? odoo.modules.loading: Loading module base (1/1) 
2026-03-30 10:40:53,281 1467288 DEBUG ? odoo.modules.loading: Module base loaded in 0.01s, 0 queries 
2026-03-30 10:40:53,281 1467288 INFO ? odoo.modules.loading: 1 modules loaded in 0.01s, 0 queries (+0 extra) 
2026-03-30 10:40:53,293 1467288 DEBUG ? odoo.modules.loading: Updating graph with 100 more modules 
2026-03-30 10:40:53,294 1467288 INFO ? odoo.modules.loading: loading 101 modules... 
2026-03-30 10:40:53,295 1467288 DEBUG ? odoo.modules.loading: Loading module l10n_us (2/101) 
2026-03-30 10:40:53,295 1467288 DEBUG ? odoo.modules.loading: Module l10n_us loaded in 0.00s, 0 queries 
2026-03-30 10:40:53,296 1467288 DEBUG ? odoo.modules.loading: Loading module social_media (3/101) 
2026-03-30 10:40:53,296 1467288 DEBUG ? odoo.modules.loading: Module social_media loaded in 0.00s, 0 queries 
2026-03-30 10:40:53,296 1467288 DEBUG ? odoo.modules.loading: Loading module uom (4/101) 
2026-03-30 10:40:53,297 1467288 DEBUG ? odoo.modules.loading: Module uom loaded in 0.00s, 0 queries 
2026-03-30 10:40:53,297 1467288 DEBUG ? odoo.modules.loading: Loading module web (5/101) 
2026-03-30 10:40:53,299 1467288 DEBUG ? odoo.modules.loading: Module web loaded in 0.00s, 0 queries 
2026-03-30 10:40:53,299 1467288 DEBUG ? odoo.modules.loading: Loading module auth_totp (6/101) 
2026-03-30 10:40:53,299 1467288 DEBUG ? odoo.modules.loading: Module auth_totp loaded in 0.00s, 0 queries 
2026-03-30 10:40:53,300 1467288 DEBUG ? odoo.modules.loading: Loading module barcodes (7/101) 
2026-03-30 10:40:53,300 1467288 DEBUG ? odoo.modules.loading: Module barcodes loaded in 0.00s, 0 queries 
2026-03-30 10:40:53,301 1467288 DEBUG ? odoo.modules.loading: Loading module base_import (8/101) 
2026-03-30 10:40:53,303 1467288 DEBUG ? odoo.modules.loading: Module base_import loaded in 0.00s, 0 queries 
2026-03-30 10:40:53,303 1467288 DEBUG ? odoo.modules.loading: Loading module base_import_module (9/101) 
2026-03-30 10:40:53,303 1467288 DEBUG ? odoo.modules.loading: Module base_import_module loaded in 0.00s, 0 queries 
2026-03-30 10:40:53,304 1467288 DEBUG ? odoo.modules.loading: Loading module base_setup (10/101) 
2026-03-30 10:40:53,304 1467288 DEBUG ? odoo.modules.loading: Module base_setup loaded in 0.00s, 0 queries 
2026-03-30 10:40:53,304 1467288 DEBUG ? odoo.modules.loading: Loading module bus (11/101) 
2026-03-30 10:40:53,305 1467288 DEBUG ? odoo.modules.loading: Module bus loaded in 0.00s, 0 queries 
2026-03-30 10:40:53,305 1467288 DEBUG ? odoo.modules.loading: Loading module http_routing (12/101) 
2026-03-30 10:40:53,305 1467288 DEBUG ? odoo.modules.loading: Module http_routing loaded in 0.00s, 0 queries 
2026-03-30 10:40:53,305 1467288 DEBUG ? odoo.modules.loading: Loading module onboarding (13/101) 
2026-03-30 10:40:53,306 1467288 DEBUG ? odoo.modules.loading: Module onboarding loaded in 0.00s, 0 queries 
2026-03-30 10:40:53,306 1467288 DEBUG ? odoo.modules.loading: Loading module resource (14/101) 
2026-03-30 10:40:53,306 1467288 DEBUG ? odoo.modules.loading: Module resource loaded in 0.00s, 0 queries 
2026-03-30 10:40:53,306 1467288 DEBUG ? odoo.modules.loading: Loading module utm (15/101) 
2026-03-30 10:40:53,307 1467288 DEBUG ? odoo.modules.loading: Module utm loaded in 0.00s, 0 queries 
2026-03-30 10:40:53,307 1467288 DEBUG ? odoo.modules.loading: Loading module web_hierarchy (16/101) 
2026-03-30 10:40:53,312 1467288 DEBUG ? odoo.modules.loading: Module web_hierarchy loaded in 0.00s, 0 queries 
2026-03-30 10:40:53,312 1467288 DEBUG ? odoo.modules.loading: Loading module web_tour (17/101) 
2026-03-30 10:40:53,313 1467288 DEBUG ? odoo.modules.loading: Module web_tour loaded in 0.00s, 0 queries 
2026-03-30 10:40:53,313 1467288 DEBUG ? odoo.modules.loading: Loading module barcodes_gs1_nomenclature (18/101) 
2026-03-30 10:40:53,313 1467288 DEBUG ? odoo.modules.loading: Module barcodes_gs1_nomenclature loaded in 0.00s, 0 queries 
2026-03-30 10:40:53,314 1467288 DEBUG ? odoo.modules.loading: Loading module html_editor (19/101) 
2026-03-30 10:40:53,314 1467288 DEBUG ? odoo.modules.loading: Module html_editor loaded in 0.00s, 0 queries 
2026-03-30 10:40:53,314 1467288 DEBUG ? odoo.modules.loading: Loading module iap (20/101) 
2026-03-30 10:40:53,314 1467288 DEBUG ? odoo.modules.loading: Module iap loaded in 0.00s, 0 queries 
2026-03-30 10:40:53,314 1467288 DEBUG ? odoo.modules.loading: Loading module mail (21/101) 
2026-03-30 10:40:53,322 1467288 DEBUG ? odoo.modules.loading: Module mail loaded in 0.01s, 0 queries 
2026-03-30 10:40:53,322 1467288 DEBUG ? odoo.modules.loading: Loading module web_editor (22/101) 
2026-03-30 10:40:53,327 1467288 DEBUG ? odoo.modules.loading: Module web_editor loaded in 0.01s, 0 queries 
2026-03-30 10:40:53,328 1467288 DEBUG ? odoo.modules.loading: Loading module analytic (23/101) 
2026-03-30 10:40:53,328 1467288 DEBUG ? odoo.modules.loading: Module analytic loaded in 0.00s, 0 queries 
2026-03-30 10:40:53,328 1467288 DEBUG ? odoo.modules.loading: Loading module auth_signup (24/101) 
2026-03-30 10:40:53,329 1467288 DEBUG ? odoo.modules.loading: Module auth_signup loaded in 0.00s, 0 queries 
2026-03-30 10:40:53,329 1467288 DEBUG ? odoo.modules.loading: Loading module auth_totp_mail (25/101) 
2026-03-30 10:40:53,329 1467288 DEBUG ? odoo.modules.loading: Module auth_totp_mail loaded in 0.00s, 0 queries 
2026-03-30 10:40:53,329 1467288 DEBUG ? odoo.modules.loading: Loading module base_install_request (26/101) 
2026-03-30 10:40:53,330 1467288 DEBUG ? odoo.modules.loading: Module base_install_request loaded in 0.00s, 0 queries 
2026-03-30 10:40:53,330 1467288 DEBUG ? odoo.modules.loading: Loading module calendar (27/101) 
2026-03-30 10:40:53,331 1467288 DEBUG ? odoo.modules.loading: Module calendar loaded in 0.00s, 0 queries 
2026-03-30 10:40:53,331 1467288 DEBUG ? odoo.modules.loading: Loading module contacts (28/101) 
2026-03-30 10:40:53,332 1467288 DEBUG ? odoo.modules.loading: Module contacts loaded in 0.00s, 0 queries 
2026-03-30 10:40:53,332 1467288 DEBUG ? odoo.modules.loading: Loading module gamification (29/101) 
2026-03-30 10:40:53,333 1467288 DEBUG ? odoo.modules.loading: Module gamification loaded in 0.00s, 0 queries 
2026-03-30 10:40:53,333 1467288 DEBUG ? odoo.modules.loading: Loading module iap_mail (30/101) 
2026-03-30 10:40:53,333 1467288 DEBUG ? odoo.modules.loading: Module iap_mail loaded in 0.00s, 0 queries 
2026-03-30 10:40:53,333 1467288 DEBUG ? odoo.modules.loading: Loading module link_tracker (31/101) 
2026-03-30 10:40:53,334 1467288 DEBUG ? odoo.modules.loading: Module link_tracker loaded in 0.00s, 0 queries 
2026-03-30 10:40:53,336 1467288 DEBUG ? odoo.modules.loading: Loading module mail_bot (32/101) 
2026-03-30 10:40:53,337 1467288 DEBUG ? odoo.modules.loading: Module mail_bot loaded in 0.00s, 0 queries 
2026-03-30 10:40:53,337 1467288 DEBUG ? odoo.modules.loading: Loading module microsoft_outlook (33/101) 
2026-03-30 10:40:53,338 1467288 DEBUG ? odoo.modules.loading: Module microsoft_outlook loaded in 0.00s, 0 queries 
2026-03-30 10:40:53,338 1467288 DEBUG ? odoo.modules.loading: Loading module phone_validation (34/101) 
2026-03-30 10:40:53,342 1467288 DEBUG ? odoo.modules.loading: Module phone_validation loaded in 0.00s, 0 queries 
2026-03-30 10:40:53,342 1467288 DEBUG ? odoo.modules.loading: Loading module privacy_lookup (35/101) 
2026-03-30 10:40:53,342 1467288 DEBUG ? odoo.modules.loading: Module privacy_lookup loaded in 0.00s, 0 queries 
2026-03-30 10:40:53,343 1467288 DEBUG ? odoo.modules.loading: Loading module product (36/101) 
2026-03-30 10:40:53,344 1467288 DEBUG ? odoo.modules.loading: Module product loaded in 0.00s, 0 queries 
2026-03-30 10:40:53,344 1467288 DEBUG ? odoo.modules.loading: Loading module rating (37/101) 
2026-03-30 10:40:53,345 1467288 DEBUG ? odoo.modules.loading: Module rating loaded in 0.00s, 0 queries 
2026-03-30 10:40:53,345 1467288 DEBUG ? odoo.modules.loading: Loading module resource_mail (38/101) 
2026-03-30 10:40:53,345 1467288 DEBUG ? odoo.modules.loading: Module resource_mail loaded in 0.00s, 0 queries 
2026-03-30 10:40:53,345 1467288 DEBUG ? odoo.modules.loading: Loading module sales_team (39/101) 
2026-03-30 10:40:53,346 1467288 DEBUG ? odoo.modules.loading: Module sales_team loaded in 0.00s, 0 queries 
2026-03-30 10:40:53,346 1467288 DEBUG ? odoo.modules.loading: Loading module web_unsplash (40/101) 
2026-03-30 10:40:53,346 1467288 DEBUG ? odoo.modules.loading: Module web_unsplash loaded in 0.00s, 0 queries 
2026-03-30 10:40:53,346 1467288 DEBUG ? odoo.modules.loading: Loading module partner_autocomplete (41/101) 
2026-03-30 10:40:53,347 1467288 DEBUG ? odoo.modules.loading: Module partner_autocomplete loaded in 0.00s, 0 queries 
2026-03-30 10:40:53,347 1467288 DEBUG ? odoo.modules.loading: Loading module portal (42/101) 
2026-03-30 10:40:53,348 1467288 DEBUG ? odoo.modules.loading: Module portal loaded in 0.00s, 0 queries 
2026-03-30 10:40:53,348 1467288 DEBUG ? odoo.modules.loading: Loading module sms (43/101) 
2026-03-30 10:40:53,354 1467288 DEBUG ? odoo.modules.loading: Module sms loaded in 0.01s, 0 queries 
2026-03-30 10:40:53,355 1467288 DEBUG ? odoo.modules.loading: Loading module snailmail (44/101) 
2026-03-30 10:40:53,356 1467288 DEBUG ? odoo.modules.loading: Module snailmail loaded in 0.00s, 0 queries 
2026-03-30 10:40:53,356 1467288 DEBUG ? odoo.modules.loading: Loading module survey (45/101) 
2026-03-30 10:40:53,357 1467288 DEBUG ? odoo.modules.loading: Module survey loaded in 0.00s, 0 queries 
2026-03-30 10:40:53,357 1467288 DEBUG ? odoo.modules.loading: Loading module auth_totp_portal (46/101) 
2026-03-30 10:40:53,358 1467288 DEBUG ? odoo.modules.loading: Module auth_totp_portal loaded in 0.00s, 0 queries 
2026-03-30 10:40:53,358 1467288 DEBUG ? odoo.modules.loading: Loading module calendar_sms (47/101) 
2026-03-30 10:40:53,358 1467288 DEBUG ? odoo.modules.loading: Module calendar_sms loaded in 0.00s, 0 queries 
2026-03-30 10:40:53,359 1467288 DEBUG ? odoo.modules.loading: Loading module digest (48/101) 
2026-03-30 10:40:53,359 1467288 DEBUG ? odoo.modules.loading: Module digest loaded in 0.00s, 0 queries 
2026-03-30 10:40:53,359 1467288 DEBUG ? odoo.modules.loading: Loading module payment (49/101) 
2026-03-30 10:40:53,360 1467288 DEBUG ? odoo.modules.loading: Module payment loaded in 0.00s, 0 queries 
2026-03-30 10:40:53,360 1467288 DEBUG ? odoo.modules.loading: Loading module portal_rating (50/101) 
2026-03-30 10:40:53,361 1467288 DEBUG ? odoo.modules.loading: Module portal_rating loaded in 0.00s, 0 queries 
2026-03-30 10:40:53,361 1467288 DEBUG ? odoo.modules.loading: Loading module spreadsheet (51/101) 
2026-03-30 10:40:53,361 1467288 DEBUG ? odoo.modules.loading: Module spreadsheet loaded in 0.00s, 0 queries 
2026-03-30 10:40:53,361 1467288 DEBUG ? odoo.modules.loading: Loading module account (52/101) 
2026-03-30 10:40:53,365 1467288 DEBUG ? odoo.modules.loading: Module account loaded in 0.00s, 0 queries 
2026-03-30 10:40:53,365 1467288 DEBUG ? odoo.modules.loading: Loading module crm (53/101) 
2026-03-30 10:40:53,368 1467288 DEBUG ? odoo.modules.loading: Module crm loaded in 0.00s, 0 queries 
2026-03-30 10:40:53,369 1467288 DEBUG ? odoo.modules.loading: Loading module hr (54/101) 
2026-03-30 10:40:53,377 1467288 DEBUG ? odoo.modules.loading: Module hr loaded in 0.01s, 0 queries 
2026-03-30 10:40:53,377 1467288 DEBUG ? odoo.modules.loading: Loading module mass_mailing (55/101) 
2026-03-30 10:40:53,379 1467288 DEBUG ? odoo.modules.loading: Module mass_mailing loaded in 0.00s, 0 queries 
2026-03-30 10:40:53,379 1467288 DEBUG ? odoo.modules.loading: Loading module project (56/101) 
2026-03-30 10:40:53,380 1467288 DEBUG ? odoo.modules.loading: Module project loaded in 0.00s, 0 queries 
2026-03-30 10:40:53,381 1467288 DEBUG ? odoo.modules.loading: Loading module spreadsheet_dashboard (57/101) 
2026-03-30 10:40:53,381 1467288 DEBUG ? odoo.modules.loading: Module spreadsheet_dashboard loaded in 0.00s, 0 queries 
2026-03-30 10:40:53,381 1467288 DEBUG ? odoo.modules.loading: Loading module stock (58/101) 
2026-03-30 10:40:53,384 1467288 DEBUG ? odoo.modules.loading: Module stock loaded in 0.00s, 0 queries 
2026-03-30 10:40:53,384 1467288 DEBUG ? odoo.modules.loading: Loading module account_add_gln (59/101) 
2026-03-30 10:40:53,385 1467288 DEBUG ? odoo.modules.loading: Module account_add_gln loaded in 0.00s, 0 queries 
2026-03-30 10:40:53,385 1467288 DEBUG ? odoo.modules.loading: Loading module account_edi_ubl_cii (60/101) 
2026-03-30 10:40:53,386 1467288 DEBUG ? odoo.modules.loading: Module account_edi_ubl_cii loaded in 0.00s, 0 queries 
2026-03-30 10:40:53,386 1467288 DEBUG ? odoo.modules.loading: Loading module account_payment (61/101) 
2026-03-30 10:40:53,387 1467288 DEBUG ? odoo.modules.loading: Module account_payment loaded in 0.00s, 0 queries 
2026-03-30 10:40:53,387 1467288 DEBUG ? odoo.modules.loading: Loading module base_iban (62/101) 
2026-03-30 10:40:53,387 1467288 DEBUG ? odoo.modules.loading: Module base_iban loaded in 0.00s, 0 queries 
2026-03-30 10:40:53,387 1467288 DEBUG ? odoo.modules.loading: Loading module base_vat (63/101) 
2026-03-30 10:40:53,388 1467288 DEBUG ? odoo.modules.loading: Module base_vat loaded in 0.00s, 0 queries 
2026-03-30 10:40:53,388 1467288 DEBUG ? odoo.modules.loading: Loading module board (64/101) 
2026-03-30 10:40:53,388 1467288 DEBUG ? odoo.modules.loading: Module board loaded in 0.00s, 0 queries 
2026-03-30 10:40:53,389 1467288 DEBUG ? odoo.modules.loading: Loading module crm_sms (65/101) 
2026-03-30 10:40:53,389 1467288 DEBUG ? odoo.modules.loading: Module crm_sms loaded in 0.00s, 0 queries 
2026-03-30 10:40:53,389 1467288 DEBUG ? odoo.modules.loading: Loading module hr_calendar (66/101) 
2026-03-30 10:40:53,389 1467288 DEBUG ? odoo.modules.loading: Module hr_calendar loaded in 0.00s, 0 queries 
2026-03-30 10:40:53,390 1467288 DEBUG ? odoo.modules.loading: Loading module hr_gamification (67/101) 
2026-03-30 10:40:53,390 1467288 DEBUG ? odoo.modules.loading: Module hr_gamification loaded in 0.00s, 0 queries 
2026-03-30 10:40:53,390 1467288 DEBUG ? odoo.modules.loading: Loading module hr_org_chart (68/101) 
2026-03-30 10:40:53,391 1467288 DEBUG ? odoo.modules.loading: Module hr_org_chart loaded in 0.00s, 0 queries 
2026-03-30 10:40:53,391 1467288 DEBUG ? odoo.modules.loading: Loading module hr_skills (69/101) 
2026-03-30 10:40:53,392 1467288 DEBUG ? odoo.modules.loading: Module hr_skills loaded in 0.00s, 0 queries 
2026-03-30 10:40:53,392 1467288 DEBUG ? odoo.modules.loading: Loading module iap_crm (70/101) 
2026-03-30 10:40:53,394 1467288 DEBUG ? odoo.modules.loading: Module iap_crm loaded in 0.00s, 0 queries 
2026-03-30 10:40:53,396 1467288 DEBUG ? odoo.modules.loading: Loading module l10n_us_account (71/101) 
2026-03-30 10:40:53,396 1467288 DEBUG ? odoo.modules.loading: Module l10n_us_account loaded in 0.00s, 0 queries 
2026-03-30 10:40:53,397 1467288 DEBUG ? odoo.modules.loading: Loading module mail_bot_hr (72/101) 
2026-03-30 10:40:53,397 1467288 DEBUG ? odoo.modules.loading: Module mail_bot_hr loaded in 0.00s, 0 queries 
2026-03-30 10:40:53,397 1467288 DEBUG ? odoo.modules.loading: Loading module mass_mailing_crm (73/101) 
2026-03-30 10:40:53,397 1467288 DEBUG ? odoo.modules.loading: Module mass_mailing_crm loaded in 0.00s, 0 queries 
2026-03-30 10:40:53,397 1467288 DEBUG ? odoo.modules.loading: Loading module mass_mailing_themes (74/101) 
2026-03-30 10:40:53,398 1467288 DEBUG ? odoo.modules.loading: Module mass_mailing_themes loaded in 0.00s, 0 queries 
2026-03-30 10:40:53,398 1467288 DEBUG ? odoo.modules.loading: Loading module project_account (75/101) 
2026-03-30 10:40:53,398 1467288 DEBUG ? odoo.modules.loading: Module project_account loaded in 0.00s, 0 queries 
2026-03-30 10:40:53,398 1467288 DEBUG ? odoo.modules.loading: Loading module project_sms (76/101) 
2026-03-30 10:40:53,398 1467288 DEBUG ? odoo.modules.loading: Module project_sms loaded in 0.00s, 0 queries 
2026-03-30 10:40:53,398 1467288 DEBUG ? odoo.modules.loading: Loading module project_stock (77/101) 
2026-03-30 10:40:53,399 1467288 DEBUG ? odoo.modules.loading: Module project_stock loaded in 0.00s, 0 queries 
2026-03-30 10:40:53,399 1467288 DEBUG ? odoo.modules.loading: Loading module project_todo (78/101) 
2026-03-30 10:40:53,399 1467288 DEBUG ? odoo.modules.loading: Module project_todo loaded in 0.00s, 0 queries 
2026-03-30 10:40:53,399 1467288 DEBUG ? odoo.modules.loading: Loading module purchase (79/101) 
2026-03-30 10:40:53,401 1467288 DEBUG ? odoo.modules.loading: Module purchase loaded in 0.00s, 0 queries 
2026-03-30 10:40:53,401 1467288 DEBUG ? odoo.modules.loading: Loading module snailmail_account (80/101) 
2026-03-30 10:40:53,402 1467288 DEBUG ? odoo.modules.loading: Module snailmail_account loaded in 0.00s, 0 queries 
2026-03-30 10:40:53,402 1467288 DEBUG ? odoo.modules.loading: Loading module spreadsheet_account (81/101) 
2026-03-30 10:40:53,402 1467288 DEBUG ? odoo.modules.loading: Module spreadsheet_account loaded in 0.00s, 0 queries 
2026-03-30 10:40:53,402 1467288 DEBUG ? odoo.modules.loading: Loading module spreadsheet_dashboard_account (82/101) 
2026-03-30 10:40:53,402 1467288 DEBUG ? odoo.modules.loading: Module spreadsheet_dashboard_account loaded in 0.00s, 0 queries 
2026-03-30 10:40:53,402 1467288 DEBUG ? odoo.modules.loading: Loading module stock_account (83/101) 
2026-03-30 10:40:53,403 1467288 DEBUG ? odoo.modules.loading: Module stock_account loaded in 0.00s, 0 queries 
2026-03-30 10:40:53,404 1467288 DEBUG ? odoo.modules.loading: Loading module stock_sms (84/101) 
2026-03-30 10:40:53,404 1467288 DEBUG ? odoo.modules.loading: Module stock_sms loaded in 0.00s, 0 queries 
2026-03-30 10:40:53,404 1467288 DEBUG ? odoo.modules.loading: Loading module account_qr_code_sepa (85/101) 
2026-03-30 10:40:53,404 1467288 DEBUG ? odoo.modules.loading: Module account_qr_code_sepa loaded in 0.00s, 0 queries 
2026-03-30 10:40:53,404 1467288 DEBUG ? odoo.modules.loading: Loading module crm_iap_enrich (86/101) 
2026-03-30 10:40:53,405 1467288 DEBUG ? odoo.modules.loading: Module crm_iap_enrich loaded in 0.00s, 0 queries 
2026-03-30 10:40:53,405 1467288 DEBUG ? odoo.modules.loading: Loading module crm_iap_mine (87/101) 
2026-03-30 10:40:53,405 1467288 DEBUG ? odoo.modules.loading: Module crm_iap_mine loaded in 0.00s, 0 queries 
2026-03-30 10:40:53,405 1467288 INFO ? odoo.modules.loading: Loading module helpdesk_mgmt (88/101) 
2026-03-30 10:40:53,980 1467288 INFO ? odoo.modules.registry: module helpdesk_mgmt: creating or updating database tables 
2026-03-30 10:40:54,193 1467288 DEBUG ? odoo.models: Table 'res_company': setting default value of new column fiscalyear_last_day to 31 
2026-03-30 10:40:54,194 1467288 DEBUG ? odoo.models: Table 'res_company': setting default value of new column fiscalyear_last_month to '12' 
2026-03-30 10:40:54,195 1467288 DEBUG ? odoo.models: Table 'res_company': setting default value of new column account_price_include to 'tax_excluded' 
2026-03-30 10:40:54,200 1467288 DEBUG ? odoo.models: Table 'res_company': setting default value of new column account_opening_date to '2026-01-01' 
2026-03-30 10:40:54,201 1467288 DEBUG ? odoo.models: Table 'res_company': setting default value of new column po_lead to 0.0 
2026-03-30 10:40:54,214 1467288 DEBUG ? odoo.models: Table 'res_config_settings': setting default value of new column company_id to 1 
2026-03-30 10:40:54,228 1467288 DEBUG ? odoo.models: Table 'res_partner': setting default value of new column autopost_bills to 'ask' 
2026-03-30 10:40:54,242 1467288 DEBUG ? odoo.models: Table 'res_users': setting default value of new column notification_type to 'email' 
2026-03-30 10:40:54,257 1467288 WARNING ? odoo.addons.base.models.ir_model: Two fields (case_number, number) of helpdesk.ticket() have the same label: Número de caso. [Modules: helpdesk_mgmt and helpdesk_mgmt] 
2026-03-30 10:40:54,257 1467288 WARNING ? odoo.addons.base.models.ir_model: Two fields (subject_id, subject) of helpdesk.ticket() have the same label: Asunto. [Modules: helpdesk_mgmt and helpdesk_mgmt] 
2026-03-30 10:40:54,257 1467288 WARNING ? odoo.addons.base.models.ir_model: Two fields (state_reason_id, state_reason) of helpdesk.ticket() have the same label: Razón para el estado. [Modules: helpdesk_mgmt and helpdesk_mgmt] 
2026-03-30 10:40:54,526 1467288 DEBUG ? odoo.schema: Table 'res_company': column 'fiscalyear_last_day': added constraint NOT NULL 
2026-03-30 10:40:54,528 1467288 DEBUG ? odoo.schema: Table 'res_company': column 'fiscalyear_last_month': added constraint NOT NULL 
2026-03-30 10:40:54,529 1467288 DEBUG ? odoo.schema: Table 'res_company': column 'account_price_include': added constraint NOT NULL 
2026-03-30 10:40:54,530 1467288 DEBUG ? odoo.schema: Table 'res_company': column 'account_opening_date': added constraint NOT NULL 
2026-03-30 10:40:54,546 1467288 DEBUG ? odoo.schema: Table 'res_company': column 'po_lead': added constraint NOT NULL 
2026-03-30 10:40:54,549 1467288 DEBUG ? odoo.schema: Table 'res_config_settings': column 'company_id': added constraint NOT NULL 
2026-03-30 10:40:54,553 1467288 DEBUG ? odoo.schema: Table 'res_partner': column 'autopost_bills': added constraint NOT NULL 
2026-03-30 10:40:54,562 1467288 DEBUG ? odoo.schema: Table 'res_users': column 'notification_type': added constraint NOT NULL 
2026-03-30 10:40:54,573 1467288 INFO ? odoo.schema: Keep unexpected index helpdesk_ticket__priority_index on table helpdesk_ticket 
2026-03-30 10:40:54,573 1467288 INFO ? odoo.schema: Keep unexpected index helpdesk_ticket__state_index on table helpdesk_ticket 
2026-03-30 10:40:54,573 1467288 INFO ? odoo.schema: Keep unexpected index helpdesk_ticket__subject_id_index on table helpdesk_ticket 
2026-03-30 10:40:54,584 1467288 INFO ? odoo.modules.loading: loading helpdesk_mgmt/data/helpdesk_data.xml 
2026-03-30 10:40:54,597 1467288 DEBUG ? odoo.modules.registry: Invalidating templates model caches from write /home/pablo/odoo/odoo/addons/base/models/ir_ui_view.py:550 
2026-03-30 10:40:54,600 1467288 DEBUG ? odoo.modules.registry: Invalidating templates model caches from write /home/pablo/odoo/odoo/addons/base/models/ir_ui_view.py:550 
2026-03-30 10:40:54,660 1467288 INFO ? odoo.modules.loading: loading helpdesk_mgmt/security/helpdesk_security.xml 
2026-03-30 10:40:54,667 1467288 DEBUG ? odoo.modules.registry: Invalidating default model caches from call_cache_clearing_methods /home/pablo/odoo/odoo/addons/base/models/ir_model.py:2183 
2026-03-30 10:40:54,708 1467288 DEBUG ? odoo.modules.registry: Invalidating groups model caches from write /home/pablo/odoo/odoo/addons/base/models/res_users.py:1539 
2026-03-30 10:40:54,709 1467288 DEBUG ? odoo.modules.registry: Invalidating default model caches from write /home/pablo/odoo/odoo/addons/base/models/res_users.py:1681 
2026-03-30 10:40:54,709 1467288 DEBUG ? odoo.modules.registry: Invalidating groups model caches from _update_xmlids /home/pablo/odoo/odoo/addons/base/models/ir_model.py:2414 
2026-03-30 10:40:54,713 1467288 DEBUG ? odoo.modules.registry: Invalidating default model caches from call_cache_clearing_methods /home/pablo/odoo/odoo/addons/base/models/ir_model.py:2183 
2026-03-30 10:40:54,744 1467288 DEBUG ? odoo.modules.registry: Invalidating groups model caches from write /home/pablo/odoo/odoo/addons/base/models/res_users.py:1539 
2026-03-30 10:40:54,744 1467288 DEBUG ? odoo.modules.registry: Invalidating default model caches from write /home/pablo/odoo/odoo/addons/base/models/res_users.py:1681 
2026-03-30 10:40:54,745 1467288 DEBUG ? odoo.modules.registry: Invalidating groups model caches from _update_xmlids /home/pablo/odoo/odoo/addons/base/models/ir_model.py:2414 
2026-03-30 10:40:54,759 1467288 DEBUG ? odoo.modules.registry: Invalidating default model caches from call_cache_clearing_methods /home/pablo/odoo/odoo/addons/base/models/ir_model.py:2183 
2026-03-30 10:40:54,840 1467288 DEBUG ? odoo.modules.registry: Invalidating groups model caches from write /home/pablo/odoo/odoo/addons/base/models/res_users.py:1539 
2026-03-30 10:40:54,840 1467288 DEBUG ? odoo.modules.registry: Invalidating default model caches from write /home/pablo/odoo/odoo/addons/base/models/res_users.py:1681 
2026-03-30 10:40:54,841 1467288 DEBUG ? odoo.modules.registry: Invalidating groups model caches from _update_xmlids /home/pablo/odoo/odoo/addons/base/models/ir_model.py:2414 
2026-03-30 10:40:54,846 1467288 DEBUG ? odoo.modules.registry: Invalidating default model caches from call_cache_clearing_methods /home/pablo/odoo/odoo/addons/base/models/ir_model.py:2183 
2026-03-30 10:40:54,931 1467288 DEBUG ? odoo.modules.registry: Invalidating groups model caches from write /home/pablo/odoo/odoo/addons/base/models/res_users.py:1539 
2026-03-30 10:40:54,931 1467288 DEBUG ? odoo.modules.registry: Invalidating default model caches from write /home/pablo/odoo/odoo/addons/base/models/res_users.py:1681 
2026-03-30 10:40:54,933 1467288 DEBUG ? odoo.modules.registry: Invalidating groups model caches from _update_xmlids /home/pablo/odoo/odoo/addons/base/models/ir_model.py:2414 
2026-03-30 10:40:54,963 1467288 INFO ? odoo.modules.loading: loading helpdesk_mgmt/security/ir.model.access.csv 
2026-03-30 10:40:55,077 1467288 DEBUG ? odoo.modules.registry: Invalidating default model caches from call_cache_clearing_methods /home/pablo/odoo/odoo/addons/base/models/ir_model.py:2183 
2026-03-30 10:40:55,079 1467288 DEBUG ? odoo.modules.registry: Invalidating default model caches from call_cache_clearing_methods /home/pablo/odoo/odoo/addons/base/models/ir_model.py:2183 
2026-03-30 10:40:55,080 1467288 DEBUG ? odoo.modules.registry: Invalidating default model caches from call_cache_clearing_methods /home/pablo/odoo/odoo/addons/base/models/ir_model.py:2183 
2026-03-30 10:40:55,082 1467288 DEBUG ? odoo.modules.registry: Invalidating default model caches from call_cache_clearing_methods /home/pablo/odoo/odoo/addons/base/models/ir_model.py:2183 
2026-03-30 10:40:55,083 1467288 DEBUG ? odoo.modules.registry: Invalidating default model caches from call_cache_clearing_methods /home/pablo/odoo/odoo/addons/base/models/ir_model.py:2183 
2026-03-30 10:40:55,084 1467288 DEBUG ? odoo.modules.registry: Invalidating default model caches from call_cache_clearing_methods /home/pablo/odoo/odoo/addons/base/models/ir_model.py:2183 
2026-03-30 10:40:55,093 1467288 DEBUG ? odoo.modules.registry: Invalidating default model caches from call_cache_clearing_methods /home/pablo/odoo/odoo/addons/base/models/ir_model.py:2183 
2026-03-30 10:40:55,094 1467288 DEBUG ? odoo.modules.registry: Invalidating default model caches from call_cache_clearing_methods /home/pablo/odoo/odoo/addons/base/models/ir_model.py:2183 
2026-03-30 10:40:55,095 1467288 DEBUG ? odoo.modules.registry: Invalidating default model caches from call_cache_clearing_methods /home/pablo/odoo/odoo/addons/base/models/ir_model.py:2183 
2026-03-30 10:40:55,097 1467288 DEBUG ? odoo.modules.registry: Invalidating default model caches from call_cache_clearing_methods /home/pablo/odoo/odoo/addons/base/models/ir_model.py:2183 
2026-03-30 10:40:55,098 1467288 DEBUG ? odoo.modules.registry: Invalidating default model caches from call_cache_clearing_methods /home/pablo/odoo/odoo/addons/base/models/ir_model.py:2183 
2026-03-30 10:40:55,099 1467288 DEBUG ? odoo.modules.registry: Invalidating default model caches from call_cache_clearing_methods /home/pablo/odoo/odoo/addons/base/models/ir_model.py:2183 
2026-03-30 10:40:55,101 1467288 DEBUG ? odoo.modules.registry: Invalidating default model caches from call_cache_clearing_methods /home/pablo/odoo/odoo/addons/base/models/ir_model.py:2183 
2026-03-30 10:40:55,110 1467288 DEBUG ? odoo.modules.registry: Invalidating default model caches from call_cache_clearing_methods /home/pablo/odoo/odoo/addons/base/models/ir_model.py:2183 
2026-03-30 10:40:55,111 1467288 DEBUG ? odoo.modules.registry: Invalidating default model caches from call_cache_clearing_methods /home/pablo/odoo/odoo/addons/base/models/ir_model.py:2183 
2026-03-30 10:40:55,112 1467288 DEBUG ? odoo.modules.registry: Invalidating default model caches from call_cache_clearing_methods /home/pablo/odoo/odoo/addons/base/models/ir_model.py:2183 
2026-03-30 10:40:55,113 1467288 DEBUG ? odoo.modules.registry: Invalidating default model caches from call_cache_clearing_methods /home/pablo/odoo/odoo/addons/base/models/ir_model.py:2183 
2026-03-30 10:40:55,114 1467288 DEBUG ? odoo.modules.registry: Invalidating default model caches from call_cache_clearing_methods /home/pablo/odoo/odoo/addons/base/models/ir_model.py:2183 
2026-03-30 10:40:55,115 1467288 DEBUG ? odoo.modules.registry: Invalidating default model caches from call_cache_clearing_methods /home/pablo/odoo/odoo/addons/base/models/ir_model.py:2183 
2026-03-30 10:40:55,125 1467288 DEBUG ? odoo.modules.registry: Invalidating default model caches from call_cache_clearing_methods /home/pablo/odoo/odoo/addons/base/models/ir_model.py:2183 
2026-03-30 10:40:55,126 1467288 DEBUG ? odoo.modules.registry: Invalidating default model caches from call_cache_clearing_methods /home/pablo/odoo/odoo/addons/base/models/ir_model.py:2183 
2026-03-30 10:40:55,128 1467288 DEBUG ? odoo.modules.registry: Invalidating default model caches from call_cache_clearing_methods /home/pablo/odoo/odoo/addons/base/models/ir_model.py:2183 
2026-03-30 10:40:55,129 1467288 DEBUG ? odoo.modules.registry: Invalidating default model caches from call_cache_clearing_methods /home/pablo/odoo/odoo/addons/base/models/ir_model.py:2183 
2026-03-30 10:40:55,131 1467288 DEBUG ? odoo.modules.registry: Invalidating default model caches from call_cache_clearing_methods /home/pablo/odoo/odoo/addons/base/models/ir_model.py:2183 
2026-03-30 10:40:55,132 1467288 DEBUG ? odoo.modules.registry: Invalidating default model caches from call_cache_clearing_methods /home/pablo/odoo/odoo/addons/base/models/ir_model.py:2183 
2026-03-30 10:40:55,133 1467288 DEBUG ? odoo.modules.registry: Invalidating default model caches from call_cache_clearing_methods /home/pablo/odoo/odoo/addons/base/models/ir_model.py:2183 
2026-03-30 10:40:55,137 1467288 DEBUG ? odoo.modules.registry: Invalidating default model caches from call_cache_clearing_methods /home/pablo/odoo/odoo/addons/base/models/ir_model.py:2183 
2026-03-30 10:40:55,138 1467288 DEBUG ? odoo.modules.registry: Invalidating default model caches from call_cache_clearing_methods /home/pablo/odoo/odoo/addons/base/models/ir_model.py:2183 
2026-03-30 10:40:55,140 1467288 DEBUG ? odoo.modules.registry: Invalidating default model caches from call_cache_clearing_methods /home/pablo/odoo/odoo/addons/base/models/ir_model.py:2183 
2026-03-30 10:40:55,142 1467288 DEBUG ? odoo.modules.registry: Invalidating default model caches from call_cache_clearing_methods /home/pablo/odoo/odoo/addons/base/models/ir_model.py:2183 
2026-03-30 10:40:55,143 1467288 DEBUG ? odoo.modules.registry: Invalidating default model caches from call_cache_clearing_methods /home/pablo/odoo/odoo/addons/base/models/ir_model.py:2183 
2026-03-30 10:40:55,144 1467288 DEBUG ? odoo.modules.registry: Invalidating default model caches from call_cache_clearing_methods /home/pablo/odoo/odoo/addons/base/models/ir_model.py:2183 
2026-03-30 10:40:55,146 1467288 DEBUG ? odoo.modules.registry: Invalidating default model caches from call_cache_clearing_methods /home/pablo/odoo/odoo/addons/base/models/ir_model.py:2183 
2026-03-30 10:40:55,147 1467288 DEBUG ? odoo.modules.registry: Invalidating default model caches from call_cache_clearing_methods /home/pablo/odoo/odoo/addons/base/models/ir_model.py:2183 
2026-03-30 10:40:55,149 1467288 DEBUG ? odoo.modules.registry: Invalidating default model caches from call_cache_clearing_methods /home/pablo/odoo/odoo/addons/base/models/ir_model.py:2183 
2026-03-30 10:40:55,150 1467288 DEBUG ? odoo.modules.registry: Invalidating default model caches from call_cache_clearing_methods /home/pablo/odoo/odoo/addons/base/models/ir_model.py:2183 
2026-03-30 10:40:55,152 1467288 DEBUG ? odoo.modules.registry: Invalidating default model caches from call_cache_clearing_methods /home/pablo/odoo/odoo/addons/base/models/ir_model.py:2183 
2026-03-30 10:40:55,164 1467288 INFO ? odoo.modules.loading: loading helpdesk_mgmt/views/res_partner_views.xml 
2026-03-30 10:40:55,172 1467288 DEBUG ? odoo.modules.registry: Invalidating templates model caches from write /home/pablo/odoo/odoo/addons/base/models/ir_ui_view.py:550 
2026-03-30 10:40:55,185 1467288 DEBUG ? odoo.modules.registry: Invalidating templates model caches from write /home/pablo/odoo/odoo/addons/base/models/ir_ui_view.py:550 
2026-03-30 10:40:55,257 1467288 INFO ? odoo.modules.loading: loading helpdesk_mgmt/views/res_config_settings_views.xml 
2026-03-30 10:40:55,266 1467288 DEBUG ? odoo.modules.registry: Invalidating templates model caches from write /home/pablo/odoo/odoo/addons/base/models/ir_ui_view.py:550 
2026-03-30 10:40:55,273 1467288 DEBUG ? odoo.modules.registry: Invalidating templates model caches from write /home/pablo/odoo/odoo/addons/base/models/ir_ui_view.py:550 
2026-03-30 10:40:55,347 1467288 DEBUG ? odoo.modules.registry: Invalidating default model caches from write /home/pablo/odoo/odoo/addons/base/models/ir_actions.py:114 
2026-03-30 10:40:55,348 1467288 INFO ? odoo.modules.loading: loading helpdesk_mgmt/views/helpdesk_ticket_templates.xml 
2026-03-30 10:40:55,357 1467288 DEBUG ? odoo.modules.registry: Invalidating templates model caches from write /home/pablo/odoo/odoo/addons/base/models/ir_ui_view.py:550 
2026-03-30 10:40:55,361 1467288 DEBUG ? odoo.modules.registry: Invalidating templates model caches from write /home/pablo/odoo/odoo/addons/base/models/ir_ui_view.py:550 
2026-03-30 10:40:55,374 1467288 DEBUG ? odoo.modules.registry: Invalidating templates model caches from write /home/pablo/odoo/odoo/addons/base/models/ir_ui_view.py:550 
2026-03-30 10:40:55,375 1467288 DEBUG ? odoo.modules.registry: Invalidating templates model caches from write /home/pablo/odoo/odoo/addons/base/models/ir_ui_view.py:550 
2026-03-30 10:40:55,383 1467288 DEBUG ? odoo.modules.registry: Invalidating templates model caches from write /home/pablo/odoo/odoo/addons/base/models/ir_ui_view.py:550 
2026-03-30 10:40:55,386 1467288 DEBUG ? odoo.modules.registry: Invalidating templates model caches from write /home/pablo/odoo/odoo/addons/base/models/ir_ui_view.py:550 
2026-03-30 10:40:55,399 1467288 DEBUG ? odoo.modules.registry: Invalidating templates model caches from write /home/pablo/odoo/odoo/addons/base/models/ir_ui_view.py:550 
2026-03-30 10:40:55,403 1467288 DEBUG ? odoo.modules.registry: Invalidating templates model caches from write /home/pablo/odoo/odoo/addons/base/models/ir_ui_view.py:550 
2026-03-30 10:40:55,418 1467288 DEBUG ? odoo.modules.registry: Invalidating templates model caches from write /home/pablo/odoo/odoo/addons/base/models/ir_ui_view.py:550 
2026-03-30 10:40:55,422 1467288 DEBUG ? odoo.modules.registry: Invalidating templates model caches from write /home/pablo/odoo/odoo/addons/base/models/ir_ui_view.py:550 
2026-03-30 10:40:55,432 1467288 DEBUG ? odoo.modules.registry: Invalidating templates model caches from write /home/pablo/odoo/odoo/addons/base/models/ir_ui_view.py:550 
2026-03-30 10:40:55,433 1467288 DEBUG ? odoo.modules.registry: Invalidating templates model caches from write /home/pablo/odoo/odoo/addons/base/models/ir_ui_view.py:550 
2026-03-30 10:40:55,441 1467288 DEBUG ? odoo.modules.registry: Invalidating templates model caches from write /home/pablo/odoo/odoo/addons/base/models/ir_ui_view.py:550 
2026-03-30 10:40:55,443 1467288 DEBUG ? odoo.modules.registry: Invalidating templates model caches from write /home/pablo/odoo/odoo/addons/base/models/ir_ui_view.py:550 
2026-03-30 10:40:55,452 1467288 DEBUG ? odoo.modules.registry: Invalidating templates model caches from write /home/pablo/odoo/odoo/addons/base/models/ir_ui_view.py:550 
2026-03-30 10:40:55,455 1467288 DEBUG ? odoo.modules.registry: Invalidating templates model caches from write /home/pablo/odoo/odoo/addons/base/models/ir_ui_view.py:550 
2026-03-30 10:40:55,477 1467288 DEBUG ? odoo.modules.registry: Invalidating templates model caches from write /home/pablo/odoo/odoo/addons/base/models/ir_ui_view.py:550 
2026-03-30 10:40:55,478 1467288 DEBUG ? odoo.modules.registry: Invalidating templates model caches from write /home/pablo/odoo/odoo/addons/base/models/ir_ui_view.py:550 
2026-03-30 10:40:55,482 1467288 INFO ? odoo.modules.loading: loading helpdesk_mgmt/views/helpdesk_ticket_time_line_views.xml 
2026-03-30 10:40:55,487 1467288 DEBUG ? odoo.modules.registry: Invalidating templates model caches from write /home/pablo/odoo/odoo/addons/base/models/ir_ui_view.py:550 
2026-03-30 10:40:55,488 1467288 DEBUG ? odoo.modules.registry: Invalidating templates model caches from write /home/pablo/odoo/odoo/addons/base/models/ir_ui_view.py:550 
2026-03-30 10:40:55,495 1467288 INFO ? odoo.modules.loading: loading helpdesk_mgmt/views/helpdesk_ticket_views.xml 
2026-03-30 10:40:55,501 1467288 DEBUG ? odoo.modules.registry: Invalidating default model caches from write /home/pablo/odoo/odoo/addons/base/models/ir_actions.py:114 
2026-03-30 10:40:55,504 1467288 DEBUG ? odoo.modules.registry: Invalidating default model caches from write /home/pablo/odoo/odoo/addons/base/models/ir_actions.py:114 
2026-03-30 10:40:55,508 1467288 DEBUG ? odoo.modules.registry: Invalidating templates model caches from write /home/pablo/odoo/odoo/addons/base/models/ir_ui_view.py:550 
2026-03-30 10:40:55,509 1467288 DEBUG ? odoo.modules.registry: Invalidating templates model caches from write /home/pablo/odoo/odoo/addons/base/models/ir_ui_view.py:550 
2026-03-30 10:40:55,525 1467288 DEBUG ? odoo.modules.registry: Invalidating templates model caches from write /home/pablo/odoo/odoo/addons/base/models/ir_ui_view.py:550 
2026-03-30 10:40:55,527 1467288 DEBUG ? odoo.modules.registry: Invalidating templates model caches from write /home/pablo/odoo/odoo/addons/base/models/ir_ui_view.py:550 
2026-03-30 10:40:55,534 1467288 DEBUG ? odoo.modules.registry: Invalidating templates model caches from write /home/pablo/odoo/odoo/addons/base/models/ir_ui_view.py:550 
2026-03-30 10:40:55,535 1467288 DEBUG ? odoo.modules.registry: Invalidating templates model caches from write /home/pablo/odoo/odoo/addons/base/models/ir_ui_view.py:550 
2026-03-30 10:40:55,547 1467288 DEBUG ? odoo.modules.registry: Invalidating templates model caches from write /home/pablo/odoo/odoo/addons/base/models/ir_ui_view.py:550 
2026-03-30 10:40:55,548 1467288 DEBUG ? odoo.modules.registry: Invalidating templates model caches from write /home/pablo/odoo/odoo/addons/base/models/ir_ui_view.py:550 
2026-03-30 10:40:55,560 1467288 DEBUG ? odoo.modules.registry: Invalidating templates model caches from write /home/pablo/odoo/odoo/addons/base/models/ir_ui_view.py:550 
2026-03-30 10:40:55,563 1467288 DEBUG ? odoo.modules.registry: Invalidating templates model caches from write /home/pablo/odoo/odoo/addons/base/models/ir_ui_view.py:550 
2026-03-30 10:40:55,571 1467288 DEBUG ? odoo.modules.registry: Invalidating templates model caches from write /home/pablo/odoo/odoo/addons/base/models/ir_ui_view.py:550 
2026-03-30 10:40:55,575 1467288 DEBUG ? odoo.modules.registry: Invalidating templates model caches from write /home/pablo/odoo/odoo/addons/base/models/ir_ui_view.py:550 
2026-03-30 10:40:55,585 1467288 DEBUG ? odoo.modules.registry: Invalidating templates model caches from write /home/pablo/odoo/odoo/addons/base/models/ir_ui_view.py:550 
2026-03-30 10:40:55,587 1467288 DEBUG ? odoo.modules.registry: Invalidating templates model caches from write /home/pablo/odoo/odoo/addons/base/models/ir_ui_view.py:550 
2026-03-30 10:40:55,608 1467288 DEBUG ? odoo.modules.registry: Invalidating templates model caches from write /home/pablo/odoo/odoo/addons/base/models/ir_ui_view.py:550 
2026-03-30 10:40:55,613 1467288 DEBUG ? odoo.modules.registry: Invalidating templates model caches from write /home/pablo/odoo/odoo/addons/base/models/ir_ui_view.py:550 
2026-03-30 10:40:55,623 1467288 DEBUG ? odoo.modules.registry: Invalidating templates model caches from write /home/pablo/odoo/odoo/addons/base/models/ir_ui_view.py:550 
2026-03-30 10:40:55,624 1467288 DEBUG ? odoo.modules.registry: Invalidating templates model caches from write /home/pablo/odoo/odoo/addons/base/models/ir_ui_view.py:550 
2026-03-30 10:40:55,650 1467288 DEBUG ? odoo.tools.convert: while parsing /home/pablo/odoo/addons/helpdesk/helpdesk_mgmt/views/helpdesk_ticket_views.xml:439
Error while parsing or validating view:

Element '<xpath expr="//header/button[@name=&#39;action_cancel_case&#39;]">' cannot be located in parent view

View error context:
{'file': '/home/pablo/odoo/addons/helpdesk/helpdesk_mgmt/views/helpdesk_ticket_views.xml',
 'line': 1,
 'name': 'helpdesk.ticket.form.resolution.ot',
 'view': ir.ui.view(1565,),
 'view.model': 'helpdesk.ticket',
 'view.parent': ir.ui.view(1552,),
 'xmlid': 'view_helpdesk_ticket_form_resolution'}
 
Traceback (most recent call last):
  File "/home/pablo/odoo/odoo/tools/convert.py", line 590, in _tag_root
    f(rec)
    ~^^^^^
  File "/home/pablo/odoo/odoo/tools/convert.py", line 444, in _tag_record
    record = model._load_records([data], self.mode == 'update')
  File "/home/pablo/odoo/odoo/models.py", line 5508, in _load_records
    data['record']._load_records_write(data['values'])
    ~~~~~~~~~~~~~~~~~~~~~~~~~~~~~~~~~~^^^^^^^^^^^^^^^^
  File "/home/pablo/odoo/odoo/addons/base/models/ir_ui_view.py", line 2311, in _load_records_write
    super(View, self)._load_records_write(values)
    ~~~~~~~~~~~~~~~~~~~~~~~~~~~~~~~~~~~~~^^^^^^^^
  File "/home/pablo/odoo/odoo/models.py", line 5426, in _load_records_write
    self.write(values)
    ~~~~~~~~~~^^^^^^^^
  File "/home/pablo/odoo/odoo/addons/base/models/ir_ui_view.py", line 554, in write
    res = super(View, self).write(self._compute_defaults(vals))
  File "/home/pablo/odoo/odoo/models.py", line 4845, in write
    fields[0].determine_inverse(real_recs)
    ~~~~~~~~~~~~~~~~~~~~~~~~~~~^^^^^^^^^^^
  File "/home/pablo/odoo/odoo/fields.py", line 1502, in determine_inverse
    determine(self.inverse, records)
    ~~~~~~~~~^^^^^^^^^^^^^^^^^^^^^^^
  File "/home/pablo/odoo/odoo/fields.py", line 110, in determine
    return needle(*args)
  File "/home/pablo/odoo/odoo/addons/base/models/ir_ui_view.py", line 262, in _inverse_arch
    view.write(data)
    ~~~~~~~~~~^^^^^^
  File "/home/pablo/odoo/odoo/addons/base/models/ir_ui_view.py", line 554, in write
    res = super(View, self).write(self._compute_defaults(vals))
  File "/home/pablo/odoo/odoo/models.py", line 4835, in write
    real_recs._validate_fields(vals, inverse_fields)
    ~~~~~~~~~~~~~~~~~~~~~~~~~~^^^^^^^^^^^^^^^^^^^^^^
  File "/home/pablo/odoo/odoo/models.py", line 1636, in _validate_fields
    check(self)
    ~~~~~^^^^^^
  File "/home/pablo/odoo/odoo/addons/base/models/ir_ui_view.py", line 377, in _check_xml
    raise err from None
  File "/home/pablo/odoo/odoo/addons/base/models/ir_ui_view.py", line 367, in _check_xml
    combined_arch = view._get_combined_arch()
  File "/home/pablo/odoo/odoo/addons/base/models/ir_ui_view.py", line 962, in _get_combined_arch
    arch = root.with_prefetch(tree_views._prefetch_ids)._combine(hierarchy)
  File "/home/pablo/odoo/odoo/addons/base/models/ir_ui_view.py", line 920, in _combine
    combined_arch = view.apply_inheritance_specs(combined_arch, arch)
  File "/home/pablo/odoo/odoo/addons/base/models/ir_ui_view.py", line 857, in apply_inheritance_specs
    self._raise_view_error(str(e), specs_tree)
    ~~~~~~~~~~~~~~~~~~~~~~^^^^^^^^^^^^^^^^^^^^
  File "/home/pablo/odoo/odoo/addons/base/models/ir_ui_view.py", line 734, in _raise_view_error
    raise err from from_exception
odoo.exceptions.ValidationError: Error while parsing or validating view:

Element '<xpath expr="//header/button[@name=&#39;action_cancel_case&#39;]">' cannot be located in parent view
2026-03-30 10:40:55,662 1467288 WARNING ? odoo.modules.loading: Transient module states were reset 
2026-03-30 10:40:55,662 1467288 ERROR ? odoo.modules.registry: Failed to load registry 
2026-03-30 10:40:55,662 1467288 ERROR ? odoo.http: Exception during request handling. 
Traceback (most recent call last):
  File "/home/pablo/odoo/odoo/http.py", line 2577, in __call__
    response = request._serve_db()
  File "/home/pablo/odoo/odoo/http.py", line 2081, in _serve_db
    self.registry, cr_readwrite = self._open_registry()
                                  ~~~~~~~~~~~~~~~~~~~^^
  File "/home/pablo/odoo/odoo/http.py", line 1690, in _open_registry
    registry = Registry(self.db)
  File "/home/pablo/odoo/odoo/modules/registry.py", line 108, in __new__
    return cls.new(db_name)
           ~~~~~~~^^^^^^^^^
  File "/home/pablo/odoo/.venv/lib/python3.13/site-packages/decorator.py", line 235, in fun
    return caller(func, *(extras + args), **kw)
  File "/home/pablo/odoo/odoo/tools/func.py", line 97, in locked
    return func(inst, *args, **kwargs)
  File "/home/pablo/odoo/odoo/modules/registry.py", line 129, in new
    odoo.modules.load_modules(registry, force_demo, status, update_module)
    ~~~~~~~~~~~~~~~~~~~~~~~~~^^^^^^^^^^^^^^^^^^^^^^^^^^^^^^^^^^^^^^^^^^^^^
  File "/home/pablo/odoo/odoo/modules/loading.py", line 485, in load_modules
    processed_modules += load_marked_modules(env, graph,
                         ~~~~~~~~~~~~~~~~~~~^^^^^^^^^^^^
        ['installed', 'to upgrade', 'to remove'],
        ^^^^^^^^^^^^^^^^^^^^^^^^^^^^^^^^^^^^^^^^^
        force, status, report, loaded_modules, update_module, models_to_check)
        ^^^^^^^^^^^^^^^^^^^^^^^^^^^^^^^^^^^^^^^^^^^^^^^^^^^^^^^^^^^^^^^^^^^^^^
  File "/home/pablo/odoo/odoo/modules/loading.py", line 365, in load_marked_modules
    loaded, processed = load_module_graph(
                        ~~~~~~~~~~~~~~~~~^
        env, graph, progressdict, report=report, skip_modules=loaded_modules,
        ^^^^^^^^^^^^^^^^^^^^^^^^^^^^^^^^^^^^^^^^^^^^^^^^^^^^^^^^^^^^^^^^^^^^^
        perform_checks=perform_checks, models_to_check=models_to_check
        ^^^^^^^^^^^^^^^^^^^^^^^^^^^^^^^^^^^^^^^^^^^^^^^^^^^^^^^^^^^^^^
    )
    ^
  File "/home/pablo/odoo/odoo/modules/loading.py", line 228, in load_module_graph
    load_data(env, idref, mode, kind='data', package=package)
    ~~~~~~~~~^^^^^^^^^^^^^^^^^^^^^^^^^^^^^^^^^^^^^^^^^^^^^^^^
  File "/home/pablo/odoo/odoo/modules/loading.py", line 72, in load_data
    tools.convert_file(env, package.name, filename, idref, mode, noupdate, kind)
    ~~~~~~~~~~~~~~~~~~^^^^^^^^^^^^^^^^^^^^^^^^^^^^^^^^^^^^^^^^^^^^^^^^^^^^^^^^^^
  File "/home/pablo/odoo/odoo/tools/convert.py", line 662, in convert_file
    convert_xml_import(env, module, fp, idref, mode, noupdate)
    ~~~~~~~~~~~~~~~~~~^^^^^^^^^^^^^^^^^^^^^^^^^^^^^^^^^^^^^^^^
  File "/home/pablo/odoo/odoo/tools/convert.py", line 733, in convert_xml_import
    obj.parse(doc.getroot())
    ~~~~~~~~~^^^^^^^^^^^^^^^
  File "/home/pablo/odoo/odoo/tools/convert.py", line 648, in parse
    self._tag_root(de)
    ~~~~~~~~~~~~~~^^^^
  File "/home/pablo/odoo/odoo/tools/convert.py", line 601, in _tag_root
    raise ParseError(msg) from None  # Restart with "--log-handler odoo.tools.convert:DEBUG" for complete traceback
    ^^^^^^^^^^^^^^^^^^^^^^^^^^^^^^^
odoo.tools.convert.ParseError: while parsing /home/pablo/odoo/addons/helpdesk/helpdesk_mgmt/views/helpdesk_ticket_views.xml:439
Error while parsing or validating view:

Element '<xpath expr="//header/button[@name=&#39;action_cancel_case&#39;]">' cannot be located in parent view

View error context:
{'file': '/home/pablo/odoo/addons/helpdesk/helpdesk_mgmt/views/helpdesk_ticket_views.xml',
 'line': 1,
 'name': 'helpdesk.ticket.form.resolution.ot',
 'view': ir.ui.view(1565,),
 'view.model': 'helpdesk.ticket',
 'view.parent': ir.ui.view(1552,),
 'xmlid': 'view_helpdesk_ticket_form_resolution'}

2026-03-30 10:40:55,666 1467288 INFO ? werkzeug: 127.0.0.1 - - [30/Mar/2026 10:40:55] "GET /favicon.ico HTTP/1.1" 500 - 797 0.907 4.053
2026-03-30 10:40:55,669 1467288 DEBUG ? odoo.modules.registry: Multiprocess load registry signaling: [Registry: 26] [Cache default: 28] [Cache assets: 3] [Cache templates: 2] [Cache routing: 1] [Cache groups: 2] 
2026-03-30 10:40:55,674 1467288 INFO ? odoo.modules.loading: loading 1 modules... 
2026-03-30 10:40:55,675 1467288 DEBUG ? odoo.modules.loading: Loading module base (1/1) 
2026-03-30 10:40:55,692 1467288 DEBUG ? odoo.modules.loading: Module base loaded in 0.02s, 0 queries 
2026-03-30 10:40:55,692 1467288 INFO ? odoo.modules.loading: 1 modules loaded in 0.02s, 0 queries (+0 extra) 
2026-03-30 10:40:55,711 1467288 DEBUG ? odoo.modules.loading: Updating graph with 100 more modules 
2026-03-30 10:40:55,712 1467288 INFO ? odoo.modules.loading: loading 101 modules... 
2026-03-30 10:40:55,712 1467288 DEBUG ? odoo.modules.loading: Loading module l10n_us (2/101) 
2026-03-30 10:40:55,712 1467288 DEBUG ? odoo.modules.loading: Module l10n_us loaded in 0.00s, 0 queries 
2026-03-30 10:40:55,712 1467288 DEBUG ? odoo.modules.loading: Loading module social_media (3/101) 
2026-03-30 10:40:55,713 1467288 DEBUG ? odoo.modules.loading: Module social_media loaded in 0.00s, 0 queries 
2026-03-30 10:40:55,713 1467288 DEBUG ? odoo.modules.loading: Loading module uom (4/101) 
2026-03-30 10:40:55,713 1467288 DEBUG ? odoo.modules.loading: Module uom loaded in 0.00s, 0 queries 
2026-03-30 10:40:55,713 1467288 DEBUG ? odoo.modules.loading: Loading module web (5/101) 
2026-03-30 10:40:55,715 1467288 DEBUG ? odoo.modules.loading: Module web loaded in 0.00s, 0 queries 
2026-03-30 10:40:55,715 1467288 DEBUG ? odoo.modules.loading: Loading module auth_totp (6/101) 
2026-03-30 10:40:55,716 1467288 DEBUG ? odoo.modules.loading: Module auth_totp loaded in 0.00s, 0 queries 
2026-03-30 10:40:55,726 1467288 DEBUG ? odoo.modules.loading: Loading module barcodes (7/101) 
2026-03-30 10:40:55,727 1467288 DEBUG ? odoo.modules.loading: Module barcodes loaded in 0.00s, 0 queries 
2026-03-30 10:40:55,727 1467288 DEBUG ? odoo.modules.loading: Loading module base_import (8/101) 
2026-03-30 10:40:55,729 1467288 DEBUG ? odoo.modules.loading: Module base_import loaded in 0.00s, 0 queries 
2026-03-30 10:40:55,729 1467288 DEBUG ? odoo.modules.loading: Loading module base_import_module (9/101) 
2026-03-30 10:40:55,730 1467288 DEBUG ? odoo.modules.loading: Module base_import_module loaded in 0.00s, 0 queries 
2026-03-30 10:40:55,730 1467288 DEBUG ? odoo.modules.loading: Loading module base_setup (10/101) 
2026-03-30 10:40:55,730 1467288 DEBUG ? odoo.modules.loading: Module base_setup loaded in 0.00s, 0 queries 
2026-03-30 10:40:55,731 1467288 DEBUG ? odoo.modules.loading: Loading module bus (11/101) 
2026-03-30 10:40:55,731 1467288 DEBUG ? odoo.modules.loading: Module bus loaded in 0.00s, 0 queries 
2026-03-30 10:40:55,732 1467288 DEBUG ? odoo.modules.loading: Loading module http_routing (12/101) 
2026-03-30 10:40:55,732 1467288 DEBUG ? odoo.modules.loading: Module http_routing loaded in 0.00s, 0 queries 
2026-03-30 10:40:55,732 1467288 DEBUG ? odoo.modules.loading: Loading module onboarding (13/101) 
2026-03-30 10:40:55,733 1467288 DEBUG ? odoo.modules.loading: Module onboarding loaded in 0.00s, 0 queries 
2026-03-30 10:40:55,733 1467288 DEBUG ? odoo.modules.loading: Loading module resource (14/101) 
2026-03-30 10:40:55,742 1467288 DEBUG ? odoo.modules.loading: Module resource loaded in 0.01s, 0 queries 
2026-03-30 10:40:55,743 1467288 DEBUG ? odoo.modules.loading: Loading module utm (15/101) 
2026-03-30 10:40:55,743 1467288 DEBUG ? odoo.modules.loading: Module utm loaded in 0.00s, 0 queries 
2026-03-30 10:40:55,744 1467288 DEBUG ? odoo.modules.loading: Loading module web_hierarchy (16/101) 
2026-03-30 10:40:55,746 1467288 DEBUG ? odoo.modules.loading: Module web_hierarchy loaded in 0.00s, 0 queries 
2026-03-30 10:40:55,746 1467288 DEBUG ? odoo.modules.loading: Loading module web_tour (17/101) 
2026-03-30 10:40:55,747 1467288 DEBUG ? odoo.modules.loading: Module web_tour loaded in 0.00s, 0 queries 
2026-03-30 10:40:55,747 1467288 DEBUG ? odoo.modules.loading: Loading module barcodes_gs1_nomenclature (18/101) 
2026-03-30 10:40:55,747 1467288 DEBUG ? odoo.modules.loading: Module barcodes_gs1_nomenclature loaded in 0.00s, 0 queries 
2026-03-30 10:40:55,747 1467288 DEBUG ? odoo.modules.loading: Loading module html_editor (19/101) 
2026-03-30 10:40:55,748 1467288 DEBUG ? odoo.modules.loading: Module html_editor loaded in 0.00s, 0 queries 
2026-03-30 10:40:55,748 1467288 DEBUG ? odoo.modules.loading: Loading module iap (20/101) 
2026-03-30 10:40:55,748 1467288 DEBUG ? odoo.modules.loading: Module iap loaded in 0.00s, 0 queries 
2026-03-30 10:40:55,748 1467288 DEBUG ? odoo.modules.loading: Loading module mail (21/101) 
2026-03-30 10:40:55,756 1467288 DEBUG ? odoo.modules.loading: Module mail loaded in 0.01s, 0 queries 
2026-03-30 10:40:55,756 1467288 DEBUG ? odoo.modules.loading: Loading module web_editor (22/101) 
2026-03-30 10:40:55,765 1467288 DEBUG ? odoo.modules.loading: Module web_editor loaded in 0.01s, 0 queries 
2026-03-30 10:40:55,766 1467288 DEBUG ? odoo.modules.loading: Loading module analytic (23/101) 
2026-03-30 10:40:55,766 1467288 DEBUG ? odoo.modules.loading: Module analytic loaded in 0.00s, 0 queries 
2026-03-30 10:40:55,767 1467288 DEBUG ? odoo.modules.loading: Loading module auth_signup (24/101) 
2026-03-30 10:40:55,767 1467288 DEBUG ? odoo.modules.loading: Module auth_signup loaded in 0.00s, 0 queries 
2026-03-30 10:40:55,767 1467288 DEBUG ? odoo.modules.loading: Loading module auth_totp_mail (25/101) 
2026-03-30 10:40:55,767 1467288 DEBUG ? odoo.modules.loading: Module auth_totp_mail loaded in 0.00s, 0 queries 
2026-03-30 10:40:55,768 1467288 DEBUG ? odoo.modules.loading: Loading module base_install_request (26/101) 
2026-03-30 10:40:55,768 1467288 DEBUG ? odoo.modules.loading: Module base_install_request loaded in 0.00s, 0 queries 
2026-03-30 10:40:55,768 1467288 DEBUG ? odoo.modules.loading: Loading module calendar (27/101) 
2026-03-30 10:40:55,769 1467288 DEBUG ? odoo.modules.loading: Module calendar loaded in 0.00s, 0 queries 
2026-03-30 10:40:55,769 1467288 DEBUG ? odoo.modules.loading: Loading module contacts (28/101) 
2026-03-30 10:40:55,769 1467288 DEBUG ? odoo.modules.loading: Module contacts loaded in 0.00s, 0 queries 
2026-03-30 10:40:55,770 1467288 DEBUG ? odoo.modules.loading: Loading module gamification (29/101) 
2026-03-30 10:40:55,770 1467288 DEBUG ? odoo.modules.loading: Module gamification loaded in 0.00s, 0 queries 
2026-03-30 10:40:55,771 1467288 DEBUG ? odoo.modules.loading: Loading module iap_mail (30/101) 
2026-03-30 10:40:55,771 1467288 DEBUG ? odoo.modules.loading: Module iap_mail loaded in 0.00s, 0 queries 
2026-03-30 10:40:55,771 1467288 DEBUG ? odoo.modules.loading: Loading module link_tracker (31/101) 
2026-03-30 10:40:55,771 1467288 DEBUG ? odoo.modules.loading: Module link_tracker loaded in 0.00s, 0 queries 
2026-03-30 10:40:55,772 1467288 DEBUG ? odoo.modules.loading: Loading module mail_bot (32/101) 
2026-03-30 10:40:55,772 1467288 DEBUG ? odoo.modules.loading: Module mail_bot loaded in 0.00s, 0 queries 
2026-03-30 10:40:55,772 1467288 DEBUG ? odoo.modules.loading: Loading module microsoft_outlook (33/101) 
2026-03-30 10:40:55,772 1467288 DEBUG ? odoo.modules.loading: Module microsoft_outlook loaded in 0.00s, 0 queries 
2026-03-30 10:40:55,773 1467288 DEBUG ? odoo.modules.loading: Loading module phone_validation (34/101) 
2026-03-30 10:40:55,778 1467288 DEBUG ? odoo.modules.loading: Module phone_validation loaded in 0.01s, 0 queries 
2026-03-30 10:40:55,778 1467288 DEBUG ? odoo.modules.loading: Loading module privacy_lookup (35/101) 
2026-03-30 10:40:55,780 1467288 DEBUG ? odoo.modules.loading: Module privacy_lookup loaded in 0.00s, 0 queries 
2026-03-30 10:40:55,780 1467288 DEBUG ? odoo.modules.loading: Loading module product (36/101) 
2026-03-30 10:40:55,783 1467288 DEBUG ? odoo.modules.loading: Module product loaded in 0.00s, 0 queries 
2026-03-30 10:40:55,783 1467288 DEBUG ? odoo.modules.loading: Loading module rating (37/101) 
2026-03-30 10:40:55,784 1467288 DEBUG ? odoo.modules.loading: Module rating loaded in 0.00s, 0 queries 
2026-03-30 10:40:55,784 1467288 DEBUG ? odoo.modules.loading: Loading module resource_mail (38/101) 
2026-03-30 10:40:55,784 1467288 DEBUG ? odoo.modules.loading: Module resource_mail loaded in 0.00s, 0 queries 
2026-03-30 10:40:55,784 1467288 DEBUG ? odoo.modules.loading: Loading module sales_team (39/101) 
2026-03-30 10:40:55,785 1467288 DEBUG ? odoo.modules.loading: Module sales_team loaded in 0.00s, 0 queries 
2026-03-30 10:40:55,785 1467288 DEBUG ? odoo.modules.loading: Loading module web_unsplash (40/101) 
2026-03-30 10:40:55,786 1467288 DEBUG ? odoo.modules.loading: Module web_unsplash loaded in 0.00s, 0 queries 
2026-03-30 10:40:55,786 1467288 DEBUG ? odoo.modules.loading: Loading module partner_autocomplete (41/101) 
2026-03-30 10:40:55,786 1467288 DEBUG ? odoo.modules.loading: Module partner_autocomplete loaded in 0.00s, 0 queries 
2026-03-30 10:40:55,787 1467288 DEBUG ? odoo.modules.loading: Loading module portal (42/101) 
2026-03-30 10:40:55,788 1467288 DEBUG ? odoo.modules.loading: Module portal loaded in 0.00s, 0 queries 
2026-03-30 10:40:55,788 1467288 DEBUG ? odoo.modules.loading: Loading module sms (43/101) 
2026-03-30 10:40:55,793 1467288 DEBUG ? odoo.modules.loading: Module sms loaded in 0.01s, 0 queries 
2026-03-30 10:40:55,793 1467288 DEBUG ? odoo.modules.loading: Loading module snailmail (44/101) 
2026-03-30 10:40:55,794 1467288 DEBUG ? odoo.modules.loading: Module snailmail loaded in 0.00s, 0 queries 
2026-03-30 10:40:55,794 1467288 DEBUG ? odoo.modules.loading: Loading module survey (45/101) 
2026-03-30 10:40:55,795 1467288 DEBUG ? odoo.modules.loading: Module survey loaded in 0.00s, 0 queries 
2026-03-30 10:40:55,796 1467288 DEBUG ? odoo.modules.loading: Loading module auth_totp_portal (46/101) 
2026-03-30 10:40:55,796 1467288 DEBUG ? odoo.modules.loading: Module auth_totp_portal loaded in 0.00s, 0 queries 
2026-03-30 10:40:55,796 1467288 DEBUG ? odoo.modules.loading: Loading module calendar_sms (47/101) 
2026-03-30 10:40:55,796 1467288 DEBUG ? odoo.modules.loading: Module calendar_sms loaded in 0.00s, 0 queries 
2026-03-30 10:40:55,796 1467288 DEBUG ? odoo.modules.loading: Loading module digest (48/101) 
2026-03-30 10:40:55,797 1467288 DEBUG ? odoo.modules.loading: Module digest loaded in 0.00s, 0 queries 
2026-03-30 10:40:55,797 1467288 DEBUG ? odoo.modules.loading: Loading module payment (49/101) 
2026-03-30 10:40:55,798 1467288 DEBUG ? odoo.modules.loading: Module payment loaded in 0.00s, 0 queries 
2026-03-30 10:40:55,798 1467288 DEBUG ? odoo.modules.loading: Loading module portal_rating (50/101) 
2026-03-30 10:40:55,799 1467288 DEBUG ? odoo.modules.loading: Module portal_rating loaded in 0.00s, 0 queries 
2026-03-30 10:40:55,800 1467288 DEBUG ? odoo.modules.loading: Loading module spreadsheet (51/101) 
2026-03-30 10:40:55,800 1467288 DEBUG ? odoo.modules.loading: Module spreadsheet loaded in 0.00s, 0 queries 
2026-03-30 10:40:55,800 1467288 DEBUG ? odoo.modules.loading: Loading module account (52/101) 
2026-03-30 10:40:55,809 1467288 DEBUG ? odoo.modules.loading: Module account loaded in 0.01s, 0 queries 
2026-03-30 10:40:55,809 1467288 DEBUG ? odoo.modules.loading: Loading module crm (53/101) 
2026-03-30 10:40:55,811 1467288 DEBUG ? odoo.modules.loading: Module crm loaded in 0.00s, 0 queries 
2026-03-30 10:40:55,811 1467288 DEBUG ? odoo.modules.loading: Loading module hr (54/101) 
2026-03-30 10:40:55,821 1467288 DEBUG ? odoo.modules.loading: Module hr loaded in 0.01s, 0 queries 
2026-03-30 10:40:55,821 1467288 DEBUG ? odoo.modules.loading: Loading module mass_mailing (55/101) 
2026-03-30 10:40:55,825 1467288 DEBUG ? odoo.modules.loading: Module mass_mailing loaded in 0.00s, 0 queries 
2026-03-30 10:40:55,825 1467288 DEBUG ? odoo.modules.loading: Loading module project (56/101) 
2026-03-30 10:40:55,827 1467288 DEBUG ? odoo.modules.loading: Module project loaded in 0.00s, 0 queries 
2026-03-30 10:40:55,827 1467288 DEBUG ? odoo.modules.loading: Loading module spreadsheet_dashboard (57/101) 
2026-03-30 10:40:55,828 1467288 DEBUG ? odoo.modules.loading: Module spreadsheet_dashboard loaded in 0.00s, 0 queries 
2026-03-30 10:40:55,828 1467288 DEBUG ? odoo.modules.loading: Loading module stock (58/101) 
2026-03-30 10:40:55,833 1467288 DEBUG ? odoo.modules.loading: Module stock loaded in 0.01s, 0 queries 
2026-03-30 10:40:55,833 1467288 DEBUG ? odoo.modules.loading: Loading module account_add_gln (59/101) 
2026-03-30 10:40:55,833 1467288 DEBUG ? odoo.modules.loading: Module account_add_gln loaded in 0.00s, 0 queries 
2026-03-30 10:40:55,834 1467288 DEBUG ? odoo.modules.loading: Loading module account_edi_ubl_cii (60/101) 
2026-03-30 10:40:55,835 1467288 DEBUG ? odoo.modules.loading: Module account_edi_ubl_cii loaded in 0.00s, 0 queries 
2026-03-30 10:40:55,835 1467288 DEBUG ? odoo.modules.loading: Loading module account_payment (61/101) 
2026-03-30 10:40:55,836 1467288 DEBUG ? odoo.modules.loading: Module account_payment loaded in 0.00s, 0 queries 
2026-03-30 10:40:55,836 1467288 DEBUG ? odoo.modules.loading: Loading module base_iban (62/101) 
2026-03-30 10:40:55,836 1467288 DEBUG ? odoo.modules.loading: Module base_iban loaded in 0.00s, 0 queries 
2026-03-30 10:40:55,836 1467288 DEBUG ? odoo.modules.loading: Loading module base_vat (63/101) 
2026-03-30 10:40:55,838 1467288 DEBUG ? odoo.modules.loading: Module base_vat loaded in 0.00s, 0 queries 
2026-03-30 10:40:55,839 1467288 DEBUG ? odoo.modules.loading: Loading module board (64/101) 
2026-03-30 10:40:55,840 1467288 DEBUG ? odoo.modules.loading: Module board loaded in 0.00s, 0 queries 
2026-03-30 10:40:55,840 1467288 DEBUG ? odoo.modules.loading: Loading module crm_sms (65/101) 
2026-03-30 10:40:55,841 1467288 DEBUG ? odoo.modules.loading: Module crm_sms loaded in 0.00s, 0 queries 
2026-03-30 10:40:55,841 1467288 DEBUG ? odoo.modules.loading: Loading module hr_calendar (66/101) 
2026-03-30 10:40:55,842 1467288 DEBUG ? odoo.modules.loading: Module hr_calendar loaded in 0.00s, 0 queries 
2026-03-30 10:40:55,843 1467288 DEBUG ? odoo.modules.loading: Loading module hr_gamification (67/101) 
2026-03-30 10:40:55,843 1467288 DEBUG ? odoo.modules.loading: Module hr_gamification loaded in 0.00s, 0 queries 
2026-03-30 10:40:55,843 1467288 DEBUG ? odoo.modules.loading: Loading module hr_org_chart (68/101) 
2026-03-30 10:40:55,843 1467288 DEBUG ? odoo.modules.loading: Module hr_org_chart loaded in 0.00s, 0 queries 
2026-03-30 10:40:55,844 1467288 DEBUG ? odoo.modules.loading: Loading module hr_skills (69/101) 
2026-03-30 10:40:55,845 1467288 DEBUG ? odoo.modules.loading: Module hr_skills loaded in 0.00s, 0 queries 
2026-03-30 10:40:55,845 1467288 DEBUG ? odoo.modules.loading: Loading module iap_crm (70/101) 
2026-03-30 10:40:55,845 1467288 DEBUG ? odoo.modules.loading: Module iap_crm loaded in 0.00s, 0 queries 
2026-03-30 10:40:55,845 1467288 DEBUG ? odoo.modules.loading: Loading module l10n_us_account (71/101) 
2026-03-30 10:40:55,846 1467288 DEBUG ? odoo.modules.loading: Module l10n_us_account loaded in 0.00s, 0 queries 
2026-03-30 10:40:55,846 1467288 DEBUG ? odoo.modules.loading: Loading module mail_bot_hr (72/101) 
2026-03-30 10:40:55,846 1467288 DEBUG ? odoo.modules.loading: Module mail_bot_hr loaded in 0.00s, 0 queries 
2026-03-30 10:40:55,846 1467288 DEBUG ? odoo.modules.loading: Loading module mass_mailing_crm (73/101) 
2026-03-30 10:40:55,846 1467288 DEBUG ? odoo.modules.loading: Module mass_mailing_crm loaded in 0.00s, 0 queries 
2026-03-30 10:40:55,846 1467288 DEBUG ? odoo.modules.loading: Loading module mass_mailing_themes (74/101) 
2026-03-30 10:40:55,847 1467288 DEBUG ? odoo.modules.loading: Module mass_mailing_themes loaded in 0.00s, 0 queries 
2026-03-30 10:40:55,847 1467288 DEBUG ? odoo.modules.loading: Loading module project_account (75/101) 
2026-03-30 10:40:55,847 1467288 DEBUG ? odoo.modules.loading: Module project_account loaded in 0.00s, 0 queries 
2026-03-30 10:40:55,847 1467288 DEBUG ? odoo.modules.loading: Loading module project_sms (76/101) 
2026-03-30 10:40:55,847 1467288 DEBUG ? odoo.modules.loading: Module project_sms loaded in 0.00s, 0 queries 
2026-03-30 10:40:55,847 1467288 DEBUG ? odoo.modules.loading: Loading module project_stock (77/101) 
2026-03-30 10:40:55,848 1467288 DEBUG ? odoo.modules.loading: Module project_stock loaded in 0.00s, 0 queries 
2026-03-30 10:40:55,848 1467288 DEBUG ? odoo.modules.loading: Loading module project_todo (78/101) 
2026-03-30 10:40:55,848 1467288 DEBUG ? odoo.modules.loading: Module project_todo loaded in 0.00s, 0 queries 
2026-03-30 10:40:55,848 1467288 DEBUG ? odoo.modules.loading: Loading module purchase (79/101) 
2026-03-30 10:40:55,849 1467288 DEBUG ? odoo.modules.loading: Module purchase loaded in 0.00s, 0 queries 
2026-03-30 10:40:55,850 1467288 DEBUG ? odoo.modules.loading: Loading module snailmail_account (80/101) 
2026-03-30 10:40:55,850 1467288 DEBUG ? odoo.modules.loading: Module snailmail_account loaded in 0.00s, 0 queries 
2026-03-30 10:40:55,850 1467288 DEBUG ? odoo.modules.loading: Loading module spreadsheet_account (81/101) 
2026-03-30 10:40:55,850 1467288 DEBUG ? odoo.modules.loading: Module spreadsheet_account loaded in 0.00s, 0 queries 
2026-03-30 10:40:55,850 1467288 DEBUG ? odoo.modules.loading: Loading module spreadsheet_dashboard_account (82/101) 
2026-03-30 10:40:55,851 1467288 DEBUG ? odoo.modules.loading: Module spreadsheet_dashboard_account loaded in 0.00s, 0 queries 
2026-03-30 10:40:55,851 1467288 DEBUG ? odoo.modules.loading: Loading module stock_account (83/101) 
2026-03-30 10:40:55,852 1467288 DEBUG ? odoo.modules.loading: Module stock_account loaded in 0.00s, 0 queries 
2026-03-30 10:40:55,852 1467288 DEBUG ? odoo.modules.loading: Loading module stock_sms (84/101) 
2026-03-30 10:40:55,852 1467288 DEBUG ? odoo.modules.loading: Module stock_sms loaded in 0.00s, 0 queries 
2026-03-30 10:40:55,853 1467288 DEBUG ? odoo.modules.loading: Loading module account_qr_code_sepa (85/101) 
2026-03-30 10:40:55,853 1467288 DEBUG ? odoo.modules.loading: Module account_qr_code_sepa loaded in 0.00s, 0 queries 
2026-03-30 10:40:55,853 1467288 DEBUG ? odoo.modules.loading: Loading module crm_iap_enrich (86/101) 
2026-03-30 10:40:55,853 1467288 DEBUG ? odoo.modules.loading: Module crm_iap_enrich loaded in 0.00s, 0 queries 
2026-03-30 10:40:55,853 1467288 DEBUG ? odoo.modules.loading: Loading module crm_iap_mine (87/101) 
2026-03-30 10:40:55,854 1467288 DEBUG ? odoo.modules.loading: Module crm_iap_mine loaded in 0.00s, 0 queries 
2026-03-30 10:40:55,854 1467288 INFO ? odoo.modules.loading: Loading module helpdesk_mgmt (88/101) 
2026-03-30 10:40:56,425 1467288 INFO ? odoo.modules.registry: module helpdesk_mgmt: creating or updating database tables 
2026-03-30 10:40:56,644 1467288 DEBUG ? odoo.models: Table 'res_company': setting default value of new column fiscalyear_last_day to 31 
2026-03-30 10:40:56,654 1467288 DEBUG ? odoo.models: Table 'res_company': setting default value of new column fiscalyear_last_month to '12' 
2026-03-30 10:40:56,655 1467288 DEBUG ? odoo.models: Table 'res_company': setting default value of new column account_price_include to 'tax_excluded' 
2026-03-30 10:40:56,669 1467288 DEBUG ? odoo.models: Table 'res_company': setting default value of new column account_opening_date to '2026-01-01' 
2026-03-30 10:40:56,670 1467288 DEBUG ? odoo.models: Table 'res_company': setting default value of new column po_lead to 0.0 
2026-03-30 10:40:56,688 1467288 DEBUG ? odoo.models: Table 'res_config_settings': setting default value of new column company_id to 1 
2026-03-30 10:40:56,714 1467288 DEBUG ? odoo.models: Table 'res_partner': setting default value of new column autopost_bills to 'ask' 
2026-03-30 10:40:56,731 1467288 DEBUG ? odoo.models: Table 'res_users': setting default value of new column notification_type to 'email' 
2026-03-30 10:40:56,744 1467288 WARNING ? odoo.addons.base.models.ir_model: Two fields (case_number, number) of helpdesk.ticket() have the same label: Número de caso. [Modules: helpdesk_mgmt and helpdesk_mgmt] 
2026-03-30 10:40:56,744 1467288 WARNING ? odoo.addons.base.models.ir_model: Two fields (subject_id, subject) of helpdesk.ticket() have the same label: Asunto. [Modules: helpdesk_mgmt and helpdesk_mgmt] 
2026-03-30 10:40:56,745 1467288 WARNING ? odoo.addons.base.models.ir_model: Two fields (state_reason_id, state_reason) of helpdesk.ticket() have the same label: Razón para el estado. [Modules: helpdesk_mgmt and helpdesk_mgmt] 
2026-03-30 10:40:57,034 1467288 DEBUG ? odoo.schema: Table 'res_company': column 'fiscalyear_last_day': added constraint NOT NULL 
2026-03-30 10:40:57,037 1467288 DEBUG ? odoo.schema: Table 'res_company': column 'fiscalyear_last_month': added constraint NOT NULL 
2026-03-30 10:40:57,040 1467288 DEBUG ? odoo.schema: Table 'res_company': column 'account_price_include': added constraint NOT NULL 
2026-03-30 10:40:57,041 1467288 DEBUG ? odoo.schema: Table 'res_company': column 'account_opening_date': added constraint NOT NULL 
2026-03-30 10:40:57,044 1467288 DEBUG ? odoo.schema: Table 'res_company': column 'po_lead': added constraint NOT NULL 
2026-03-30 10:40:57,045 1467288 DEBUG ? odoo.schema: Table 'res_config_settings': column 'company_id': added constraint NOT NULL 
2026-03-30 10:40:57,051 1467288 DEBUG ? odoo.schema: Table 'res_partner': column 'autopost_bills': added constraint NOT NULL 
2026-03-30 10:40:57,055 1467288 DEBUG ? odoo.schema: Table 'res_users': column 'notification_type': added constraint NOT NULL 
2026-03-30 10:40:57,061 1467288 INFO ? odoo.schema: Keep unexpected index helpdesk_ticket__priority_index on table helpdesk_ticket 
2026-03-30 10:40:57,061 1467288 INFO ? odoo.schema: Keep unexpected index helpdesk_ticket__state_index on table helpdesk_ticket 
2026-03-30 10:40:57,062 1467288 INFO ? odoo.schema: Keep unexpected index helpdesk_ticket__subject_id_index on table helpdesk_ticket 
2026-03-30 10:40:57,072 1467288 INFO ? odoo.modules.loading: loading helpdesk_mgmt/data/helpdesk_data.xml 
2026-03-30 10:40:57,080 1467288 DEBUG ? odoo.modules.registry: Invalidating templates model caches from write /home/pablo/odoo/odoo/addons/base/models/ir_ui_view.py:550 
2026-03-30 10:40:57,082 1467288 DEBUG ? odoo.modules.registry: Invalidating templates model caches from write /home/pablo/odoo/odoo/addons/base/models/ir_ui_view.py:550 
2026-03-30 10:40:57,143 1467288 INFO ? odoo.modules.loading: loading helpdesk_mgmt/security/helpdesk_security.xml 
2026-03-30 10:40:57,152 1467288 DEBUG ? odoo.modules.registry: Invalidating default model caches from call_cache_clearing_methods /home/pablo/odoo/odoo/addons/base/models/ir_model.py:2183 
2026-03-30 10:40:57,190 1467288 DEBUG ? odoo.modules.registry: Invalidating groups model caches from write /home/pablo/odoo/odoo/addons/base/models/res_users.py:1539 
2026-03-30 10:40:57,191 1467288 DEBUG ? odoo.modules.registry: Invalidating default model caches from write /home/pablo/odoo/odoo/addons/base/models/res_users.py:1681 
2026-03-30 10:40:57,192 1467288 DEBUG ? odoo.modules.registry: Invalidating groups model caches from _update_xmlids /home/pablo/odoo/odoo/addons/base/models/ir_model.py:2414 
2026-03-30 10:40:57,195 1467288 DEBUG ? odoo.modules.registry: Invalidating default model caches from call_cache_clearing_methods /home/pablo/odoo/odoo/addons/base/models/ir_model.py:2183 
2026-03-30 10:40:57,234 1467288 DEBUG ? odoo.modules.registry: Invalidating groups model caches from write /home/pablo/odoo/odoo/addons/base/models/res_users.py:1539 
2026-03-30 10:40:57,235 1467288 DEBUG ? odoo.modules.registry: Invalidating default model caches from write /home/pablo/odoo/odoo/addons/base/models/res_users.py:1681 
2026-03-30 10:40:57,235 1467288 DEBUG ? odoo.modules.registry: Invalidating groups model caches from _update_xmlids /home/pablo/odoo/odoo/addons/base/models/ir_model.py:2414 
2026-03-30 10:40:57,245 1467288 DEBUG ? odoo.modules.registry: Invalidating default model caches from call_cache_clearing_methods /home/pablo/odoo/odoo/addons/base/models/ir_model.py:2183 
2026-03-30 10:40:57,290 1467288 DEBUG ? odoo.modules.registry: Invalidating groups model caches from write /home/pablo/odoo/odoo/addons/base/models/res_users.py:1539 
2026-03-30 10:40:57,290 1467288 DEBUG ? odoo.modules.registry: Invalidating default model caches from write /home/pablo/odoo/odoo/addons/base/models/res_users.py:1681 
2026-03-30 10:40:57,291 1467288 DEBUG ? odoo.modules.registry: Invalidating groups model caches from _update_xmlids /home/pablo/odoo/odoo/addons/base/models/ir_model.py:2414 
2026-03-30 10:40:57,299 1467288 DEBUG ? odoo.modules.registry: Invalidating default model caches from call_cache_clearing_methods /home/pablo/odoo/odoo/addons/base/models/ir_model.py:2183 
2026-03-30 10:40:57,336 1467288 DEBUG ? odoo.modules.registry: Invalidating groups model caches from write /home/pablo/odoo/odoo/addons/base/models/res_users.py:1539 
2026-03-30 10:40:57,337 1467288 DEBUG ? odoo.modules.registry: Invalidating default model caches from write /home/pablo/odoo/odoo/addons/base/models/res_users.py:1681 
2026-03-30 10:40:57,339 1467288 DEBUG ? odoo.modules.registry: Invalidating groups model caches from _update_xmlids /home/pablo/odoo/odoo/addons/base/models/ir_model.py:2414 
2026-03-30 10:40:57,354 1467288 INFO ? odoo.modules.loading: loading helpdesk_mgmt/security/ir.model.access.csv 
2026-03-30 10:40:57,428 1467288 DEBUG ? odoo.modules.registry: Invalidating default model caches from call_cache_clearing_methods /home/pablo/odoo/odoo/addons/base/models/ir_model.py:2183 
2026-03-30 10:40:57,431 1467288 DEBUG ? odoo.modules.registry: Invalidating default model caches from call_cache_clearing_methods /home/pablo/odoo/odoo/addons/base/models/ir_model.py:2183 
2026-03-30 10:40:57,432 1467288 DEBUG ? odoo.modules.registry: Invalidating default model caches from call_cache_clearing_methods /home/pablo/odoo/odoo/addons/base/models/ir_model.py:2183 
2026-03-30 10:40:57,434 1467288 DEBUG ? odoo.modules.registry: Invalidating default model caches from call_cache_clearing_methods /home/pablo/odoo/odoo/addons/base/models/ir_model.py:2183 
2026-03-30 10:40:57,435 1467288 DEBUG ? odoo.modules.registry: Invalidating default model caches from call_cache_clearing_methods /home/pablo/odoo/odoo/addons/base/models/ir_model.py:2183 
2026-03-30 10:40:57,437 1467288 DEBUG ? odoo.modules.registry: Invalidating default model caches from call_cache_clearing_methods /home/pablo/odoo/odoo/addons/base/models/ir_model.py:2183 
2026-03-30 10:40:57,440 1467288 DEBUG ? odoo.modules.registry: Invalidating default model caches from call_cache_clearing_methods /home/pablo/odoo/odoo/addons/base/models/ir_model.py:2183 
2026-03-30 10:40:57,442 1467288 DEBUG ? odoo.modules.registry: Invalidating default model caches from call_cache_clearing_methods /home/pablo/odoo/odoo/addons/base/models/ir_model.py:2183 
2026-03-30 10:40:57,443 1467288 DEBUG ? odoo.modules.registry: Invalidating default model caches from call_cache_clearing_methods /home/pablo/odoo/odoo/addons/base/models/ir_model.py:2183 
2026-03-30 10:40:57,445 1467288 DEBUG ? odoo.modules.registry: Invalidating default model caches from call_cache_clearing_methods /home/pablo/odoo/odoo/addons/base/models/ir_model.py:2183 
2026-03-30 10:40:57,446 1467288 DEBUG ? odoo.modules.registry: Invalidating default model caches from call_cache_clearing_methods /home/pablo/odoo/odoo/addons/base/models/ir_model.py:2183 
2026-03-30 10:40:57,447 1467288 DEBUG ? odoo.modules.registry: Invalidating default model caches from call_cache_clearing_methods /home/pablo/odoo/odoo/addons/base/models/ir_model.py:2183 
2026-03-30 10:40:57,449 1467288 DEBUG ? odoo.modules.registry: Invalidating default model caches from call_cache_clearing_methods /home/pablo/odoo/odoo/addons/base/models/ir_model.py:2183 
2026-03-30 10:40:57,450 1467288 DEBUG ? odoo.modules.registry: Invalidating default model caches from call_cache_clearing_methods /home/pablo/odoo/odoo/addons/base/models/ir_model.py:2183 
2026-03-30 10:40:57,454 1467288 DEBUG ? odoo.modules.registry: Invalidating default model caches from call_cache_clearing_methods /home/pablo/odoo/odoo/addons/base/models/ir_model.py:2183 
2026-03-30 10:40:57,460 1467288 DEBUG ? odoo.modules.registry: Invalidating default model caches from call_cache_clearing_methods /home/pablo/odoo/odoo/addons/base/models/ir_model.py:2183 
2026-03-30 10:40:57,463 1467288 DEBUG ? odoo.modules.registry: Invalidating default model caches from call_cache_clearing_methods /home/pablo/odoo/odoo/addons/base/models/ir_model.py:2183 
2026-03-30 10:40:57,464 1467288 DEBUG ? odoo.modules.registry: Invalidating default model caches from call_cache_clearing_methods /home/pablo/odoo/odoo/addons/base/models/ir_model.py:2183 
2026-03-30 10:40:57,466 1467288 DEBUG ? odoo.modules.registry: Invalidating default model caches from call_cache_clearing_methods /home/pablo/odoo/odoo/addons/base/models/ir_model.py:2183 
2026-03-30 10:40:57,467 1467288 DEBUG ? odoo.modules.registry: Invalidating default model caches from call_cache_clearing_methods /home/pablo/odoo/odoo/addons/base/models/ir_model.py:2183 
2026-03-30 10:40:57,468 1467288 DEBUG ? odoo.modules.registry: Invalidating default model caches from call_cache_clearing_methods /home/pablo/odoo/odoo/addons/base/models/ir_model.py:2183 
2026-03-30 10:40:57,469 1467288 DEBUG ? odoo.modules.registry: Invalidating default model caches from call_cache_clearing_methods /home/pablo/odoo/odoo/addons/base/models/ir_model.py:2183 
2026-03-30 10:40:57,470 1467288 DEBUG ? odoo.modules.registry: Invalidating default model caches from call_cache_clearing_methods /home/pablo/odoo/odoo/addons/base/models/ir_model.py:2183 
2026-03-30 10:40:57,474 1467288 DEBUG ? odoo.modules.registry: Invalidating default model caches from call_cache_clearing_methods /home/pablo/odoo/odoo/addons/base/models/ir_model.py:2183 
2026-03-30 10:40:57,477 1467288 DEBUG ? odoo.modules.registry: Invalidating default model caches from call_cache_clearing_methods /home/pablo/odoo/odoo/addons/base/models/ir_model.py:2183 
2026-03-30 10:40:57,479 1467288 DEBUG ? odoo.modules.registry: Invalidating default model caches from call_cache_clearing_methods /home/pablo/odoo/odoo/addons/base/models/ir_model.py:2183 
2026-03-30 10:40:57,480 1467288 DEBUG ? odoo.modules.registry: Invalidating default model caches from call_cache_clearing_methods /home/pablo/odoo/odoo/addons/base/models/ir_model.py:2183 
2026-03-30 10:40:57,482 1467288 DEBUG ? odoo.modules.registry: Invalidating default model caches from call_cache_clearing_methods /home/pablo/odoo/odoo/addons/base/models/ir_model.py:2183 
2026-03-30 10:40:57,483 1467288 DEBUG ? odoo.modules.registry: Invalidating default model caches from call_cache_clearing_methods /home/pablo/odoo/odoo/addons/base/models/ir_model.py:2183 
2026-03-30 10:40:57,485 1467288 DEBUG ? odoo.modules.registry: Invalidating default model caches from call_cache_clearing_methods /home/pablo/odoo/odoo/addons/base/models/ir_model.py:2183 
2026-03-30 10:40:57,487 1467288 DEBUG ? odoo.modules.registry: Invalidating default model caches from call_cache_clearing_methods /home/pablo/odoo/odoo/addons/base/models/ir_model.py:2183 
2026-03-30 10:40:57,488 1467288 DEBUG ? odoo.modules.registry: Invalidating default model caches from call_cache_clearing_methods /home/pablo/odoo/odoo/addons/base/models/ir_model.py:2183 
2026-03-30 10:40:57,490 1467288 DEBUG ? odoo.modules.registry: Invalidating default model caches from call_cache_clearing_methods /home/pablo/odoo/odoo/addons/base/models/ir_model.py:2183 
2026-03-30 10:40:57,492 1467288 DEBUG ? odoo.modules.registry: Invalidating default model caches from call_cache_clearing_methods /home/pablo/odoo/odoo/addons/base/models/ir_model.py:2183 
2026-03-30 10:40:57,493 1467288 DEBUG ? odoo.modules.registry: Invalidating default model caches from call_cache_clearing_methods /home/pablo/odoo/odoo/addons/base/models/ir_model.py:2183 
2026-03-30 10:40:57,495 1467288 DEBUG ? odoo.modules.registry: Invalidating default model caches from call_cache_clearing_methods /home/pablo/odoo/odoo/addons/base/models/ir_model.py:2183 
2026-03-30 10:40:57,496 1467288 DEBUG ? odoo.modules.registry: Invalidating default model caches from call_cache_clearing_methods /home/pablo/odoo/odoo/addons/base/models/ir_model.py:2183 
2026-03-30 10:40:57,500 1467288 INFO ? odoo.modules.loading: loading helpdesk_mgmt/views/res_partner_views.xml 
2026-03-30 10:40:57,508 1467288 DEBUG ? odoo.modules.registry: Invalidating templates model caches from write /home/pablo/odoo/odoo/addons/base/models/ir_ui_view.py:550 
2026-03-30 10:40:57,512 1467288 DEBUG ? odoo.modules.registry: Invalidating templates model caches from write /home/pablo/odoo/odoo/addons/base/models/ir_ui_view.py:550 
2026-03-30 10:40:57,587 1467288 INFO ? odoo.modules.loading: loading helpdesk_mgmt/views/res_config_settings_views.xml 
2026-03-30 10:40:57,597 1467288 DEBUG ? odoo.modules.registry: Invalidating templates model caches from write /home/pablo/odoo/odoo/addons/base/models/ir_ui_view.py:550 
2026-03-30 10:40:57,600 1467288 DEBUG ? odoo.modules.registry: Invalidating templates model caches from write /home/pablo/odoo/odoo/addons/base/models/ir_ui_view.py:550 
2026-03-30 10:40:57,676 1467288 DEBUG ? odoo.modules.registry: Invalidating default model caches from write /home/pablo/odoo/odoo/addons/base/models/ir_actions.py:114 
2026-03-30 10:40:57,677 1467288 INFO ? odoo.modules.loading: loading helpdesk_mgmt/views/helpdesk_ticket_templates.xml 
2026-03-30 10:40:57,686 1467288 DEBUG ? odoo.modules.registry: Invalidating templates model caches from write /home/pablo/odoo/odoo/addons/base/models/ir_ui_view.py:550 
2026-03-30 10:40:57,693 1467288 DEBUG ? odoo.modules.registry: Invalidating templates model caches from write /home/pablo/odoo/odoo/addons/base/models/ir_ui_view.py:550 
2026-03-30 10:40:57,707 1467288 DEBUG ? odoo.modules.registry: Invalidating templates model caches from write /home/pablo/odoo/odoo/addons/base/models/ir_ui_view.py:550 
2026-03-30 10:40:57,710 1467288 DEBUG ? odoo.modules.registry: Invalidating templates model caches from write /home/pablo/odoo/odoo/addons/base/models/ir_ui_view.py:550 
2026-03-30 10:40:57,718 1467288 DEBUG ? odoo.modules.registry: Invalidating templates model caches from write /home/pablo/odoo/odoo/addons/base/models/ir_ui_view.py:550 
2026-03-30 10:40:57,722 1467288 DEBUG ? odoo.modules.registry: Invalidating templates model caches from write /home/pablo/odoo/odoo/addons/base/models/ir_ui_view.py:550 
2026-03-30 10:40:57,738 1467288 DEBUG ? odoo.modules.registry: Invalidating templates model caches from write /home/pablo/odoo/odoo/addons/base/models/ir_ui_view.py:550 
2026-03-30 10:40:57,743 1467288 DEBUG ? odoo.modules.registry: Invalidating templates model caches from write /home/pablo/odoo/odoo/addons/base/models/ir_ui_view.py:550 
2026-03-30 10:40:57,764 1467288 DEBUG ? odoo.modules.registry: Invalidating templates model caches from write /home/pablo/odoo/odoo/addons/base/models/ir_ui_view.py:550 
2026-03-30 10:40:57,768 1467288 DEBUG ? odoo.modules.registry: Invalidating templates model caches from write /home/pablo/odoo/odoo/addons/base/models/ir_ui_view.py:550 
2026-03-30 10:40:57,783 1467288 DEBUG ? odoo.modules.registry: Invalidating templates model caches from write /home/pablo/odoo/odoo/addons/base/models/ir_ui_view.py:550 
2026-03-30 10:40:57,784 1467288 DEBUG ? odoo.modules.registry: Invalidating templates model caches from write /home/pablo/odoo/odoo/addons/base/models/ir_ui_view.py:550 
2026-03-30 10:40:57,803 1467288 DEBUG ? odoo.modules.registry: Invalidating templates model caches from write /home/pablo/odoo/odoo/addons/base/models/ir_ui_view.py:550 
2026-03-30 10:40:57,804 1467288 DEBUG ? odoo.modules.registry: Invalidating templates model caches from write /home/pablo/odoo/odoo/addons/base/models/ir_ui_view.py:550 
2026-03-30 10:40:57,823 1467288 DEBUG ? odoo.modules.registry: Invalidating templates model caches from write /home/pablo/odoo/odoo/addons/base/models/ir_ui_view.py:550 
2026-03-30 10:40:57,826 1467288 DEBUG ? odoo.modules.registry: Invalidating templates model caches from write /home/pablo/odoo/odoo/addons/base/models/ir_ui_view.py:550 
2026-03-30 10:40:57,846 1467288 DEBUG ? odoo.modules.registry: Invalidating templates model caches from write /home/pablo/odoo/odoo/addons/base/models/ir_ui_view.py:550 
2026-03-30 10:40:57,848 1467288 DEBUG ? odoo.modules.registry: Invalidating templates model caches from write /home/pablo/odoo/odoo/addons/base/models/ir_ui_view.py:550 
2026-03-30 10:40:57,854 1467288 INFO ? odoo.modules.loading: loading helpdesk_mgmt/views/helpdesk_ticket_time_line_views.xml 
2026-03-30 10:40:57,863 1467288 DEBUG ? odoo.modules.registry: Invalidating templates model caches from write /home/pablo/odoo/odoo/addons/base/models/ir_ui_view.py:550 
2026-03-30 10:40:57,865 1467288 DEBUG ? odoo.modules.registry: Invalidating templates model caches from write /home/pablo/odoo/odoo/addons/base/models/ir_ui_view.py:550 
2026-03-30 10:40:57,871 1467288 INFO ? odoo.modules.loading: loading helpdesk_mgmt/views/helpdesk_ticket_views.xml 
2026-03-30 10:40:57,877 1467288 DEBUG ? odoo.modules.registry: Invalidating default model caches from write /home/pablo/odoo/odoo/addons/base/models/ir_actions.py:114 
2026-03-30 10:40:57,890 1467288 DEBUG ? odoo.modules.registry: Invalidating default model caches from write /home/pablo/odoo/odoo/addons/base/models/ir_actions.py:114 
2026-03-30 10:40:57,894 1467288 DEBUG ? odoo.modules.registry: Invalidating templates model caches from write /home/pablo/odoo/odoo/addons/base/models/ir_ui_view.py:550 
2026-03-30 10:40:57,895 1467288 DEBUG ? odoo.modules.registry: Invalidating templates model caches from write /home/pablo/odoo/odoo/addons/base/models/ir_ui_view.py:550 
2026-03-30 10:40:57,908 1467288 DEBUG ? odoo.modules.registry: Invalidating templates model caches from write /home/pablo/odoo/odoo/addons/base/models/ir_ui_view.py:550 
2026-03-30 10:40:57,910 1467288 DEBUG ? odoo.modules.registry: Invalidating templates model caches from write /home/pablo/odoo/odoo/addons/base/models/ir_ui_view.py:550 
2026-03-30 10:40:57,924 1467288 DEBUG ? odoo.modules.registry: Invalidating templates model caches from write /home/pablo/odoo/odoo/addons/base/models/ir_ui_view.py:550 
2026-03-30 10:40:57,926 1467288 DEBUG ? odoo.modules.registry: Invalidating templates model caches from write /home/pablo/odoo/odoo/addons/base/models/ir_ui_view.py:550 
2026-03-30 10:40:57,950 1467288 DEBUG ? odoo.modules.registry: Invalidating templates model caches from write /home/pablo/odoo/odoo/addons/base/models/ir_ui_view.py:550 
2026-03-30 10:40:57,951 1467288 DEBUG ? odoo.modules.registry: Invalidating templates model caches from write /home/pablo/odoo/odoo/addons/base/models/ir_ui_view.py:550 
2026-03-30 10:40:57,962 1467288 DEBUG ? odoo.modules.registry: Invalidating templates model caches from write /home/pablo/odoo/odoo/addons/base/models/ir_ui_view.py:550 
2026-03-30 10:40:57,964 1467288 DEBUG ? odoo.modules.registry: Invalidating templates model caches from write /home/pablo/odoo/odoo/addons/base/models/ir_ui_view.py:550 
2026-03-30 10:40:57,982 1467288 DEBUG ? odoo.modules.registry: Invalidating templates model caches from write /home/pablo/odoo/odoo/addons/base/models/ir_ui_view.py:550 
2026-03-30 10:40:57,983 1467288 DEBUG ? odoo.modules.registry: Invalidating templates model caches from write /home/pablo/odoo/odoo/addons/base/models/ir_ui_view.py:550 
2026-03-30 10:40:57,994 1467288 DEBUG ? odoo.modules.registry: Invalidating templates model caches from write /home/pablo/odoo/odoo/addons/base/models/ir_ui_view.py:550 
2026-03-30 10:40:57,996 1467288 DEBUG ? odoo.modules.registry: Invalidating templates model caches from write /home/pablo/odoo/odoo/addons/base/models/ir_ui_view.py:550 
2026-03-30 10:40:58,015 1467288 DEBUG ? odoo.modules.registry: Invalidating templates model caches from write /home/pablo/odoo/odoo/addons/base/models/ir_ui_view.py:550 
2026-03-30 10:40:58,016 1467288 DEBUG ? odoo.modules.registry: Invalidating templates model caches from write /home/pablo/odoo/odoo/addons/base/models/ir_ui_view.py:550 
2026-03-30 10:40:58,027 1467288 DEBUG ? odoo.modules.registry: Invalidating templates model caches from write /home/pablo/odoo/odoo/addons/base/models/ir_ui_view.py:550 
2026-03-30 10:40:58,028 1467288 DEBUG ? odoo.modules.registry: Invalidating templates model caches from write /home/pablo/odoo/odoo/addons/base/models/ir_ui_view.py:550 
2026-03-30 10:40:58,048 1467288 DEBUG ? odoo.tools.convert: while parsing /home/pablo/odoo/addons/helpdesk/helpdesk_mgmt/views/helpdesk_ticket_views.xml:439
Error while parsing or validating view:

Element '<xpath expr="//header/button[@name=&#39;action_cancel_case&#39;]">' cannot be located in parent view

View error context:
{'file': '/home/pablo/odoo/addons/helpdesk/helpdesk_mgmt/views/helpdesk_ticket_views.xml',
 'line': 1,
 'name': 'helpdesk.ticket.form.resolution.ot',
 'view': ir.ui.view(1565,),
 'view.model': 'helpdesk.ticket',
 'view.parent': ir.ui.view(1552,),
 'xmlid': 'view_helpdesk_ticket_form_resolution'}
 
Traceback (most recent call last):
  File "/home/pablo/odoo/odoo/tools/convert.py", line 590, in _tag_root
    f(rec)
    ~^^^^^
  File "/home/pablo/odoo/odoo/tools/convert.py", line 444, in _tag_record
    record = model._load_records([data], self.mode == 'update')
  File "/home/pablo/odoo/odoo/models.py", line 5508, in _load_records
    data['record']._load_records_write(data['values'])
    ~~~~~~~~~~~~~~~~~~~~~~~~~~~~~~~~~~^^^^^^^^^^^^^^^^
  File "/home/pablo/odoo/odoo/addons/base/models/ir_ui_view.py", line 2311, in _load_records_write
    super(View, self)._load_records_write(values)
    ~~~~~~~~~~~~~~~~~~~~~~~~~~~~~~~~~~~~~^^^^^^^^
  File "/home/pablo/odoo/odoo/models.py", line 5426, in _load_records_write
    self.write(values)
    ~~~~~~~~~~^^^^^^^^
  File "/home/pablo/odoo/odoo/addons/base/models/ir_ui_view.py", line 554, in write
    res = super(View, self).write(self._compute_defaults(vals))
  File "/home/pablo/odoo/odoo/models.py", line 4845, in write
    fields[0].determine_inverse(real_recs)
    ~~~~~~~~~~~~~~~~~~~~~~~~~~~^^^^^^^^^^^
  File "/home/pablo/odoo/odoo/fields.py", line 1502, in determine_inverse
    determine(self.inverse, records)
    ~~~~~~~~~^^^^^^^^^^^^^^^^^^^^^^^
  File "/home/pablo/odoo/odoo/fields.py", line 110, in determine
    return needle(*args)
  File "/home/pablo/odoo/odoo/addons/base/models/ir_ui_view.py", line 262, in _inverse_arch
    view.write(data)
    ~~~~~~~~~~^^^^^^
  File "/home/pablo/odoo/odoo/addons/base/models/ir_ui_view.py", line 554, in write
    res = super(View, self).write(self._compute_defaults(vals))
  File "/home/pablo/odoo/odoo/models.py", line 4835, in write
    real_recs._validate_fields(vals, inverse_fields)
    ~~~~~~~~~~~~~~~~~~~~~~~~~~^^^^^^^^^^^^^^^^^^^^^^
  File "/home/pablo/odoo/odoo/models.py", line 1636, in _validate_fields
    check(self)
    ~~~~~^^^^^^
  File "/home/pablo/odoo/odoo/addons/base/models/ir_ui_view.py", line 377, in _check_xml
    raise err from None
  File "/home/pablo/odoo/odoo/addons/base/models/ir_ui_view.py", line 367, in _check_xml
    combined_arch = view._get_combined_arch()
  File "/home/pablo/odoo/odoo/addons/base/models/ir_ui_view.py", line 962, in _get_combined_arch
    arch = root.with_prefetch(tree_views._prefetch_ids)._combine(hierarchy)
  File "/home/pablo/odoo/odoo/addons/base/models/ir_ui_view.py", line 920, in _combine
    combined_arch = view.apply_inheritance_specs(combined_arch, arch)
  File "/home/pablo/odoo/odoo/addons/base/models/ir_ui_view.py", line 857, in apply_inheritance_specs
    self._raise_view_error(str(e), specs_tree)
    ~~~~~~~~~~~~~~~~~~~~~~^^^^^^^^^^^^^^^^^^^^
  File "/home/pablo/odoo/odoo/addons/base/models/ir_ui_view.py", line 734, in _raise_view_error
    raise err from from_exception
odoo.exceptions.ValidationError: Error while parsing or validating view:

Element '<xpath expr="//header/button[@name=&#39;action_cancel_case&#39;]">' cannot be located in parent view
2026-03-30 10:40:58,062 1467288 WARNING ? odoo.modules.loading: Transient module states were reset 
2026-03-30 10:40:58,063 1467288 ERROR ? odoo.modules.registry: Failed to load registry 
2026-03-30 10:40:58,063 1467288 ERROR ? odoo.http: Exception during request handling. 
Traceback (most recent call last):
  File "/home/pablo/odoo/odoo/http.py", line 2577, in __call__
    response = request._serve_db()
  File "/home/pablo/odoo/odoo/http.py", line 2081, in _serve_db
    self.registry, cr_readwrite = self._open_registry()
                                  ~~~~~~~~~~~~~~~~~~~^^
  File "/home/pablo/odoo/odoo/http.py", line 1690, in _open_registry
    registry = Registry(self.db)
  File "/home/pablo/odoo/odoo/modules/registry.py", line 108, in __new__
    return cls.new(db_name)
           ~~~~~~~^^^^^^^^^
  File "/home/pablo/odoo/.venv/lib/python3.13/site-packages/decorator.py", line 235, in fun
    return caller(func, *(extras + args), **kw)
  File "/home/pablo/odoo/odoo/tools/func.py", line 97, in locked
    return func(inst, *args, **kwargs)
  File "/home/pablo/odoo/odoo/modules/registry.py", line 129, in new
    odoo.modules.load_modules(registry, force_demo, status, update_module)
    ~~~~~~~~~~~~~~~~~~~~~~~~~^^^^^^^^^^^^^^^^^^^^^^^^^^^^^^^^^^^^^^^^^^^^^
  File "/home/pablo/odoo/odoo/modules/loading.py", line 485, in load_modules
    processed_modules += load_marked_modules(env, graph,
                         ~~~~~~~~~~~~~~~~~~~^^^^^^^^^^^^
        ['installed', 'to upgrade', 'to remove'],
        ^^^^^^^^^^^^^^^^^^^^^^^^^^^^^^^^^^^^^^^^^
        force, status, report, loaded_modules, update_module, models_to_check)
        ^^^^^^^^^^^^^^^^^^^^^^^^^^^^^^^^^^^^^^^^^^^^^^^^^^^^^^^^^^^^^^^^^^^^^^
  File "/home/pablo/odoo/odoo/modules/loading.py", line 365, in load_marked_modules
    loaded, processed = load_module_graph(
                        ~~~~~~~~~~~~~~~~~^
        env, graph, progressdict, report=report, skip_modules=loaded_modules,
        ^^^^^^^^^^^^^^^^^^^^^^^^^^^^^^^^^^^^^^^^^^^^^^^^^^^^^^^^^^^^^^^^^^^^^
        perform_checks=perform_checks, models_to_check=models_to_check
        ^^^^^^^^^^^^^^^^^^^^^^^^^^^^^^^^^^^^^^^^^^^^^^^^^^^^^^^^^^^^^^
    )
    ^
  File "/home/pablo/odoo/odoo/modules/loading.py", line 228, in load_module_graph
    load_data(env, idref, mode, kind='data', package=package)
    ~~~~~~~~~^^^^^^^^^^^^^^^^^^^^^^^^^^^^^^^^^^^^^^^^^^^^^^^^
  File "/home/pablo/odoo/odoo/modules/loading.py", line 72, in load_data
    tools.convert_file(env, package.name, filename, idref, mode, noupdate, kind)
    ~~~~~~~~~~~~~~~~~~^^^^^^^^^^^^^^^^^^^^^^^^^^^^^^^^^^^^^^^^^^^^^^^^^^^^^^^^^^
  File "/home/pablo/odoo/odoo/tools/convert.py", line 662, in convert_file
    convert_xml_import(env, module, fp, idref, mode, noupdate)
    ~~~~~~~~~~~~~~~~~~^^^^^^^^^^^^^^^^^^^^^^^^^^^^^^^^^^^^^^^^
  File "/home/pablo/odoo/odoo/tools/convert.py", line 733, in convert_xml_import
    obj.parse(doc.getroot())
    ~~~~~~~~~^^^^^^^^^^^^^^^
  File "/home/pablo/odoo/odoo/tools/convert.py", line 648, in parse
    self._tag_root(de)
    ~~~~~~~~~~~~~~^^^^
  File "/home/pablo/odoo/odoo/tools/convert.py", line 601, in _tag_root
    raise ParseError(msg) from None  # Restart with "--log-handler odoo.tools.convert:DEBUG" for complete traceback
    ^^^^^^^^^^^^^^^^^^^^^^^^^^^^^^^
odoo.tools.convert.ParseError: while parsing /home/pablo/odoo/addons/helpdesk/helpdesk_mgmt/views/helpdesk_ticket_views.xml:439
Error while parsing or validating view:

Element '<xpath expr="//header/button[@name=&#39;action_cancel_case&#39;]">' cannot be located in parent view

View error context:
{'file': '/home/pablo/odoo/addons/helpdesk/helpdesk_mgmt/views/helpdesk_ticket_views.xml',
 'line': 1,
 'name': 'helpdesk.ticket.form.resolution.ot',
 'view': ir.ui.view(1565,),
 'view.model': 'helpdesk.ticket',
 'view.parent': ir.ui.view(1552,),
 'xmlid': 'view_helpdesk_ticket_form_resolution'}

2026-03-30 10:40:58,068 1467288 INFO ? werkzeug: 127.0.0.1 - - [30/Mar/2026 10:40:58] "GET /web/service-worker.js HTTP/1.1" 500 - 797 0.894 4.834
2026-03-30 10:41:09,627 1467288 DEBUG ? odoo.service.server: cron0 polling for jobs 
2026-03-30 10:41:11,659 1467288 DEBUG ? odoo.service.server: cron1 polling for jobs 
2026-03-30 10:42:09,685 1467288 DEBUG ? odoo.service.server: cron0 polling for jobs 
2026-03-30 10:42:12,731 1467288 DEBUG ? odoo.service.server: cron1 polling for jobs 
2026-03-30 10:43:09,727 1467288 DEBUG ? odoo.service.server: cron0 polling for jobs 
2026-03-30 10:43:13,787 1467288 DEBUG ? odoo.service.server: cron1 polling for jobs 
2026-03-30 10:44:09,736 1467288 DEBUG ? odoo.service.server: cron0 polling for jobs 
2026-03-30 10:44:14,858 1467288 DEBUG ? odoo.service.server: cron1 polling for jobs 
2026-03-30 10:45:09,797 1467288 DEBUG ? odoo.service.server: cron0 polling for jobs 
2026-03-30 10:45:15,927 1467288 DEBUG ? odoo.service.server: cron1 polling for jobs 
2026-03-30 10:46:09,858 1467288 DEBUG ? odoo.service.server: cron0 polling for jobs 
2026-03-30 10:46:16,999 1467288 DEBUG ? odoo.service.server: cron1 polling for jobs 
2026-03-30 10:47:09,918 1467288 DEBUG ? odoo.service.server: cron0 polling for jobs 
2026-03-30 10:47:18,033 1467288 DEBUG ? odoo.service.server: cron1 polling for jobs 
2026-03-30 10:48:09,979 1467288 DEBUG ? odoo.service.server: cron0 polling for jobs 
2026-03-30 10:48:19,105 1467288 DEBUG ? odoo.service.server: cron1 polling for jobs 
2026-03-30 10:49:10,030 1467288 DEBUG ? odoo.service.server: cron0 polling for jobs 
2026-03-30 10:49:20,125 1467288 DEBUG ? odoo.service.server: cron1 polling for jobs 
2026-03-30 10:50:10,065 1467288 DEBUG ? odoo.service.server: cron0 polling for jobs 
2026-03-30 10:50:21,165 1467288 DEBUG ? odoo.service.server: cron1 polling for jobs 
2026-03-30 10:51:10,105 1467288 DEBUG ? odoo.service.server: cron0 polling for jobs 
2026-03-30 10:51:22,236 1467288 DEBUG ? odoo.service.server: cron1 polling for jobs 
2026-03-30 10:52:10,123 1467288 DEBUG ? odoo.service.server: cron0 polling for jobs 
2026-03-30 10:52:23,311 1467288 DEBUG ? odoo.service.server: cron1 polling for jobs 
2026-03-30 10:53:10,184 1467288 DEBUG ? odoo.service.server: cron0 polling for jobs 
2026-03-30 10:53:24,380 1467288 DEBUG ? odoo.service.server: cron1 polling for jobs 
2026-03-30 10:53:57,472 1467288 DEBUG ? odoo.modules.registry: Multiprocess load registry signaling: [Registry: 26] [Cache default: 28] [Cache assets: 3] [Cache templates: 2] [Cache routing: 1] [Cache groups: 2] 
2026-03-30 10:53:57,476 1467288 INFO ? odoo.modules.loading: loading 1 modules... 
2026-03-30 10:53:57,476 1467288 DEBUG ? odoo.modules.loading: Loading module base (1/1) 
2026-03-30 10:53:57,490 1467288 DEBUG ? odoo.modules.loading: Module base loaded in 0.01s, 0 queries 
2026-03-30 10:53:57,490 1467288 INFO ? odoo.modules.loading: 1 modules loaded in 0.01s, 0 queries (+0 extra) 
2026-03-30 10:53:57,499 1467288 DEBUG ? odoo.modules.loading: Updating graph with 100 more modules 
2026-03-30 10:53:57,500 1467288 INFO ? odoo.modules.loading: loading 101 modules... 
2026-03-30 10:53:57,500 1467288 DEBUG ? odoo.modules.loading: Loading module l10n_us (2/101) 
2026-03-30 10:53:57,500 1467288 DEBUG ? odoo.modules.loading: Module l10n_us loaded in 0.00s, 0 queries 
2026-03-30 10:53:57,500 1467288 DEBUG ? odoo.modules.loading: Loading module social_media (3/101) 
2026-03-30 10:53:57,500 1467288 DEBUG ? odoo.modules.loading: Module social_media loaded in 0.00s, 0 queries 
2026-03-30 10:53:57,500 1467288 DEBUG ? odoo.modules.loading: Loading module uom (4/101) 
2026-03-30 10:53:57,501 1467288 DEBUG ? odoo.modules.loading: Module uom loaded in 0.00s, 0 queries 
2026-03-30 10:53:57,501 1467288 DEBUG ? odoo.modules.loading: Loading module web (5/101) 
2026-03-30 10:53:57,503 1467288 DEBUG ? odoo.modules.loading: Module web loaded in 0.00s, 0 queries 
2026-03-30 10:53:57,504 1467288 DEBUG ? odoo.modules.loading: Loading module auth_totp (6/101) 
2026-03-30 10:53:57,505 1467288 DEBUG ? odoo.modules.loading: Module auth_totp loaded in 0.00s, 0 queries 
2026-03-30 10:53:57,505 1467288 DEBUG ? odoo.modules.loading: Loading module barcodes (7/101) 
2026-03-30 10:53:57,505 1467288 DEBUG ? odoo.modules.loading: Module barcodes loaded in 0.00s, 0 queries 
2026-03-30 10:53:57,506 1467288 DEBUG ? odoo.modules.loading: Loading module base_import (8/101) 
2026-03-30 10:53:57,507 1467288 DEBUG ? odoo.modules.loading: Module base_import loaded in 0.00s, 0 queries 
2026-03-30 10:53:57,507 1467288 DEBUG ? odoo.modules.loading: Loading module base_import_module (9/101) 
2026-03-30 10:53:57,507 1467288 DEBUG ? odoo.modules.loading: Module base_import_module loaded in 0.00s, 0 queries 
2026-03-30 10:53:57,508 1467288 DEBUG ? odoo.modules.loading: Loading module base_setup (10/101) 
2026-03-30 10:53:57,508 1467288 DEBUG ? odoo.modules.loading: Module base_setup loaded in 0.00s, 0 queries 
2026-03-30 10:53:57,508 1467288 DEBUG ? odoo.modules.loading: Loading module bus (11/101) 
2026-03-30 10:53:57,509 1467288 DEBUG ? odoo.modules.loading: Module bus loaded in 0.00s, 0 queries 
2026-03-30 10:53:57,509 1467288 DEBUG ? odoo.modules.loading: Loading module http_routing (12/101) 
2026-03-30 10:53:57,509 1467288 DEBUG ? odoo.modules.loading: Module http_routing loaded in 0.00s, 0 queries 
2026-03-30 10:53:57,509 1467288 DEBUG ? odoo.modules.loading: Loading module onboarding (13/101) 
2026-03-30 10:53:57,510 1467288 DEBUG ? odoo.modules.loading: Module onboarding loaded in 0.00s, 0 queries 
2026-03-30 10:53:57,510 1467288 DEBUG ? odoo.modules.loading: Loading module resource (14/101) 
2026-03-30 10:53:57,510 1467288 DEBUG ? odoo.modules.loading: Module resource loaded in 0.00s, 0 queries 
2026-03-30 10:53:57,510 1467288 DEBUG ? odoo.modules.loading: Loading module utm (15/101) 
2026-03-30 10:53:57,511 1467288 DEBUG ? odoo.modules.loading: Module utm loaded in 0.00s, 0 queries 
2026-03-30 10:53:57,511 1467288 DEBUG ? odoo.modules.loading: Loading module web_hierarchy (16/101) 
2026-03-30 10:53:57,512 1467288 DEBUG ? odoo.modules.loading: Module web_hierarchy loaded in 0.00s, 0 queries 
2026-03-30 10:53:57,512 1467288 DEBUG ? odoo.modules.loading: Loading module web_tour (17/101) 
2026-03-30 10:53:57,512 1467288 DEBUG ? odoo.modules.loading: Module web_tour loaded in 0.00s, 0 queries 
2026-03-30 10:53:57,513 1467288 DEBUG ? odoo.modules.loading: Loading module barcodes_gs1_nomenclature (18/101) 
2026-03-30 10:53:57,513 1467288 DEBUG ? odoo.modules.loading: Module barcodes_gs1_nomenclature loaded in 0.00s, 0 queries 
2026-03-30 10:53:57,513 1467288 DEBUG ? odoo.modules.loading: Loading module html_editor (19/101) 
2026-03-30 10:53:57,513 1467288 DEBUG ? odoo.modules.loading: Module html_editor loaded in 0.00s, 0 queries 
2026-03-30 10:53:57,513 1467288 DEBUG ? odoo.modules.loading: Loading module iap (20/101) 
2026-03-30 10:53:57,514 1467288 DEBUG ? odoo.modules.loading: Module iap loaded in 0.00s, 0 queries 
2026-03-30 10:53:57,514 1467288 DEBUG ? odoo.modules.loading: Loading module mail (21/101) 
2026-03-30 10:53:57,522 1467288 DEBUG ? odoo.modules.loading: Module mail loaded in 0.01s, 0 queries 
2026-03-30 10:53:57,522 1467288 DEBUG ? odoo.modules.loading: Loading module web_editor (22/101) 
2026-03-30 10:53:57,526 1467288 DEBUG ? odoo.modules.loading: Module web_editor loaded in 0.00s, 0 queries 
2026-03-30 10:53:57,526 1467288 DEBUG ? odoo.modules.loading: Loading module analytic (23/101) 
2026-03-30 10:53:57,527 1467288 DEBUG ? odoo.modules.loading: Module analytic loaded in 0.00s, 0 queries 
2026-03-30 10:53:57,527 1467288 DEBUG ? odoo.modules.loading: Loading module auth_signup (24/101) 
2026-03-30 10:53:57,527 1467288 DEBUG ? odoo.modules.loading: Module auth_signup loaded in 0.00s, 0 queries 
2026-03-30 10:53:57,527 1467288 DEBUG ? odoo.modules.loading: Loading module auth_totp_mail (25/101) 
2026-03-30 10:53:57,528 1467288 DEBUG ? odoo.modules.loading: Module auth_totp_mail loaded in 0.00s, 0 queries 
2026-03-30 10:53:57,528 1467288 DEBUG ? odoo.modules.loading: Loading module base_install_request (26/101) 
2026-03-30 10:53:57,528 1467288 DEBUG ? odoo.modules.loading: Module base_install_request loaded in 0.00s, 0 queries 
2026-03-30 10:53:57,528 1467288 DEBUG ? odoo.modules.loading: Loading module calendar (27/101) 
2026-03-30 10:53:57,529 1467288 DEBUG ? odoo.modules.loading: Module calendar loaded in 0.00s, 0 queries 
2026-03-30 10:53:57,529 1467288 DEBUG ? odoo.modules.loading: Loading module contacts (28/101) 
2026-03-30 10:53:57,529 1467288 DEBUG ? odoo.modules.loading: Module contacts loaded in 0.00s, 0 queries 
2026-03-30 10:53:57,529 1467288 DEBUG ? odoo.modules.loading: Loading module gamification (29/101) 
2026-03-30 10:53:57,530 1467288 DEBUG ? odoo.modules.loading: Module gamification loaded in 0.00s, 0 queries 
2026-03-30 10:53:57,530 1467288 DEBUG ? odoo.modules.loading: Loading module iap_mail (30/101) 
2026-03-30 10:53:57,530 1467288 DEBUG ? odoo.modules.loading: Module iap_mail loaded in 0.00s, 0 queries 
2026-03-30 10:53:57,531 1467288 DEBUG ? odoo.modules.loading: Loading module link_tracker (31/101) 
2026-03-30 10:53:57,531 1467288 DEBUG ? odoo.modules.loading: Module link_tracker loaded in 0.00s, 0 queries 
2026-03-30 10:53:57,531 1467288 DEBUG ? odoo.modules.loading: Loading module mail_bot (32/101) 
2026-03-30 10:53:57,531 1467288 DEBUG ? odoo.modules.loading: Module mail_bot loaded in 0.00s, 0 queries 
2026-03-30 10:53:57,531 1467288 DEBUG ? odoo.modules.loading: Loading module microsoft_outlook (33/101) 
2026-03-30 10:53:57,532 1467288 DEBUG ? odoo.modules.loading: Module microsoft_outlook loaded in 0.00s, 0 queries 
2026-03-30 10:53:57,532 1467288 DEBUG ? odoo.modules.loading: Loading module phone_validation (34/101) 
2026-03-30 10:53:57,534 1467288 DEBUG ? odoo.modules.loading: Module phone_validation loaded in 0.00s, 0 queries 
2026-03-30 10:53:57,535 1467288 DEBUG ? odoo.modules.loading: Loading module privacy_lookup (35/101) 
2026-03-30 10:53:57,535 1467288 DEBUG ? odoo.modules.loading: Module privacy_lookup loaded in 0.00s, 0 queries 
2026-03-30 10:53:57,535 1467288 DEBUG ? odoo.modules.loading: Loading module product (36/101) 
2026-03-30 10:53:57,537 1467288 DEBUG ? odoo.modules.loading: Module product loaded in 0.00s, 0 queries 
2026-03-30 10:53:57,537 1467288 DEBUG ? odoo.modules.loading: Loading module rating (37/101) 
2026-03-30 10:53:57,538 1467288 DEBUG ? odoo.modules.loading: Module rating loaded in 0.00s, 0 queries 
2026-03-30 10:53:57,538 1467288 DEBUG ? odoo.modules.loading: Loading module resource_mail (38/101) 
2026-03-30 10:53:57,538 1467288 DEBUG ? odoo.modules.loading: Module resource_mail loaded in 0.00s, 0 queries 
2026-03-30 10:53:57,539 1467288 DEBUG ? odoo.modules.loading: Loading module sales_team (39/101) 
2026-03-30 10:53:57,539 1467288 DEBUG ? odoo.modules.loading: Module sales_team loaded in 0.00s, 0 queries 
2026-03-30 10:53:57,539 1467288 DEBUG ? odoo.modules.loading: Loading module web_unsplash (40/101) 
2026-03-30 10:53:57,539 1467288 DEBUG ? odoo.modules.loading: Module web_unsplash loaded in 0.00s, 0 queries 
2026-03-30 10:53:57,540 1467288 DEBUG ? odoo.modules.loading: Loading module partner_autocomplete (41/101) 
2026-03-30 10:53:57,540 1467288 DEBUG ? odoo.modules.loading: Module partner_autocomplete loaded in 0.00s, 0 queries 
2026-03-30 10:53:57,540 1467288 DEBUG ? odoo.modules.loading: Loading module portal (42/101) 
2026-03-30 10:53:57,541 1467288 DEBUG ? odoo.modules.loading: Module portal loaded in 0.00s, 0 queries 
2026-03-30 10:53:57,541 1467288 DEBUG ? odoo.modules.loading: Loading module sms (43/101) 
2026-03-30 10:53:57,545 1467288 DEBUG ? odoo.modules.loading: Module sms loaded in 0.00s, 0 queries 
2026-03-30 10:53:57,545 1467288 DEBUG ? odoo.modules.loading: Loading module snailmail (44/101) 
2026-03-30 10:53:57,546 1467288 DEBUG ? odoo.modules.loading: Module snailmail loaded in 0.00s, 0 queries 
2026-03-30 10:53:57,546 1467288 DEBUG ? odoo.modules.loading: Loading module survey (45/101) 
2026-03-30 10:53:57,547 1467288 DEBUG ? odoo.modules.loading: Module survey loaded in 0.00s, 0 queries 
2026-03-30 10:53:57,547 1467288 DEBUG ? odoo.modules.loading: Loading module auth_totp_portal (46/101) 
2026-03-30 10:53:57,547 1467288 DEBUG ? odoo.modules.loading: Module auth_totp_portal loaded in 0.00s, 0 queries 
2026-03-30 10:53:57,547 1467288 DEBUG ? odoo.modules.loading: Loading module calendar_sms (47/101) 
2026-03-30 10:53:57,547 1467288 DEBUG ? odoo.modules.loading: Module calendar_sms loaded in 0.00s, 0 queries 
2026-03-30 10:53:57,547 1467288 DEBUG ? odoo.modules.loading: Loading module digest (48/101) 
2026-03-30 10:53:57,549 1467288 DEBUG ? odoo.modules.loading: Module digest loaded in 0.00s, 0 queries 
2026-03-30 10:53:57,549 1467288 DEBUG ? odoo.modules.loading: Loading module payment (49/101) 
2026-03-30 10:53:57,551 1467288 DEBUG ? odoo.modules.loading: Module payment loaded in 0.00s, 0 queries 
2026-03-30 10:53:57,551 1467288 DEBUG ? odoo.modules.loading: Loading module portal_rating (50/101) 
2026-03-30 10:53:57,552 1467288 DEBUG ? odoo.modules.loading: Module portal_rating loaded in 0.00s, 0 queries 
2026-03-30 10:53:57,552 1467288 DEBUG ? odoo.modules.loading: Loading module spreadsheet (51/101) 
2026-03-30 10:53:57,552 1467288 DEBUG ? odoo.modules.loading: Module spreadsheet loaded in 0.00s, 0 queries 
2026-03-30 10:53:57,553 1467288 DEBUG ? odoo.modules.loading: Loading module account (52/101) 
2026-03-30 10:53:57,557 1467288 DEBUG ? odoo.modules.loading: Module account loaded in 0.00s, 0 queries 
2026-03-30 10:53:57,557 1467288 DEBUG ? odoo.modules.loading: Loading module crm (53/101) 
2026-03-30 10:53:57,560 1467288 DEBUG ? odoo.modules.loading: Module crm loaded in 0.00s, 0 queries 
2026-03-30 10:53:57,561 1467288 DEBUG ? odoo.modules.loading: Loading module hr (54/101) 
2026-03-30 10:53:57,571 1467288 DEBUG ? odoo.modules.loading: Module hr loaded in 0.01s, 0 queries 
2026-03-30 10:53:57,571 1467288 DEBUG ? odoo.modules.loading: Loading module mass_mailing (55/101) 
2026-03-30 10:53:57,573 1467288 DEBUG ? odoo.modules.loading: Module mass_mailing loaded in 0.00s, 0 queries 
2026-03-30 10:53:57,574 1467288 DEBUG ? odoo.modules.loading: Loading module project (56/101) 
2026-03-30 10:53:57,575 1467288 DEBUG ? odoo.modules.loading: Module project loaded in 0.00s, 0 queries 
2026-03-30 10:53:57,575 1467288 DEBUG ? odoo.modules.loading: Loading module spreadsheet_dashboard (57/101) 
2026-03-30 10:53:57,576 1467288 DEBUG ? odoo.modules.loading: Module spreadsheet_dashboard loaded in 0.00s, 0 queries 
2026-03-30 10:53:57,576 1467288 DEBUG ? odoo.modules.loading: Loading module stock (58/101) 
2026-03-30 10:53:57,580 1467288 DEBUG ? odoo.modules.loading: Module stock loaded in 0.00s, 0 queries 
2026-03-30 10:53:57,580 1467288 DEBUG ? odoo.modules.loading: Loading module account_add_gln (59/101) 
2026-03-30 10:53:57,581 1467288 DEBUG ? odoo.modules.loading: Module account_add_gln loaded in 0.00s, 0 queries 
2026-03-30 10:53:57,581 1467288 DEBUG ? odoo.modules.loading: Loading module account_edi_ubl_cii (60/101) 
2026-03-30 10:53:57,582 1467288 DEBUG ? odoo.modules.loading: Module account_edi_ubl_cii loaded in 0.00s, 0 queries 
2026-03-30 10:53:57,582 1467288 DEBUG ? odoo.modules.loading: Loading module account_payment (61/101) 
2026-03-30 10:53:57,583 1467288 DEBUG ? odoo.modules.loading: Module account_payment loaded in 0.00s, 0 queries 
2026-03-30 10:53:57,583 1467288 DEBUG ? odoo.modules.loading: Loading module base_iban (62/101) 
2026-03-30 10:53:57,583 1467288 DEBUG ? odoo.modules.loading: Module base_iban loaded in 0.00s, 0 queries 
2026-03-30 10:53:57,583 1467288 DEBUG ? odoo.modules.loading: Loading module base_vat (63/101) 
2026-03-30 10:53:57,583 1467288 DEBUG ? odoo.modules.loading: Module base_vat loaded in 0.00s, 0 queries 
2026-03-30 10:53:57,584 1467288 DEBUG ? odoo.modules.loading: Loading module board (64/101) 
2026-03-30 10:53:57,586 1467288 DEBUG ? odoo.modules.loading: Module board loaded in 0.00s, 0 queries 
2026-03-30 10:53:57,587 1467288 DEBUG ? odoo.modules.loading: Loading module crm_sms (65/101) 
2026-03-30 10:53:57,587 1467288 DEBUG ? odoo.modules.loading: Module crm_sms loaded in 0.00s, 0 queries 
2026-03-30 10:53:57,588 1467288 DEBUG ? odoo.modules.loading: Loading module hr_calendar (66/101) 
2026-03-30 10:53:57,588 1467288 DEBUG ? odoo.modules.loading: Module hr_calendar loaded in 0.00s, 0 queries 
2026-03-30 10:53:57,588 1467288 DEBUG ? odoo.modules.loading: Loading module hr_gamification (67/101) 
2026-03-30 10:53:57,589 1467288 DEBUG ? odoo.modules.loading: Module hr_gamification loaded in 0.00s, 0 queries 
2026-03-30 10:53:57,589 1467288 DEBUG ? odoo.modules.loading: Loading module hr_org_chart (68/101) 
2026-03-30 10:53:57,589 1467288 DEBUG ? odoo.modules.loading: Module hr_org_chart loaded in 0.00s, 0 queries 
2026-03-30 10:53:57,589 1467288 DEBUG ? odoo.modules.loading: Loading module hr_skills (69/101) 
2026-03-30 10:53:57,590 1467288 DEBUG ? odoo.modules.loading: Module hr_skills loaded in 0.00s, 0 queries 
2026-03-30 10:53:57,590 1467288 DEBUG ? odoo.modules.loading: Loading module iap_crm (70/101) 
2026-03-30 10:53:57,591 1467288 DEBUG ? odoo.modules.loading: Module iap_crm loaded in 0.00s, 0 queries 
2026-03-30 10:53:57,591 1467288 DEBUG ? odoo.modules.loading: Loading module l10n_us_account (71/101) 
2026-03-30 10:53:57,591 1467288 DEBUG ? odoo.modules.loading: Module l10n_us_account loaded in 0.00s, 0 queries 
2026-03-30 10:53:57,591 1467288 DEBUG ? odoo.modules.loading: Loading module mail_bot_hr (72/101) 
2026-03-30 10:53:57,591 1467288 DEBUG ? odoo.modules.loading: Module mail_bot_hr loaded in 0.00s, 0 queries 
2026-03-30 10:53:57,591 1467288 DEBUG ? odoo.modules.loading: Loading module mass_mailing_crm (73/101) 
2026-03-30 10:53:57,591 1467288 DEBUG ? odoo.modules.loading: Module mass_mailing_crm loaded in 0.00s, 0 queries 
2026-03-30 10:53:57,592 1467288 DEBUG ? odoo.modules.loading: Loading module mass_mailing_themes (74/101) 
2026-03-30 10:53:57,592 1467288 DEBUG ? odoo.modules.loading: Module mass_mailing_themes loaded in 0.00s, 0 queries 
2026-03-30 10:53:57,592 1467288 DEBUG ? odoo.modules.loading: Loading module project_account (75/101) 
2026-03-30 10:53:57,592 1467288 DEBUG ? odoo.modules.loading: Module project_account loaded in 0.00s, 0 queries 
2026-03-30 10:53:57,592 1467288 DEBUG ? odoo.modules.loading: Loading module project_sms (76/101) 
2026-03-30 10:53:57,592 1467288 DEBUG ? odoo.modules.loading: Module project_sms loaded in 0.00s, 0 queries 
2026-03-30 10:53:57,592 1467288 DEBUG ? odoo.modules.loading: Loading module project_stock (77/101) 
2026-03-30 10:53:57,592 1467288 DEBUG ? odoo.modules.loading: Module project_stock loaded in 0.00s, 0 queries 
2026-03-30 10:53:57,593 1467288 DEBUG ? odoo.modules.loading: Loading module project_todo (78/101) 
2026-03-30 10:53:57,593 1467288 DEBUG ? odoo.modules.loading: Module project_todo loaded in 0.00s, 0 queries 
2026-03-30 10:53:57,593 1467288 DEBUG ? odoo.modules.loading: Loading module purchase (79/101) 
2026-03-30 10:53:57,594 1467288 DEBUG ? odoo.modules.loading: Module purchase loaded in 0.00s, 0 queries 
2026-03-30 10:53:57,594 1467288 DEBUG ? odoo.modules.loading: Loading module snailmail_account (80/101) 
2026-03-30 10:53:57,595 1467288 DEBUG ? odoo.modules.loading: Module snailmail_account loaded in 0.00s, 0 queries 
2026-03-30 10:53:57,595 1467288 DEBUG ? odoo.modules.loading: Loading module spreadsheet_account (81/101) 
2026-03-30 10:53:57,595 1467288 DEBUG ? odoo.modules.loading: Module spreadsheet_account loaded in 0.00s, 0 queries 
2026-03-30 10:53:57,595 1467288 DEBUG ? odoo.modules.loading: Loading module spreadsheet_dashboard_account (82/101) 
2026-03-30 10:53:57,595 1467288 DEBUG ? odoo.modules.loading: Module spreadsheet_dashboard_account loaded in 0.00s, 0 queries 
2026-03-30 10:53:57,595 1467288 DEBUG ? odoo.modules.loading: Loading module stock_account (83/101) 
2026-03-30 10:53:57,597 1467288 DEBUG ? odoo.modules.loading: Module stock_account loaded in 0.00s, 0 queries 
2026-03-30 10:53:57,597 1467288 DEBUG ? odoo.modules.loading: Loading module stock_sms (84/101) 
2026-03-30 10:53:57,597 1467288 DEBUG ? odoo.modules.loading: Module stock_sms loaded in 0.00s, 0 queries 
2026-03-30 10:53:57,597 1467288 DEBUG ? odoo.modules.loading: Loading module account_qr_code_sepa (85/101) 
2026-03-30 10:53:57,598 1467288 DEBUG ? odoo.modules.loading: Module account_qr_code_sepa loaded in 0.00s, 0 queries 
2026-03-30 10:53:57,598 1467288 DEBUG ? odoo.modules.loading: Loading module crm_iap_enrich (86/101) 
2026-03-30 10:53:57,598 1467288 DEBUG ? odoo.modules.loading: Module crm_iap_enrich loaded in 0.00s, 0 queries 
2026-03-30 10:53:57,598 1467288 DEBUG ? odoo.modules.loading: Loading module crm_iap_mine (87/101) 
2026-03-30 10:53:57,599 1467288 DEBUG ? odoo.modules.loading: Module crm_iap_mine loaded in 0.00s, 0 queries 
2026-03-30 10:53:57,599 1467288 INFO ? odoo.modules.loading: Loading module helpdesk_mgmt (88/101) 
2026-03-30 10:53:58,047 1467288 INFO ? odoo.modules.registry: module helpdesk_mgmt: creating or updating database tables 
2026-03-30 10:53:58,211 1467288 DEBUG ? odoo.models: Table 'res_company': setting default value of new column fiscalyear_last_day to 31 
2026-03-30 10:53:58,212 1467288 DEBUG ? odoo.models: Table 'res_company': setting default value of new column fiscalyear_last_month to '12' 
2026-03-30 10:53:58,213 1467288 DEBUG ? odoo.models: Table 'res_company': setting default value of new column account_price_include to 'tax_excluded' 
2026-03-30 10:53:58,224 1467288 DEBUG ? odoo.models: Table 'res_company': setting default value of new column account_opening_date to '2026-01-01' 
2026-03-30 10:53:58,225 1467288 DEBUG ? odoo.models: Table 'res_company': setting default value of new column po_lead to 0.0 
2026-03-30 10:53:58,241 1467288 DEBUG ? odoo.models: Table 'res_config_settings': setting default value of new column company_id to 1 
2026-03-30 10:53:58,250 1467288 DEBUG ? odoo.models: Table 'res_partner': setting default value of new column autopost_bills to 'ask' 
2026-03-30 10:53:58,263 1467288 DEBUG ? odoo.models: Table 'res_users': setting default value of new column notification_type to 'email' 
2026-03-30 10:53:58,276 1467288 WARNING ? odoo.addons.base.models.ir_model: Two fields (case_number, number) of helpdesk.ticket() have the same label: Número de caso. [Modules: helpdesk_mgmt and helpdesk_mgmt] 
2026-03-30 10:53:58,276 1467288 WARNING ? odoo.addons.base.models.ir_model: Two fields (subject_id, subject) of helpdesk.ticket() have the same label: Asunto. [Modules: helpdesk_mgmt and helpdesk_mgmt] 
2026-03-30 10:53:58,276 1467288 WARNING ? odoo.addons.base.models.ir_model: Two fields (state_reason_id, state_reason) of helpdesk.ticket() have the same label: Razón para el estado. [Modules: helpdesk_mgmt and helpdesk_mgmt] 
2026-03-30 10:53:58,506 1467288 DEBUG ? odoo.schema: Table 'res_company': column 'fiscalyear_last_day': added constraint NOT NULL 
2026-03-30 10:53:58,508 1467288 DEBUG ? odoo.schema: Table 'res_company': column 'fiscalyear_last_month': added constraint NOT NULL 
2026-03-30 10:53:58,510 1467288 DEBUG ? odoo.schema: Table 'res_company': column 'account_price_include': added constraint NOT NULL 
2026-03-30 10:53:58,511 1467288 DEBUG ? odoo.schema: Table 'res_company': column 'account_opening_date': added constraint NOT NULL 
2026-03-30 10:53:58,512 1467288 DEBUG ? odoo.schema: Table 'res_company': column 'po_lead': added constraint NOT NULL 
2026-03-30 10:53:58,514 1467288 DEBUG ? odoo.schema: Table 'res_config_settings': column 'company_id': added constraint NOT NULL 
2026-03-30 10:53:58,517 1467288 DEBUG ? odoo.schema: Table 'res_partner': column 'autopost_bills': added constraint NOT NULL 
2026-03-30 10:53:58,522 1467288 DEBUG ? odoo.schema: Table 'res_users': column 'notification_type': added constraint NOT NULL 
2026-03-30 10:53:58,527 1467288 INFO ? odoo.schema: Keep unexpected index helpdesk_ticket__priority_index on table helpdesk_ticket 
2026-03-30 10:53:58,527 1467288 INFO ? odoo.schema: Keep unexpected index helpdesk_ticket__state_index on table helpdesk_ticket 
2026-03-30 10:53:58,527 1467288 INFO ? odoo.schema: Keep unexpected index helpdesk_ticket__subject_id_index on table helpdesk_ticket 
2026-03-30 10:53:58,537 1467288 INFO ? odoo.modules.loading: loading helpdesk_mgmt/data/helpdesk_data.xml 
2026-03-30 10:53:58,545 1467288 DEBUG ? odoo.modules.registry: Invalidating templates model caches from write /home/pablo/odoo/odoo/addons/base/models/ir_ui_view.py:550 
2026-03-30 10:53:58,547 1467288 DEBUG ? odoo.modules.registry: Invalidating templates model caches from write /home/pablo/odoo/odoo/addons/base/models/ir_ui_view.py:550 
2026-03-30 10:53:58,591 1467288 INFO ? odoo.modules.loading: loading helpdesk_mgmt/security/helpdesk_security.xml 
2026-03-30 10:53:58,596 1467288 DEBUG ? odoo.modules.registry: Invalidating default model caches from call_cache_clearing_methods /home/pablo/odoo/odoo/addons/base/models/ir_model.py:2183 
2026-03-30 10:53:58,659 1467288 DEBUG ? odoo.modules.registry: Invalidating groups model caches from write /home/pablo/odoo/odoo/addons/base/models/res_users.py:1539 
2026-03-30 10:53:58,660 1467288 DEBUG ? odoo.modules.registry: Invalidating default model caches from write /home/pablo/odoo/odoo/addons/base/models/res_users.py:1681 
2026-03-30 10:53:58,660 1467288 DEBUG ? odoo.modules.registry: Invalidating groups model caches from _update_xmlids /home/pablo/odoo/odoo/addons/base/models/ir_model.py:2414 
2026-03-30 10:53:58,663 1467288 DEBUG ? odoo.modules.registry: Invalidating default model caches from call_cache_clearing_methods /home/pablo/odoo/odoo/addons/base/models/ir_model.py:2183 
2026-03-30 10:53:58,695 1467288 DEBUG ? odoo.modules.registry: Invalidating groups model caches from write /home/pablo/odoo/odoo/addons/base/models/res_users.py:1539 
2026-03-30 10:53:58,695 1467288 DEBUG ? odoo.modules.registry: Invalidating default model caches from write /home/pablo/odoo/odoo/addons/base/models/res_users.py:1681 
2026-03-30 10:53:58,696 1467288 DEBUG ? odoo.modules.registry: Invalidating groups model caches from _update_xmlids /home/pablo/odoo/odoo/addons/base/models/ir_model.py:2414 
2026-03-30 10:53:58,698 1467288 DEBUG ? odoo.modules.registry: Invalidating default model caches from call_cache_clearing_methods /home/pablo/odoo/odoo/addons/base/models/ir_model.py:2183 
2026-03-30 10:53:58,723 1467288 DEBUG ? odoo.modules.registry: Invalidating groups model caches from write /home/pablo/odoo/odoo/addons/base/models/res_users.py:1539 
2026-03-30 10:53:58,723 1467288 DEBUG ? odoo.modules.registry: Invalidating default model caches from write /home/pablo/odoo/odoo/addons/base/models/res_users.py:1681 
2026-03-30 10:53:58,724 1467288 DEBUG ? odoo.modules.registry: Invalidating groups model caches from _update_xmlids /home/pablo/odoo/odoo/addons/base/models/ir_model.py:2414 
2026-03-30 10:53:58,729 1467288 DEBUG ? odoo.modules.registry: Invalidating default model caches from call_cache_clearing_methods /home/pablo/odoo/odoo/addons/base/models/ir_model.py:2183 
2026-03-30 10:53:58,765 1467288 DEBUG ? odoo.modules.registry: Invalidating groups model caches from write /home/pablo/odoo/odoo/addons/base/models/res_users.py:1539 
2026-03-30 10:53:58,766 1467288 DEBUG ? odoo.modules.registry: Invalidating default model caches from write /home/pablo/odoo/odoo/addons/base/models/res_users.py:1681 
2026-03-30 10:53:58,768 1467288 DEBUG ? odoo.modules.registry: Invalidating groups model caches from _update_xmlids /home/pablo/odoo/odoo/addons/base/models/ir_model.py:2414 
2026-03-30 10:53:58,786 1467288 INFO ? odoo.modules.loading: loading helpdesk_mgmt/security/ir.model.access.csv 
2026-03-30 10:53:58,838 1467288 DEBUG ? odoo.modules.registry: Invalidating default model caches from call_cache_clearing_methods /home/pablo/odoo/odoo/addons/base/models/ir_model.py:2183 
2026-03-30 10:53:58,840 1467288 DEBUG ? odoo.modules.registry: Invalidating default model caches from call_cache_clearing_methods /home/pablo/odoo/odoo/addons/base/models/ir_model.py:2183 
2026-03-30 10:53:58,841 1467288 DEBUG ? odoo.modules.registry: Invalidating default model caches from call_cache_clearing_methods /home/pablo/odoo/odoo/addons/base/models/ir_model.py:2183 
2026-03-30 10:53:58,842 1467288 DEBUG ? odoo.modules.registry: Invalidating default model caches from call_cache_clearing_methods /home/pablo/odoo/odoo/addons/base/models/ir_model.py:2183 
2026-03-30 10:53:58,843 1467288 DEBUG ? odoo.modules.registry: Invalidating default model caches from call_cache_clearing_methods /home/pablo/odoo/odoo/addons/base/models/ir_model.py:2183 
2026-03-30 10:53:58,844 1467288 DEBUG ? odoo.modules.registry: Invalidating default model caches from call_cache_clearing_methods /home/pablo/odoo/odoo/addons/base/models/ir_model.py:2183 
2026-03-30 10:53:58,845 1467288 DEBUG ? odoo.modules.registry: Invalidating default model caches from call_cache_clearing_methods /home/pablo/odoo/odoo/addons/base/models/ir_model.py:2183 
2026-03-30 10:53:58,846 1467288 DEBUG ? odoo.modules.registry: Invalidating default model caches from call_cache_clearing_methods /home/pablo/odoo/odoo/addons/base/models/ir_model.py:2183 
2026-03-30 10:53:58,846 1467288 DEBUG ? odoo.modules.registry: Invalidating default model caches from call_cache_clearing_methods /home/pablo/odoo/odoo/addons/base/models/ir_model.py:2183 
2026-03-30 10:53:58,847 1467288 DEBUG ? odoo.modules.registry: Invalidating default model caches from call_cache_clearing_methods /home/pablo/odoo/odoo/addons/base/models/ir_model.py:2183 
2026-03-30 10:53:58,848 1467288 DEBUG ? odoo.modules.registry: Invalidating default model caches from call_cache_clearing_methods /home/pablo/odoo/odoo/addons/base/models/ir_model.py:2183 
2026-03-30 10:53:58,849 1467288 DEBUG ? odoo.modules.registry: Invalidating default model caches from call_cache_clearing_methods /home/pablo/odoo/odoo/addons/base/models/ir_model.py:2183 
2026-03-30 10:53:58,850 1467288 DEBUG ? odoo.modules.registry: Invalidating default model caches from call_cache_clearing_methods /home/pablo/odoo/odoo/addons/base/models/ir_model.py:2183 
2026-03-30 10:53:58,850 1467288 DEBUG ? odoo.modules.registry: Invalidating default model caches from call_cache_clearing_methods /home/pablo/odoo/odoo/addons/base/models/ir_model.py:2183 
2026-03-30 10:53:58,851 1467288 DEBUG ? odoo.modules.registry: Invalidating default model caches from call_cache_clearing_methods /home/pablo/odoo/odoo/addons/base/models/ir_model.py:2183 
2026-03-30 10:53:58,853 1467288 DEBUG ? odoo.modules.registry: Invalidating default model caches from call_cache_clearing_methods /home/pablo/odoo/odoo/addons/base/models/ir_model.py:2183 
2026-03-30 10:53:58,854 1467288 DEBUG ? odoo.modules.registry: Invalidating default model caches from call_cache_clearing_methods /home/pablo/odoo/odoo/addons/base/models/ir_model.py:2183 
2026-03-30 10:53:58,857 1467288 DEBUG ? odoo.modules.registry: Invalidating default model caches from call_cache_clearing_methods /home/pablo/odoo/odoo/addons/base/models/ir_model.py:2183 
2026-03-30 10:53:58,859 1467288 DEBUG ? odoo.modules.registry: Invalidating default model caches from call_cache_clearing_methods /home/pablo/odoo/odoo/addons/base/models/ir_model.py:2183 
2026-03-30 10:53:58,859 1467288 DEBUG ? odoo.modules.registry: Invalidating default model caches from call_cache_clearing_methods /home/pablo/odoo/odoo/addons/base/models/ir_model.py:2183 
2026-03-30 10:53:58,860 1467288 DEBUG ? odoo.modules.registry: Invalidating default model caches from call_cache_clearing_methods /home/pablo/odoo/odoo/addons/base/models/ir_model.py:2183 
2026-03-30 10:53:58,861 1467288 DEBUG ? odoo.modules.registry: Invalidating default model caches from call_cache_clearing_methods /home/pablo/odoo/odoo/addons/base/models/ir_model.py:2183 
2026-03-30 10:53:58,862 1467288 DEBUG ? odoo.modules.registry: Invalidating default model caches from call_cache_clearing_methods /home/pablo/odoo/odoo/addons/base/models/ir_model.py:2183 
2026-03-30 10:53:58,863 1467288 DEBUG ? odoo.modules.registry: Invalidating default model caches from call_cache_clearing_methods /home/pablo/odoo/odoo/addons/base/models/ir_model.py:2183 
2026-03-30 10:53:58,863 1467288 DEBUG ? odoo.modules.registry: Invalidating default model caches from call_cache_clearing_methods /home/pablo/odoo/odoo/addons/base/models/ir_model.py:2183 
2026-03-30 10:53:58,864 1467288 DEBUG ? odoo.modules.registry: Invalidating default model caches from call_cache_clearing_methods /home/pablo/odoo/odoo/addons/base/models/ir_model.py:2183 
2026-03-30 10:53:58,865 1467288 DEBUG ? odoo.modules.registry: Invalidating default model caches from call_cache_clearing_methods /home/pablo/odoo/odoo/addons/base/models/ir_model.py:2183 
2026-03-30 10:53:58,866 1467288 DEBUG ? odoo.modules.registry: Invalidating default model caches from call_cache_clearing_methods /home/pablo/odoo/odoo/addons/base/models/ir_model.py:2183 
2026-03-30 10:53:58,867 1467288 DEBUG ? odoo.modules.registry: Invalidating default model caches from call_cache_clearing_methods /home/pablo/odoo/odoo/addons/base/models/ir_model.py:2183 
2026-03-30 10:53:58,867 1467288 DEBUG ? odoo.modules.registry: Invalidating default model caches from call_cache_clearing_methods /home/pablo/odoo/odoo/addons/base/models/ir_model.py:2183 
2026-03-30 10:53:58,868 1467288 DEBUG ? odoo.modules.registry: Invalidating default model caches from call_cache_clearing_methods /home/pablo/odoo/odoo/addons/base/models/ir_model.py:2183 
2026-03-30 10:53:58,869 1467288 DEBUG ? odoo.modules.registry: Invalidating default model caches from call_cache_clearing_methods /home/pablo/odoo/odoo/addons/base/models/ir_model.py:2183 
2026-03-30 10:53:58,871 1467288 DEBUG ? odoo.modules.registry: Invalidating default model caches from call_cache_clearing_methods /home/pablo/odoo/odoo/addons/base/models/ir_model.py:2183 
2026-03-30 10:53:58,873 1467288 DEBUG ? odoo.modules.registry: Invalidating default model caches from call_cache_clearing_methods /home/pablo/odoo/odoo/addons/base/models/ir_model.py:2183 
2026-03-30 10:53:58,874 1467288 DEBUG ? odoo.modules.registry: Invalidating default model caches from call_cache_clearing_methods /home/pablo/odoo/odoo/addons/base/models/ir_model.py:2183 
2026-03-30 10:53:58,875 1467288 DEBUG ? odoo.modules.registry: Invalidating default model caches from call_cache_clearing_methods /home/pablo/odoo/odoo/addons/base/models/ir_model.py:2183 
2026-03-30 10:53:58,876 1467288 DEBUG ? odoo.modules.registry: Invalidating default model caches from call_cache_clearing_methods /home/pablo/odoo/odoo/addons/base/models/ir_model.py:2183 
2026-03-30 10:53:58,878 1467288 INFO ? odoo.modules.loading: loading helpdesk_mgmt/views/res_partner_views.xml 
2026-03-30 10:53:58,882 1467288 DEBUG ? odoo.modules.registry: Invalidating templates model caches from write /home/pablo/odoo/odoo/addons/base/models/ir_ui_view.py:550 
2026-03-30 10:53:58,884 1467288 DEBUG ? odoo.modules.registry: Invalidating templates model caches from write /home/pablo/odoo/odoo/addons/base/models/ir_ui_view.py:550 
2026-03-30 10:53:58,920 1467288 INFO ? odoo.modules.loading: loading helpdesk_mgmt/views/res_config_settings_views.xml 
2026-03-30 10:53:58,925 1467288 DEBUG ? odoo.modules.registry: Invalidating templates model caches from write /home/pablo/odoo/odoo/addons/base/models/ir_ui_view.py:550 
2026-03-30 10:53:58,926 1467288 DEBUG ? odoo.modules.registry: Invalidating templates model caches from write /home/pablo/odoo/odoo/addons/base/models/ir_ui_view.py:550 
2026-03-30 10:53:58,973 1467288 DEBUG ? odoo.modules.registry: Invalidating default model caches from write /home/pablo/odoo/odoo/addons/base/models/ir_actions.py:114 
2026-03-30 10:53:58,974 1467288 INFO ? odoo.modules.loading: loading helpdesk_mgmt/views/helpdesk_ticket_templates.xml 
2026-03-30 10:53:58,980 1467288 DEBUG ? odoo.modules.registry: Invalidating templates model caches from write /home/pablo/odoo/odoo/addons/base/models/ir_ui_view.py:550 
2026-03-30 10:53:58,982 1467288 DEBUG ? odoo.modules.registry: Invalidating templates model caches from write /home/pablo/odoo/odoo/addons/base/models/ir_ui_view.py:550 
2026-03-30 10:53:58,992 1467288 DEBUG ? odoo.modules.registry: Invalidating templates model caches from write /home/pablo/odoo/odoo/addons/base/models/ir_ui_view.py:550 
2026-03-30 10:53:58,993 1467288 DEBUG ? odoo.modules.registry: Invalidating templates model caches from write /home/pablo/odoo/odoo/addons/base/models/ir_ui_view.py:550 
2026-03-30 10:53:58,998 1467288 DEBUG ? odoo.modules.registry: Invalidating templates model caches from write /home/pablo/odoo/odoo/addons/base/models/ir_ui_view.py:550 
2026-03-30 10:53:59,000 1467288 DEBUG ? odoo.modules.registry: Invalidating templates model caches from write /home/pablo/odoo/odoo/addons/base/models/ir_ui_view.py:550 
2026-03-30 10:53:59,012 1467288 DEBUG ? odoo.modules.registry: Invalidating templates model caches from write /home/pablo/odoo/odoo/addons/base/models/ir_ui_view.py:550 
2026-03-30 10:53:59,013 1467288 DEBUG ? odoo.modules.registry: Invalidating templates model caches from write /home/pablo/odoo/odoo/addons/base/models/ir_ui_view.py:550 
2026-03-30 10:53:59,024 1467288 DEBUG ? odoo.modules.registry: Invalidating templates model caches from write /home/pablo/odoo/odoo/addons/base/models/ir_ui_view.py:550 
2026-03-30 10:53:59,026 1467288 DEBUG ? odoo.modules.registry: Invalidating templates model caches from write /home/pablo/odoo/odoo/addons/base/models/ir_ui_view.py:550 
2026-03-30 10:53:59,034 1467288 DEBUG ? odoo.modules.registry: Invalidating templates model caches from write /home/pablo/odoo/odoo/addons/base/models/ir_ui_view.py:550 
2026-03-30 10:53:59,035 1467288 DEBUG ? odoo.modules.registry: Invalidating templates model caches from write /home/pablo/odoo/odoo/addons/base/models/ir_ui_view.py:550 
2026-03-30 10:53:59,042 1467288 DEBUG ? odoo.modules.registry: Invalidating templates model caches from write /home/pablo/odoo/odoo/addons/base/models/ir_ui_view.py:550 
2026-03-30 10:53:59,043 1467288 DEBUG ? odoo.modules.registry: Invalidating templates model caches from write /home/pablo/odoo/odoo/addons/base/models/ir_ui_view.py:550 
2026-03-30 10:53:59,050 1467288 DEBUG ? odoo.modules.registry: Invalidating templates model caches from write /home/pablo/odoo/odoo/addons/base/models/ir_ui_view.py:550 
2026-03-30 10:53:59,052 1467288 DEBUG ? odoo.modules.registry: Invalidating templates model caches from write /home/pablo/odoo/odoo/addons/base/models/ir_ui_view.py:550 
2026-03-30 10:53:59,062 1467288 DEBUG ? odoo.modules.registry: Invalidating templates model caches from write /home/pablo/odoo/odoo/addons/base/models/ir_ui_view.py:550 
2026-03-30 10:53:59,063 1467288 DEBUG ? odoo.modules.registry: Invalidating templates model caches from write /home/pablo/odoo/odoo/addons/base/models/ir_ui_view.py:550 
2026-03-30 10:53:59,065 1467288 INFO ? odoo.modules.loading: loading helpdesk_mgmt/views/helpdesk_ticket_time_line_views.xml 
2026-03-30 10:53:59,068 1467288 DEBUG ? odoo.modules.registry: Invalidating templates model caches from write /home/pablo/odoo/odoo/addons/base/models/ir_ui_view.py:550 
2026-03-30 10:53:59,069 1467288 DEBUG ? odoo.modules.registry: Invalidating templates model caches from write /home/pablo/odoo/odoo/addons/base/models/ir_ui_view.py:550 
2026-03-30 10:53:59,076 1467288 INFO ? odoo.modules.loading: loading helpdesk_mgmt/views/helpdesk_ticket_views.xml 
2026-03-30 10:53:59,080 1467288 DEBUG ? odoo.modules.registry: Invalidating default model caches from write /home/pablo/odoo/odoo/addons/base/models/ir_actions.py:114 
2026-03-30 10:53:59,082 1467288 DEBUG ? odoo.modules.registry: Invalidating default model caches from write /home/pablo/odoo/odoo/addons/base/models/ir_actions.py:114 
2026-03-30 10:53:59,084 1467288 DEBUG ? odoo.modules.registry: Invalidating templates model caches from write /home/pablo/odoo/odoo/addons/base/models/ir_ui_view.py:550 
2026-03-30 10:53:59,085 1467288 DEBUG ? odoo.modules.registry: Invalidating templates model caches from write /home/pablo/odoo/odoo/addons/base/models/ir_ui_view.py:550 
2026-03-30 10:53:59,095 1467288 DEBUG ? odoo.modules.registry: Invalidating templates model caches from write /home/pablo/odoo/odoo/addons/base/models/ir_ui_view.py:550 
2026-03-30 10:53:59,096 1467288 DEBUG ? odoo.modules.registry: Invalidating templates model caches from write /home/pablo/odoo/odoo/addons/base/models/ir_ui_view.py:550 
2026-03-30 10:53:59,100 1467288 DEBUG ? odoo.modules.registry: Invalidating templates model caches from write /home/pablo/odoo/odoo/addons/base/models/ir_ui_view.py:550 
2026-03-30 10:53:59,101 1467288 DEBUG ? odoo.modules.registry: Invalidating templates model caches from write /home/pablo/odoo/odoo/addons/base/models/ir_ui_view.py:550 
2026-03-30 10:53:59,108 1467288 DEBUG ? odoo.modules.registry: Invalidating templates model caches from write /home/pablo/odoo/odoo/addons/base/models/ir_ui_view.py:550 
2026-03-30 10:53:59,109 1467288 DEBUG ? odoo.modules.registry: Invalidating templates model caches from write /home/pablo/odoo/odoo/addons/base/models/ir_ui_view.py:550 
2026-03-30 10:53:59,114 1467288 DEBUG ? odoo.modules.registry: Invalidating templates model caches from write /home/pablo/odoo/odoo/addons/base/models/ir_ui_view.py:550 
2026-03-30 10:53:59,115 1467288 DEBUG ? odoo.modules.registry: Invalidating templates model caches from write /home/pablo/odoo/odoo/addons/base/models/ir_ui_view.py:550 
2026-03-30 10:53:59,120 1467288 DEBUG ? odoo.modules.registry: Invalidating templates model caches from write /home/pablo/odoo/odoo/addons/base/models/ir_ui_view.py:550 
2026-03-30 10:53:59,122 1467288 DEBUG ? odoo.modules.registry: Invalidating templates model caches from write /home/pablo/odoo/odoo/addons/base/models/ir_ui_view.py:550 
2026-03-30 10:53:59,128 1467288 DEBUG ? odoo.modules.registry: Invalidating templates model caches from write /home/pablo/odoo/odoo/addons/base/models/ir_ui_view.py:550 
2026-03-30 10:53:59,129 1467288 DEBUG ? odoo.modules.registry: Invalidating templates model caches from write /home/pablo/odoo/odoo/addons/base/models/ir_ui_view.py:550 
2026-03-30 10:53:59,141 1467288 DEBUG ? odoo.modules.registry: Invalidating templates model caches from write /home/pablo/odoo/odoo/addons/base/models/ir_ui_view.py:550 
2026-03-30 10:53:59,142 1467288 DEBUG ? odoo.modules.registry: Invalidating templates model caches from write /home/pablo/odoo/odoo/addons/base/models/ir_ui_view.py:550 
2026-03-30 10:53:59,150 1467288 DEBUG ? odoo.modules.registry: Invalidating templates model caches from write /home/pablo/odoo/odoo/addons/base/models/ir_ui_view.py:550 
2026-03-30 10:53:59,151 1467288 DEBUG ? odoo.modules.registry: Invalidating templates model caches from write /home/pablo/odoo/odoo/addons/base/models/ir_ui_view.py:550 
2026-03-30 10:53:59,167 1467288 DEBUG ? odoo.tools.convert: while parsing /home/pablo/odoo/addons/helpdesk/helpdesk_mgmt/views/helpdesk_ticket_views.xml:439
Error while parsing or validating view:

Element '<xpath expr="//header/button[@name=&#39;action_cancel_case&#39;]">' cannot be located in parent view

View error context:
{'file': '/home/pablo/odoo/addons/helpdesk/helpdesk_mgmt/views/helpdesk_ticket_views.xml',
 'line': 1,
 'name': 'helpdesk.ticket.form.resolution.ot',
 'view': ir.ui.view(1565,),
 'view.model': 'helpdesk.ticket',
 'view.parent': ir.ui.view(1552,),
 'xmlid': 'view_helpdesk_ticket_form_resolution'}
 
Traceback (most recent call last):
  File "/home/pablo/odoo/odoo/tools/convert.py", line 590, in _tag_root
    f(rec)
    ~^^^^^
  File "/home/pablo/odoo/odoo/tools/convert.py", line 444, in _tag_record
    record = model._load_records([data], self.mode == 'update')
  File "/home/pablo/odoo/odoo/models.py", line 5508, in _load_records
    data['record']._load_records_write(data['values'])
    ~~~~~~~~~~~~~~~~~~~~~~~~~~~~~~~~~~^^^^^^^^^^^^^^^^
  File "/home/pablo/odoo/odoo/addons/base/models/ir_ui_view.py", line 2311, in _load_records_write
    super(View, self)._load_records_write(values)
    ~~~~~~~~~~~~~~~~~~~~~~~~~~~~~~~~~~~~~^^^^^^^^
  File "/home/pablo/odoo/odoo/models.py", line 5426, in _load_records_write
    self.write(values)
    ~~~~~~~~~~^^^^^^^^
  File "/home/pablo/odoo/odoo/addons/base/models/ir_ui_view.py", line 554, in write
    res = super(View, self).write(self._compute_defaults(vals))
  File "/home/pablo/odoo/odoo/models.py", line 4845, in write
    fields[0].determine_inverse(real_recs)
    ~~~~~~~~~~~~~~~~~~~~~~~~~~~^^^^^^^^^^^
  File "/home/pablo/odoo/odoo/fields.py", line 1502, in determine_inverse
    determine(self.inverse, records)
    ~~~~~~~~~^^^^^^^^^^^^^^^^^^^^^^^
  File "/home/pablo/odoo/odoo/fields.py", line 110, in determine
    return needle(*args)
  File "/home/pablo/odoo/odoo/addons/base/models/ir_ui_view.py", line 262, in _inverse_arch
    view.write(data)
    ~~~~~~~~~~^^^^^^
  File "/home/pablo/odoo/odoo/addons/base/models/ir_ui_view.py", line 554, in write
    res = super(View, self).write(self._compute_defaults(vals))
  File "/home/pablo/odoo/odoo/models.py", line 4835, in write
    real_recs._validate_fields(vals, inverse_fields)
    ~~~~~~~~~~~~~~~~~~~~~~~~~~^^^^^^^^^^^^^^^^^^^^^^
  File "/home/pablo/odoo/odoo/models.py", line 1636, in _validate_fields
    check(self)
    ~~~~~^^^^^^
  File "/home/pablo/odoo/odoo/addons/base/models/ir_ui_view.py", line 377, in _check_xml
    raise err from None
  File "/home/pablo/odoo/odoo/addons/base/models/ir_ui_view.py", line 367, in _check_xml
    combined_arch = view._get_combined_arch()
  File "/home/pablo/odoo/odoo/addons/base/models/ir_ui_view.py", line 962, in _get_combined_arch
    arch = root.with_prefetch(tree_views._prefetch_ids)._combine(hierarchy)
  File "/home/pablo/odoo/odoo/addons/base/models/ir_ui_view.py", line 920, in _combine
    combined_arch = view.apply_inheritance_specs(combined_arch, arch)
  File "/home/pablo/odoo/odoo/addons/base/models/ir_ui_view.py", line 857, in apply_inheritance_specs
    self._raise_view_error(str(e), specs_tree)
    ~~~~~~~~~~~~~~~~~~~~~~^^^^^^^^^^^^^^^^^^^^
  File "/home/pablo/odoo/odoo/addons/base/models/ir_ui_view.py", line 734, in _raise_view_error
    raise err from from_exception
odoo.exceptions.ValidationError: Error while parsing or validating view:

Element '<xpath expr="//header/button[@name=&#39;action_cancel_case&#39;]">' cannot be located in parent view
2026-03-30 10:53:59,175 1467288 WARNING ? odoo.modules.loading: Transient module states were reset 
2026-03-30 10:53:59,176 1467288 ERROR ? odoo.modules.registry: Failed to load registry 
2026-03-30 10:53:59,176 1467288 ERROR ? odoo.http: Exception during request handling. 
Traceback (most recent call last):
  File "/home/pablo/odoo/odoo/http.py", line 2577, in __call__
    response = request._serve_db()
  File "/home/pablo/odoo/odoo/http.py", line 2081, in _serve_db
    self.registry, cr_readwrite = self._open_registry()
                                  ~~~~~~~~~~~~~~~~~~~^^
  File "/home/pablo/odoo/odoo/http.py", line 1690, in _open_registry
    registry = Registry(self.db)
  File "/home/pablo/odoo/odoo/modules/registry.py", line 108, in __new__
    return cls.new(db_name)
           ~~~~~~~^^^^^^^^^
  File "/home/pablo/odoo/.venv/lib/python3.13/site-packages/decorator.py", line 235, in fun
    return caller(func, *(extras + args), **kw)
  File "/home/pablo/odoo/odoo/tools/func.py", line 97, in locked
    return func(inst, *args, **kwargs)
  File "/home/pablo/odoo/odoo/modules/registry.py", line 129, in new
    odoo.modules.load_modules(registry, force_demo, status, update_module)
    ~~~~~~~~~~~~~~~~~~~~~~~~~^^^^^^^^^^^^^^^^^^^^^^^^^^^^^^^^^^^^^^^^^^^^^
  File "/home/pablo/odoo/odoo/modules/loading.py", line 485, in load_modules
    processed_modules += load_marked_modules(env, graph,
                         ~~~~~~~~~~~~~~~~~~~^^^^^^^^^^^^
        ['installed', 'to upgrade', 'to remove'],
        ^^^^^^^^^^^^^^^^^^^^^^^^^^^^^^^^^^^^^^^^^
        force, status, report, loaded_modules, update_module, models_to_check)
        ^^^^^^^^^^^^^^^^^^^^^^^^^^^^^^^^^^^^^^^^^^^^^^^^^^^^^^^^^^^^^^^^^^^^^^
  File "/home/pablo/odoo/odoo/modules/loading.py", line 365, in load_marked_modules
    loaded, processed = load_module_graph(
                        ~~~~~~~~~~~~~~~~~^
        env, graph, progressdict, report=report, skip_modules=loaded_modules,
        ^^^^^^^^^^^^^^^^^^^^^^^^^^^^^^^^^^^^^^^^^^^^^^^^^^^^^^^^^^^^^^^^^^^^^
        perform_checks=perform_checks, models_to_check=models_to_check
        ^^^^^^^^^^^^^^^^^^^^^^^^^^^^^^^^^^^^^^^^^^^^^^^^^^^^^^^^^^^^^^
    )
    ^
  File "/home/pablo/odoo/odoo/modules/loading.py", line 228, in load_module_graph
    load_data(env, idref, mode, kind='data', package=package)
    ~~~~~~~~~^^^^^^^^^^^^^^^^^^^^^^^^^^^^^^^^^^^^^^^^^^^^^^^^
  File "/home/pablo/odoo/odoo/modules/loading.py", line 72, in load_data
    tools.convert_file(env, package.name, filename, idref, mode, noupdate, kind)
    ~~~~~~~~~~~~~~~~~~^^^^^^^^^^^^^^^^^^^^^^^^^^^^^^^^^^^^^^^^^^^^^^^^^^^^^^^^^^
  File "/home/pablo/odoo/odoo/tools/convert.py", line 662, in convert_file
    convert_xml_import(env, module, fp, idref, mode, noupdate)
    ~~~~~~~~~~~~~~~~~~^^^^^^^^^^^^^^^^^^^^^^^^^^^^^^^^^^^^^^^^
  File "/home/pablo/odoo/odoo/tools/convert.py", line 733, in convert_xml_import
    obj.parse(doc.getroot())
    ~~~~~~~~~^^^^^^^^^^^^^^^
  File "/home/pablo/odoo/odoo/tools/convert.py", line 648, in parse
    self._tag_root(de)
    ~~~~~~~~~~~~~~^^^^
  File "/home/pablo/odoo/odoo/tools/convert.py", line 601, in _tag_root
    raise ParseError(msg) from None  # Restart with "--log-handler odoo.tools.convert:DEBUG" for complete traceback
    ^^^^^^^^^^^^^^^^^^^^^^^^^^^^^^^
odoo.tools.convert.ParseError: while parsing /home/pablo/odoo/addons/helpdesk/helpdesk_mgmt/views/helpdesk_ticket_views.xml:439
Error while parsing or validating view:

Element '<xpath expr="//header/button[@name=&#39;action_cancel_case&#39;]">' cannot be located in parent view

View error context:
{'file': '/home/pablo/odoo/addons/helpdesk/helpdesk_mgmt/views/helpdesk_ticket_views.xml',
 'line': 1,
 'name': 'helpdesk.ticket.form.resolution.ot',
 'view': ir.ui.view(1565,),
 'view.model': 'helpdesk.ticket',
 'view.parent': ir.ui.view(1552,),
 'xmlid': 'view_helpdesk_ticket_form_resolution'}

2026-03-30 10:53:59,179 1467288 INFO ? werkzeug: 127.0.0.1 - - [30/Mar/2026 10:53:59] "GET /odoo/apps HTTP/1.1" 500 - 797 0.650 1.092
2026-03-30 10:53:59,285 1467288 DEBUG ? odoo.modules.registry: Multiprocess load registry signaling: [Registry: 26] [Cache default: 28] [Cache assets: 3] [Cache templates: 2] [Cache routing: 1] [Cache groups: 2] 
2026-03-30 10:53:59,290 1467288 INFO ? odoo.modules.loading: loading 1 modules... 
2026-03-30 10:53:59,291 1467288 DEBUG ? odoo.modules.loading: Loading module base (1/1) 
2026-03-30 10:53:59,308 1467288 DEBUG ? odoo.modules.loading: Module base loaded in 0.02s, 0 queries 
2026-03-30 10:53:59,308 1467288 INFO ? odoo.modules.loading: 1 modules loaded in 0.02s, 0 queries (+0 extra) 
2026-03-30 10:53:59,332 1467288 DEBUG ? odoo.modules.loading: Updating graph with 100 more modules 
2026-03-30 10:53:59,333 1467288 INFO ? odoo.modules.loading: loading 101 modules... 
2026-03-30 10:53:59,333 1467288 DEBUG ? odoo.modules.loading: Loading module l10n_us (2/101) 
2026-03-30 10:53:59,333 1467288 DEBUG ? odoo.modules.loading: Module l10n_us loaded in 0.00s, 0 queries 
2026-03-30 10:53:59,333 1467288 DEBUG ? odoo.modules.loading: Loading module social_media (3/101) 
2026-03-30 10:53:59,333 1467288 DEBUG ? odoo.modules.loading: Module social_media loaded in 0.00s, 0 queries 
2026-03-30 10:53:59,333 1467288 DEBUG ? odoo.modules.loading: Loading module uom (4/101) 
2026-03-30 10:53:59,334 1467288 DEBUG ? odoo.modules.loading: Module uom loaded in 0.00s, 0 queries 
2026-03-30 10:53:59,334 1467288 DEBUG ? odoo.modules.loading: Loading module web (5/101) 
2026-03-30 10:53:59,335 1467288 DEBUG ? odoo.modules.loading: Module web loaded in 0.00s, 0 queries 
2026-03-30 10:53:59,336 1467288 DEBUG ? odoo.modules.loading: Loading module auth_totp (6/101) 
2026-03-30 10:53:59,336 1467288 DEBUG ? odoo.modules.loading: Module auth_totp loaded in 0.00s, 0 queries 
2026-03-30 10:53:59,336 1467288 DEBUG ? odoo.modules.loading: Loading module barcodes (7/101) 
2026-03-30 10:53:59,336 1467288 DEBUG ? odoo.modules.loading: Module barcodes loaded in 0.00s, 0 queries 
2026-03-30 10:53:59,337 1467288 DEBUG ? odoo.modules.loading: Loading module base_import (8/101) 
2026-03-30 10:53:59,338 1467288 DEBUG ? odoo.modules.loading: Module base_import loaded in 0.00s, 0 queries 
2026-03-30 10:53:59,338 1467288 DEBUG ? odoo.modules.loading: Loading module base_import_module (9/101) 
2026-03-30 10:53:59,348 1467288 DEBUG ? odoo.modules.loading: Module base_import_module loaded in 0.01s, 0 queries 
2026-03-30 10:53:59,348 1467288 DEBUG ? odoo.modules.loading: Loading module base_setup (10/101) 
2026-03-30 10:53:59,349 1467288 DEBUG ? odoo.modules.loading: Module base_setup loaded in 0.00s, 0 queries 
2026-03-30 10:53:59,349 1467288 DEBUG ? odoo.modules.loading: Loading module bus (11/101) 
2026-03-30 10:53:59,349 1467288 DEBUG ? odoo.modules.loading: Module bus loaded in 0.00s, 0 queries 
2026-03-30 10:53:59,350 1467288 DEBUG ? odoo.modules.loading: Loading module http_routing (12/101) 
2026-03-30 10:53:59,350 1467288 DEBUG ? odoo.modules.loading: Module http_routing loaded in 0.00s, 0 queries 
2026-03-30 10:53:59,350 1467288 DEBUG ? odoo.modules.loading: Loading module onboarding (13/101) 
2026-03-30 10:53:59,350 1467288 DEBUG ? odoo.modules.loading: Module onboarding loaded in 0.00s, 0 queries 
2026-03-30 10:53:59,351 1467288 DEBUG ? odoo.modules.loading: Loading module resource (14/101) 
2026-03-30 10:53:59,351 1467288 DEBUG ? odoo.modules.loading: Module resource loaded in 0.00s, 0 queries 
2026-03-30 10:53:59,351 1467288 DEBUG ? odoo.modules.loading: Loading module utm (15/101) 
2026-03-30 10:53:59,352 1467288 DEBUG ? odoo.modules.loading: Module utm loaded in 0.00s, 0 queries 
2026-03-30 10:53:59,352 1467288 DEBUG ? odoo.modules.loading: Loading module web_hierarchy (16/101) 
2026-03-30 10:53:59,354 1467288 DEBUG ? odoo.modules.loading: Module web_hierarchy loaded in 0.00s, 0 queries 
2026-03-30 10:53:59,354 1467288 DEBUG ? odoo.modules.loading: Loading module web_tour (17/101) 
2026-03-30 10:53:59,354 1467288 DEBUG ? odoo.modules.loading: Module web_tour loaded in 0.00s, 0 queries 
2026-03-30 10:53:59,354 1467288 DEBUG ? odoo.modules.loading: Loading module barcodes_gs1_nomenclature (18/101) 
2026-03-30 10:53:59,355 1467288 DEBUG ? odoo.modules.loading: Module barcodes_gs1_nomenclature loaded in 0.00s, 0 queries 
2026-03-30 10:53:59,364 1467288 DEBUG ? odoo.modules.loading: Loading module html_editor (19/101) 
2026-03-30 10:53:59,364 1467288 DEBUG ? odoo.modules.loading: Module html_editor loaded in 0.00s, 0 queries 
2026-03-30 10:53:59,364 1467288 DEBUG ? odoo.modules.loading: Loading module iap (20/101) 
2026-03-30 10:53:59,365 1467288 DEBUG ? odoo.modules.loading: Module iap loaded in 0.00s, 0 queries 
2026-03-30 10:53:59,365 1467288 DEBUG ? odoo.modules.loading: Loading module mail (21/101) 
2026-03-30 10:53:59,370 1467288 DEBUG ? odoo.modules.loading: Module mail loaded in 0.01s, 0 queries 
2026-03-30 10:53:59,370 1467288 DEBUG ? odoo.modules.loading: Loading module web_editor (22/101) 
2026-03-30 10:53:59,384 1467288 DEBUG ? odoo.modules.loading: Module web_editor loaded in 0.01s, 0 queries 
2026-03-30 10:53:59,385 1467288 DEBUG ? odoo.modules.loading: Loading module analytic (23/101) 
2026-03-30 10:53:59,385 1467288 DEBUG ? odoo.modules.loading: Module analytic loaded in 0.00s, 0 queries 
2026-03-30 10:53:59,386 1467288 DEBUG ? odoo.modules.loading: Loading module auth_signup (24/101) 
2026-03-30 10:53:59,396 1467288 DEBUG ? odoo.modules.loading: Module auth_signup loaded in 0.01s, 0 queries 
2026-03-30 10:53:59,396 1467288 DEBUG ? odoo.modules.loading: Loading module auth_totp_mail (25/101) 
2026-03-30 10:53:59,396 1467288 DEBUG ? odoo.modules.loading: Module auth_totp_mail loaded in 0.00s, 0 queries 
2026-03-30 10:53:59,396 1467288 DEBUG ? odoo.modules.loading: Loading module base_install_request (26/101) 
2026-03-30 10:53:59,397 1467288 DEBUG ? odoo.modules.loading: Module base_install_request loaded in 0.00s, 0 queries 
2026-03-30 10:53:59,397 1467288 DEBUG ? odoo.modules.loading: Loading module calendar (27/101) 
2026-03-30 10:53:59,398 1467288 DEBUG ? odoo.modules.loading: Module calendar loaded in 0.00s, 0 queries 
2026-03-30 10:53:59,398 1467288 DEBUG ? odoo.modules.loading: Loading module contacts (28/101) 
2026-03-30 10:53:59,398 1467288 DEBUG ? odoo.modules.loading: Module contacts loaded in 0.00s, 0 queries 
2026-03-30 10:53:59,399 1467288 DEBUG ? odoo.modules.loading: Loading module gamification (29/101) 
2026-03-30 10:53:59,400 1467288 DEBUG ? odoo.modules.loading: Module gamification loaded in 0.00s, 0 queries 
2026-03-30 10:53:59,400 1467288 DEBUG ? odoo.modules.loading: Loading module iap_mail (30/101) 
2026-03-30 10:53:59,400 1467288 DEBUG ? odoo.modules.loading: Module iap_mail loaded in 0.00s, 0 queries 
2026-03-30 10:53:59,400 1467288 DEBUG ? odoo.modules.loading: Loading module link_tracker (31/101) 
2026-03-30 10:53:59,401 1467288 DEBUG ? odoo.modules.loading: Module link_tracker loaded in 0.00s, 0 queries 
2026-03-30 10:53:59,401 1467288 DEBUG ? odoo.modules.loading: Loading module mail_bot (32/101) 
2026-03-30 10:53:59,401 1467288 DEBUG ? odoo.modules.loading: Module mail_bot loaded in 0.00s, 0 queries 
2026-03-30 10:53:59,401 1467288 DEBUG ? odoo.modules.loading: Loading module microsoft_outlook (33/101) 
2026-03-30 10:53:59,402 1467288 DEBUG ? odoo.modules.loading: Module microsoft_outlook loaded in 0.00s, 0 queries 
2026-03-30 10:53:59,402 1467288 DEBUG ? odoo.modules.loading: Loading module phone_validation (34/101) 
2026-03-30 10:53:59,405 1467288 DEBUG ? odoo.modules.loading: Module phone_validation loaded in 0.00s, 0 queries 
2026-03-30 10:53:59,405 1467288 DEBUG ? odoo.modules.loading: Loading module privacy_lookup (35/101) 
2026-03-30 10:53:59,406 1467288 DEBUG ? odoo.modules.loading: Module privacy_lookup loaded in 0.00s, 0 queries 
2026-03-30 10:53:59,406 1467288 DEBUG ? odoo.modules.loading: Loading module product (36/101) 
2026-03-30 10:53:59,410 1467288 DEBUG ? odoo.modules.loading: Module product loaded in 0.00s, 0 queries 
2026-03-30 10:53:59,411 1467288 DEBUG ? odoo.modules.loading: Loading module rating (37/101) 
2026-03-30 10:53:59,415 1467288 DEBUG ? odoo.modules.loading: Module rating loaded in 0.00s, 0 queries 
2026-03-30 10:53:59,418 1467288 DEBUG ? odoo.modules.loading: Loading module resource_mail (38/101) 
2026-03-30 10:53:59,418 1467288 DEBUG ? odoo.modules.loading: Module resource_mail loaded in 0.00s, 0 queries 
2026-03-30 10:53:59,418 1467288 DEBUG ? odoo.modules.loading: Loading module sales_team (39/101) 
2026-03-30 10:53:59,419 1467288 DEBUG ? odoo.modules.loading: Module sales_team loaded in 0.00s, 0 queries 
2026-03-30 10:53:59,419 1467288 DEBUG ? odoo.modules.loading: Loading module web_unsplash (40/101) 
2026-03-30 10:53:59,419 1467288 DEBUG ? odoo.modules.loading: Module web_unsplash loaded in 0.00s, 0 queries 
2026-03-30 10:53:59,419 1467288 DEBUG ? odoo.modules.loading: Loading module partner_autocomplete (41/101) 
2026-03-30 10:53:59,420 1467288 DEBUG ? odoo.modules.loading: Module partner_autocomplete loaded in 0.00s, 0 queries 
2026-03-30 10:53:59,420 1467288 DEBUG ? odoo.modules.loading: Loading module portal (42/101) 
2026-03-30 10:53:59,421 1467288 DEBUG ? odoo.modules.loading: Module portal loaded in 0.00s, 0 queries 
2026-03-30 10:53:59,421 1467288 DEBUG ? odoo.modules.loading: Loading module sms (43/101) 
2026-03-30 10:53:59,426 1467288 DEBUG ? odoo.modules.loading: Module sms loaded in 0.00s, 0 queries 
2026-03-30 10:53:59,426 1467288 DEBUG ? odoo.modules.loading: Loading module snailmail (44/101) 
2026-03-30 10:53:59,427 1467288 DEBUG ? odoo.modules.loading: Module snailmail loaded in 0.00s, 0 queries 
2026-03-30 10:53:59,427 1467288 DEBUG ? odoo.modules.loading: Loading module survey (45/101) 
2026-03-30 10:53:59,428 1467288 DEBUG ? odoo.modules.loading: Module survey loaded in 0.00s, 0 queries 
2026-03-30 10:53:59,428 1467288 DEBUG ? odoo.modules.loading: Loading module auth_totp_portal (46/101) 
2026-03-30 10:53:59,428 1467288 DEBUG ? odoo.modules.loading: Module auth_totp_portal loaded in 0.00s, 0 queries 
2026-03-30 10:53:59,428 1467288 DEBUG ? odoo.modules.loading: Loading module calendar_sms (47/101) 
2026-03-30 10:53:59,429 1467288 DEBUG ? odoo.modules.loading: Module calendar_sms loaded in 0.00s, 0 queries 
2026-03-30 10:53:59,429 1467288 DEBUG ? odoo.modules.loading: Loading module digest (48/101) 
2026-03-30 10:53:59,429 1467288 DEBUG ? odoo.modules.loading: Module digest loaded in 0.00s, 0 queries 
2026-03-30 10:53:59,429 1467288 DEBUG ? odoo.modules.loading: Loading module payment (49/101) 
2026-03-30 10:53:59,440 1467288 DEBUG ? odoo.modules.loading: Module payment loaded in 0.01s, 0 queries 
2026-03-30 10:53:59,440 1467288 DEBUG ? odoo.modules.loading: Loading module portal_rating (50/101) 
2026-03-30 10:53:59,441 1467288 DEBUG ? odoo.modules.loading: Module portal_rating loaded in 0.00s, 0 queries 
2026-03-30 10:53:59,441 1467288 DEBUG ? odoo.modules.loading: Loading module spreadsheet (51/101) 
2026-03-30 10:53:59,442 1467288 DEBUG ? odoo.modules.loading: Module spreadsheet loaded in 0.00s, 0 queries 
2026-03-30 10:53:59,442 1467288 DEBUG ? odoo.modules.loading: Loading module account (52/101) 
2026-03-30 10:53:59,451 1467288 DEBUG ? odoo.modules.loading: Module account loaded in 0.01s, 0 queries 
2026-03-30 10:53:59,451 1467288 DEBUG ? odoo.modules.loading: Loading module crm (53/101) 
2026-03-30 10:53:59,453 1467288 DEBUG ? odoo.modules.loading: Module crm loaded in 0.00s, 0 queries 
2026-03-30 10:53:59,453 1467288 DEBUG ? odoo.modules.loading: Loading module hr (54/101) 
2026-03-30 10:53:59,480 1467288 DEBUG ? odoo.modules.loading: Module hr loaded in 0.03s, 0 queries 
2026-03-30 10:53:59,481 1467288 DEBUG ? odoo.modules.loading: Loading module mass_mailing (55/101) 
2026-03-30 10:53:59,484 1467288 DEBUG ? odoo.modules.loading: Module mass_mailing loaded in 0.00s, 0 queries 
2026-03-30 10:53:59,484 1467288 DEBUG ? odoo.modules.loading: Loading module project (56/101) 
2026-03-30 10:53:59,485 1467288 DEBUG ? odoo.modules.loading: Module project loaded in 0.00s, 0 queries 
2026-03-30 10:53:59,486 1467288 DEBUG ? odoo.modules.loading: Loading module spreadsheet_dashboard (57/101) 
2026-03-30 10:53:59,486 1467288 DEBUG ? odoo.modules.loading: Module spreadsheet_dashboard loaded in 0.00s, 0 queries 
2026-03-30 10:53:59,486 1467288 DEBUG ? odoo.modules.loading: Loading module stock (58/101) 
2026-03-30 10:53:59,511 1467288 DEBUG ? odoo.modules.loading: Module stock loaded in 0.02s, 0 queries 
2026-03-30 10:53:59,513 1467288 DEBUG ? odoo.modules.loading: Loading module account_add_gln (59/101) 
2026-03-30 10:53:59,513 1467288 DEBUG ? odoo.modules.loading: Module account_add_gln loaded in 0.00s, 0 queries 
2026-03-30 10:53:59,513 1467288 DEBUG ? odoo.modules.loading: Loading module account_edi_ubl_cii (60/101) 
2026-03-30 10:53:59,515 1467288 DEBUG ? odoo.modules.loading: Module account_edi_ubl_cii loaded in 0.00s, 0 queries 
2026-03-30 10:53:59,515 1467288 DEBUG ? odoo.modules.loading: Loading module account_payment (61/101) 
2026-03-30 10:53:59,515 1467288 DEBUG ? odoo.modules.loading: Module account_payment loaded in 0.00s, 0 queries 
2026-03-30 10:53:59,515 1467288 DEBUG ? odoo.modules.loading: Loading module base_iban (62/101) 
2026-03-30 10:53:59,516 1467288 DEBUG ? odoo.modules.loading: Module base_iban loaded in 0.00s, 0 queries 
2026-03-30 10:53:59,516 1467288 DEBUG ? odoo.modules.loading: Loading module base_vat (63/101) 
2026-03-30 10:53:59,516 1467288 DEBUG ? odoo.modules.loading: Module base_vat loaded in 0.00s, 0 queries 
2026-03-30 10:53:59,516 1467288 DEBUG ? odoo.modules.loading: Loading module board (64/101) 
2026-03-30 10:53:59,517 1467288 DEBUG ? odoo.modules.loading: Module board loaded in 0.00s, 0 queries 
2026-03-30 10:53:59,517 1467288 DEBUG ? odoo.modules.loading: Loading module crm_sms (65/101) 
2026-03-30 10:53:59,517 1467288 DEBUG ? odoo.modules.loading: Module crm_sms loaded in 0.00s, 0 queries 
2026-03-30 10:53:59,517 1467288 DEBUG ? odoo.modules.loading: Loading module hr_calendar (66/101) 
2026-03-30 10:53:59,517 1467288 DEBUG ? odoo.modules.loading: Module hr_calendar loaded in 0.00s, 0 queries 
2026-03-30 10:53:59,517 1467288 DEBUG ? odoo.modules.loading: Loading module hr_gamification (67/101) 
2026-03-30 10:53:59,518 1467288 DEBUG ? odoo.modules.loading: Module hr_gamification loaded in 0.00s, 0 queries 
2026-03-30 10:53:59,518 1467288 DEBUG ? odoo.modules.loading: Loading module hr_org_chart (68/101) 
2026-03-30 10:53:59,518 1467288 DEBUG ? odoo.modules.loading: Module hr_org_chart loaded in 0.00s, 0 queries 
2026-03-30 10:53:59,518 1467288 DEBUG ? odoo.modules.loading: Loading module hr_skills (69/101) 
2026-03-30 10:53:59,519 1467288 DEBUG ? odoo.modules.loading: Module hr_skills loaded in 0.00s, 0 queries 
2026-03-30 10:53:59,520 1467288 DEBUG ? odoo.modules.loading: Loading module iap_crm (70/101) 
2026-03-30 10:53:59,520 1467288 DEBUG ? odoo.modules.loading: Module iap_crm loaded in 0.00s, 0 queries 
2026-03-30 10:53:59,520 1467288 DEBUG ? odoo.modules.loading: Loading module l10n_us_account (71/101) 
2026-03-30 10:53:59,520 1467288 DEBUG ? odoo.modules.loading: Module l10n_us_account loaded in 0.00s, 0 queries 
2026-03-30 10:53:59,520 1467288 DEBUG ? odoo.modules.loading: Loading module mail_bot_hr (72/101) 
2026-03-30 10:53:59,521 1467288 DEBUG ? odoo.modules.loading: Module mail_bot_hr loaded in 0.00s, 0 queries 
2026-03-30 10:53:59,521 1467288 DEBUG ? odoo.modules.loading: Loading module mass_mailing_crm (73/101) 
2026-03-30 10:53:59,530 1467288 DEBUG ? odoo.modules.loading: Module mass_mailing_crm loaded in 0.01s, 0 queries 
2026-03-30 10:53:59,531 1467288 DEBUG ? odoo.modules.loading: Loading module mass_mailing_themes (74/101) 
2026-03-30 10:53:59,531 1467288 DEBUG ? odoo.modules.loading: Module mass_mailing_themes loaded in 0.00s, 0 queries 
2026-03-30 10:53:59,531 1467288 DEBUG ? odoo.modules.loading: Loading module project_account (75/101) 
2026-03-30 10:53:59,531 1467288 DEBUG ? odoo.modules.loading: Module project_account loaded in 0.00s, 0 queries 
2026-03-30 10:53:59,531 1467288 DEBUG ? odoo.modules.loading: Loading module project_sms (76/101) 
2026-03-30 10:53:59,531 1467288 DEBUG ? odoo.modules.loading: Module project_sms loaded in 0.00s, 0 queries 
2026-03-30 10:53:59,532 1467288 DEBUG ? odoo.modules.loading: Loading module project_stock (77/101) 
2026-03-30 10:53:59,532 1467288 DEBUG ? odoo.modules.loading: Module project_stock loaded in 0.00s, 0 queries 
2026-03-30 10:53:59,532 1467288 DEBUG ? odoo.modules.loading: Loading module project_todo (78/101) 
2026-03-30 10:53:59,532 1467288 DEBUG ? odoo.modules.loading: Module project_todo loaded in 0.00s, 0 queries 
2026-03-30 10:53:59,532 1467288 DEBUG ? odoo.modules.loading: Loading module purchase (79/101) 
2026-03-30 10:53:59,534 1467288 DEBUG ? odoo.modules.loading: Module purchase loaded in 0.00s, 0 queries 
2026-03-30 10:53:59,534 1467288 DEBUG ? odoo.modules.loading: Loading module snailmail_account (80/101) 
2026-03-30 10:53:59,534 1467288 DEBUG ? odoo.modules.loading: Module snailmail_account loaded in 0.00s, 0 queries 
2026-03-30 10:53:59,534 1467288 DEBUG ? odoo.modules.loading: Loading module spreadsheet_account (81/101) 
2026-03-30 10:53:59,535 1467288 DEBUG ? odoo.modules.loading: Module spreadsheet_account loaded in 0.00s, 0 queries 
2026-03-30 10:53:59,535 1467288 DEBUG ? odoo.modules.loading: Loading module spreadsheet_dashboard_account (82/101) 
2026-03-30 10:53:59,535 1467288 DEBUG ? odoo.modules.loading: Module spreadsheet_dashboard_account loaded in 0.00s, 0 queries 
2026-03-30 10:53:59,535 1467288 DEBUG ? odoo.modules.loading: Loading module stock_account (83/101) 
2026-03-30 10:53:59,546 1467288 DEBUG ? odoo.modules.loading: Module stock_account loaded in 0.01s, 0 queries 
2026-03-30 10:53:59,546 1467288 DEBUG ? odoo.modules.loading: Loading module stock_sms (84/101) 
2026-03-30 10:53:59,547 1467288 DEBUG ? odoo.modules.loading: Module stock_sms loaded in 0.00s, 0 queries 
2026-03-30 10:53:59,547 1467288 DEBUG ? odoo.modules.loading: Loading module account_qr_code_sepa (85/101) 
2026-03-30 10:53:59,547 1467288 DEBUG ? odoo.modules.loading: Module account_qr_code_sepa loaded in 0.00s, 0 queries 
2026-03-30 10:53:59,548 1467288 DEBUG ? odoo.modules.loading: Loading module crm_iap_enrich (86/101) 
2026-03-30 10:53:59,548 1467288 DEBUG ? odoo.modules.loading: Module crm_iap_enrich loaded in 0.00s, 0 queries 
2026-03-30 10:53:59,548 1467288 DEBUG ? odoo.modules.loading: Loading module crm_iap_mine (87/101) 
2026-03-30 10:53:59,558 1467288 DEBUG ? odoo.modules.loading: Module crm_iap_mine loaded in 0.01s, 0 queries 
2026-03-30 10:53:59,558 1467288 INFO ? odoo.modules.loading: Loading module helpdesk_mgmt (88/101) 
2026-03-30 10:54:03,424 1467288 INFO ? odoo.modules.registry: module helpdesk_mgmt: creating or updating database tables 
2026-03-30 10:54:03,723 1467288 DEBUG ? odoo.models: Table 'res_company': setting default value of new column fiscalyear_last_day to 31 
2026-03-30 10:54:03,728 1467288 DEBUG ? odoo.models: Table 'res_company': setting default value of new column fiscalyear_last_month to '12' 
2026-03-30 10:54:03,729 1467288 DEBUG ? odoo.models: Table 'res_company': setting default value of new column account_price_include to 'tax_excluded' 
2026-03-30 10:54:03,733 1467288 DEBUG ? odoo.models: Table 'res_company': setting default value of new column account_opening_date to '2026-01-01' 
2026-03-30 10:54:03,734 1467288 DEBUG ? odoo.models: Table 'res_company': setting default value of new column po_lead to 0.0 
2026-03-30 10:54:03,755 1467288 DEBUG ? odoo.models: Table 'res_config_settings': setting default value of new column company_id to 1 
2026-03-30 10:54:03,798 1467288 DEBUG ? odoo.models: Table 'res_partner': setting default value of new column autopost_bills to 'ask' 
2026-03-30 10:54:03,819 1467288 DEBUG ? odoo.models: Table 'res_users': setting default value of new column notification_type to 'email' 
2026-03-30 10:54:03,850 1467288 WARNING ? odoo.addons.base.models.ir_model: Two fields (case_number, number) of helpdesk.ticket() have the same label: Número de caso. [Modules: helpdesk_mgmt and helpdesk_mgmt] 
2026-03-30 10:54:03,851 1467288 WARNING ? odoo.addons.base.models.ir_model: Two fields (subject_id, subject) of helpdesk.ticket() have the same label: Asunto. [Modules: helpdesk_mgmt and helpdesk_mgmt] 
2026-03-30 10:54:03,851 1467288 WARNING ? odoo.addons.base.models.ir_model: Two fields (state_reason_id, state_reason) of helpdesk.ticket() have the same label: Razón para el estado. [Modules: helpdesk_mgmt and helpdesk_mgmt] 
2026-03-30 10:54:04,262 1467288 DEBUG ? odoo.schema: Table 'res_company': column 'fiscalyear_last_day': added constraint NOT NULL 
2026-03-30 10:54:04,264 1467288 DEBUG ? odoo.schema: Table 'res_company': column 'fiscalyear_last_month': added constraint NOT NULL 
2026-03-30 10:54:04,266 1467288 DEBUG ? odoo.schema: Table 'res_company': column 'account_price_include': added constraint NOT NULL 
2026-03-30 10:54:04,267 1467288 DEBUG ? odoo.schema: Table 'res_company': column 'account_opening_date': added constraint NOT NULL 
2026-03-30 10:54:04,268 1467288 DEBUG ? odoo.schema: Table 'res_company': column 'po_lead': added constraint NOT NULL 
2026-03-30 10:54:04,270 1467288 DEBUG ? odoo.schema: Table 'res_config_settings': column 'company_id': added constraint NOT NULL 
2026-03-30 10:54:04,278 1467288 DEBUG ? odoo.schema: Table 'res_partner': column 'autopost_bills': added constraint NOT NULL 
2026-03-30 10:54:04,284 1467288 DEBUG ? odoo.schema: Table 'res_users': column 'notification_type': added constraint NOT NULL 
2026-03-30 10:54:04,290 1467288 INFO ? odoo.schema: Keep unexpected index helpdesk_ticket__priority_index on table helpdesk_ticket 
2026-03-30 10:54:04,290 1467288 INFO ? odoo.schema: Keep unexpected index helpdesk_ticket__state_index on table helpdesk_ticket 
2026-03-30 10:54:04,290 1467288 INFO ? odoo.schema: Keep unexpected index helpdesk_ticket__subject_id_index on table helpdesk_ticket 
2026-03-30 10:54:04,302 1467288 INFO ? odoo.modules.loading: loading helpdesk_mgmt/data/helpdesk_data.xml 
2026-03-30 10:54:04,311 1467288 DEBUG ? odoo.modules.registry: Invalidating templates model caches from write /home/pablo/odoo/odoo/addons/base/models/ir_ui_view.py:550 
2026-03-30 10:54:04,313 1467288 DEBUG ? odoo.modules.registry: Invalidating templates model caches from write /home/pablo/odoo/odoo/addons/base/models/ir_ui_view.py:550 
2026-03-30 10:54:04,378 1467288 INFO ? odoo.modules.loading: loading helpdesk_mgmt/security/helpdesk_security.xml 
2026-03-30 10:54:04,386 1467288 DEBUG ? odoo.modules.registry: Invalidating default model caches from call_cache_clearing_methods /home/pablo/odoo/odoo/addons/base/models/ir_model.py:2183 
2026-03-30 10:54:04,434 1467288 DEBUG ? odoo.modules.registry: Invalidating groups model caches from write /home/pablo/odoo/odoo/addons/base/models/res_users.py:1539 
2026-03-30 10:54:04,434 1467288 DEBUG ? odoo.modules.registry: Invalidating default model caches from write /home/pablo/odoo/odoo/addons/base/models/res_users.py:1681 
2026-03-30 10:54:04,435 1467288 DEBUG ? odoo.modules.registry: Invalidating groups model caches from _update_xmlids /home/pablo/odoo/odoo/addons/base/models/ir_model.py:2414 
2026-03-30 10:54:04,438 1467288 DEBUG ? odoo.modules.registry: Invalidating default model caches from call_cache_clearing_methods /home/pablo/odoo/odoo/addons/base/models/ir_model.py:2183 
2026-03-30 10:54:04,471 1467288 DEBUG ? odoo.modules.registry: Invalidating groups model caches from write /home/pablo/odoo/odoo/addons/base/models/res_users.py:1539 
2026-03-30 10:54:04,471 1467288 DEBUG ? odoo.modules.registry: Invalidating default model caches from write /home/pablo/odoo/odoo/addons/base/models/res_users.py:1681 
2026-03-30 10:54:04,472 1467288 DEBUG ? odoo.modules.registry: Invalidating groups model caches from _update_xmlids /home/pablo/odoo/odoo/addons/base/models/ir_model.py:2414 
2026-03-30 10:54:04,475 1467288 DEBUG ? odoo.modules.registry: Invalidating default model caches from call_cache_clearing_methods /home/pablo/odoo/odoo/addons/base/models/ir_model.py:2183 
2026-03-30 10:54:04,516 1467288 DEBUG ? odoo.modules.registry: Invalidating groups model caches from write /home/pablo/odoo/odoo/addons/base/models/res_users.py:1539 
2026-03-30 10:54:04,516 1467288 DEBUG ? odoo.modules.registry: Invalidating default model caches from write /home/pablo/odoo/odoo/addons/base/models/res_users.py:1681 
2026-03-30 10:54:04,517 1467288 DEBUG ? odoo.modules.registry: Invalidating groups model caches from _update_xmlids /home/pablo/odoo/odoo/addons/base/models/ir_model.py:2414 
2026-03-30 10:54:04,520 1467288 DEBUG ? odoo.modules.registry: Invalidating default model caches from call_cache_clearing_methods /home/pablo/odoo/odoo/addons/base/models/ir_model.py:2183 
2026-03-30 10:54:04,562 1467288 DEBUG ? odoo.modules.registry: Invalidating groups model caches from write /home/pablo/odoo/odoo/addons/base/models/res_users.py:1539 
2026-03-30 10:54:04,562 1467288 DEBUG ? odoo.modules.registry: Invalidating default model caches from write /home/pablo/odoo/odoo/addons/base/models/res_users.py:1681 
2026-03-30 10:54:04,564 1467288 DEBUG ? odoo.modules.registry: Invalidating groups model caches from _update_xmlids /home/pablo/odoo/odoo/addons/base/models/ir_model.py:2414 
2026-03-30 10:54:04,581 1467288 INFO ? odoo.modules.loading: loading helpdesk_mgmt/security/ir.model.access.csv 
2026-03-30 10:54:04,638 1467288 DEBUG ? odoo.modules.registry: Invalidating default model caches from call_cache_clearing_methods /home/pablo/odoo/odoo/addons/base/models/ir_model.py:2183 
2026-03-30 10:54:04,641 1467288 DEBUG ? odoo.modules.registry: Invalidating default model caches from call_cache_clearing_methods /home/pablo/odoo/odoo/addons/base/models/ir_model.py:2183 
2026-03-30 10:54:04,642 1467288 DEBUG ? odoo.modules.registry: Invalidating default model caches from call_cache_clearing_methods /home/pablo/odoo/odoo/addons/base/models/ir_model.py:2183 
2026-03-30 10:54:04,644 1467288 DEBUG ? odoo.modules.registry: Invalidating default model caches from call_cache_clearing_methods /home/pablo/odoo/odoo/addons/base/models/ir_model.py:2183 
2026-03-30 10:54:04,646 1467288 DEBUG ? odoo.modules.registry: Invalidating default model caches from call_cache_clearing_methods /home/pablo/odoo/odoo/addons/base/models/ir_model.py:2183 
2026-03-30 10:54:04,647 1467288 DEBUG ? odoo.modules.registry: Invalidating default model caches from call_cache_clearing_methods /home/pablo/odoo/odoo/addons/base/models/ir_model.py:2183 
2026-03-30 10:54:04,648 1467288 DEBUG ? odoo.modules.registry: Invalidating default model caches from call_cache_clearing_methods /home/pablo/odoo/odoo/addons/base/models/ir_model.py:2183 
2026-03-30 10:54:04,650 1467288 DEBUG ? odoo.modules.registry: Invalidating default model caches from call_cache_clearing_methods /home/pablo/odoo/odoo/addons/base/models/ir_model.py:2183 
2026-03-30 10:54:04,651 1467288 DEBUG ? odoo.modules.registry: Invalidating default model caches from call_cache_clearing_methods /home/pablo/odoo/odoo/addons/base/models/ir_model.py:2183 
2026-03-30 10:54:04,652 1467288 DEBUG ? odoo.modules.registry: Invalidating default model caches from call_cache_clearing_methods /home/pablo/odoo/odoo/addons/base/models/ir_model.py:2183 
2026-03-30 10:54:04,653 1467288 DEBUG ? odoo.modules.registry: Invalidating default model caches from call_cache_clearing_methods /home/pablo/odoo/odoo/addons/base/models/ir_model.py:2183 
2026-03-30 10:54:04,654 1467288 DEBUG ? odoo.modules.registry: Invalidating default model caches from call_cache_clearing_methods /home/pablo/odoo/odoo/addons/base/models/ir_model.py:2183 
2026-03-30 10:54:04,654 1467288 DEBUG ? odoo.modules.registry: Invalidating default model caches from call_cache_clearing_methods /home/pablo/odoo/odoo/addons/base/models/ir_model.py:2183 
2026-03-30 10:54:04,655 1467288 DEBUG ? odoo.modules.registry: Invalidating default model caches from call_cache_clearing_methods /home/pablo/odoo/odoo/addons/base/models/ir_model.py:2183 
2026-03-30 10:54:04,656 1467288 DEBUG ? odoo.modules.registry: Invalidating default model caches from call_cache_clearing_methods /home/pablo/odoo/odoo/addons/base/models/ir_model.py:2183 
2026-03-30 10:54:04,661 1467288 DEBUG ? odoo.modules.registry: Invalidating default model caches from call_cache_clearing_methods /home/pablo/odoo/odoo/addons/base/models/ir_model.py:2183 
2026-03-30 10:54:04,663 1467288 DEBUG ? odoo.modules.registry: Invalidating default model caches from call_cache_clearing_methods /home/pablo/odoo/odoo/addons/base/models/ir_model.py:2183 
2026-03-30 10:54:04,664 1467288 DEBUG ? odoo.modules.registry: Invalidating default model caches from call_cache_clearing_methods /home/pablo/odoo/odoo/addons/base/models/ir_model.py:2183 
2026-03-30 10:54:04,665 1467288 DEBUG ? odoo.modules.registry: Invalidating default model caches from call_cache_clearing_methods /home/pablo/odoo/odoo/addons/base/models/ir_model.py:2183 
2026-03-30 10:54:04,666 1467288 DEBUG ? odoo.modules.registry: Invalidating default model caches from call_cache_clearing_methods /home/pablo/odoo/odoo/addons/base/models/ir_model.py:2183 
2026-03-30 10:54:04,667 1467288 DEBUG ? odoo.modules.registry: Invalidating default model caches from call_cache_clearing_methods /home/pablo/odoo/odoo/addons/base/models/ir_model.py:2183 
2026-03-30 10:54:04,668 1467288 DEBUG ? odoo.modules.registry: Invalidating default model caches from call_cache_clearing_methods /home/pablo/odoo/odoo/addons/base/models/ir_model.py:2183 
2026-03-30 10:54:04,669 1467288 DEBUG ? odoo.modules.registry: Invalidating default model caches from call_cache_clearing_methods /home/pablo/odoo/odoo/addons/base/models/ir_model.py:2183 
2026-03-30 10:54:04,670 1467288 DEBUG ? odoo.modules.registry: Invalidating default model caches from call_cache_clearing_methods /home/pablo/odoo/odoo/addons/base/models/ir_model.py:2183 
2026-03-30 10:54:04,671 1467288 DEBUG ? odoo.modules.registry: Invalidating default model caches from call_cache_clearing_methods /home/pablo/odoo/odoo/addons/base/models/ir_model.py:2183 
2026-03-30 10:54:04,672 1467288 DEBUG ? odoo.modules.registry: Invalidating default model caches from call_cache_clearing_methods /home/pablo/odoo/odoo/addons/base/models/ir_model.py:2183 
2026-03-30 10:54:04,673 1467288 DEBUG ? odoo.modules.registry: Invalidating default model caches from call_cache_clearing_methods /home/pablo/odoo/odoo/addons/base/models/ir_model.py:2183 
2026-03-30 10:54:04,674 1467288 DEBUG ? odoo.modules.registry: Invalidating default model caches from call_cache_clearing_methods /home/pablo/odoo/odoo/addons/base/models/ir_model.py:2183 
2026-03-30 10:54:04,676 1467288 DEBUG ? odoo.modules.registry: Invalidating default model caches from call_cache_clearing_methods /home/pablo/odoo/odoo/addons/base/models/ir_model.py:2183 
2026-03-30 10:54:04,680 1467288 DEBUG ? odoo.modules.registry: Invalidating default model caches from call_cache_clearing_methods /home/pablo/odoo/odoo/addons/base/models/ir_model.py:2183 
2026-03-30 10:54:04,681 1467288 DEBUG ? odoo.modules.registry: Invalidating default model caches from call_cache_clearing_methods /home/pablo/odoo/odoo/addons/base/models/ir_model.py:2183 
2026-03-30 10:54:04,683 1467288 DEBUG ? odoo.modules.registry: Invalidating default model caches from call_cache_clearing_methods /home/pablo/odoo/odoo/addons/base/models/ir_model.py:2183 
2026-03-30 10:54:04,684 1467288 DEBUG ? odoo.modules.registry: Invalidating default model caches from call_cache_clearing_methods /home/pablo/odoo/odoo/addons/base/models/ir_model.py:2183 
2026-03-30 10:54:04,685 1467288 DEBUG ? odoo.modules.registry: Invalidating default model caches from call_cache_clearing_methods /home/pablo/odoo/odoo/addons/base/models/ir_model.py:2183 
2026-03-30 10:54:04,686 1467288 DEBUG ? odoo.modules.registry: Invalidating default model caches from call_cache_clearing_methods /home/pablo/odoo/odoo/addons/base/models/ir_model.py:2183 
2026-03-30 10:54:04,687 1467288 DEBUG ? odoo.modules.registry: Invalidating default model caches from call_cache_clearing_methods /home/pablo/odoo/odoo/addons/base/models/ir_model.py:2183 
2026-03-30 10:54:04,688 1467288 DEBUG ? odoo.modules.registry: Invalidating default model caches from call_cache_clearing_methods /home/pablo/odoo/odoo/addons/base/models/ir_model.py:2183 
2026-03-30 10:54:04,690 1467288 INFO ? odoo.modules.loading: loading helpdesk_mgmt/views/res_partner_views.xml 
2026-03-30 10:54:04,698 1467288 DEBUG ? odoo.modules.registry: Invalidating templates model caches from write /home/pablo/odoo/odoo/addons/base/models/ir_ui_view.py:550 
2026-03-30 10:54:04,701 1467288 DEBUG ? odoo.modules.registry: Invalidating templates model caches from write /home/pablo/odoo/odoo/addons/base/models/ir_ui_view.py:550 
2026-03-30 10:54:04,752 1467288 INFO ? odoo.modules.loading: loading helpdesk_mgmt/views/res_config_settings_views.xml 
2026-03-30 10:54:04,757 1467288 DEBUG ? odoo.modules.registry: Invalidating templates model caches from write /home/pablo/odoo/odoo/addons/base/models/ir_ui_view.py:550 
2026-03-30 10:54:04,763 1467288 DEBUG ? odoo.modules.registry: Invalidating templates model caches from write /home/pablo/odoo/odoo/addons/base/models/ir_ui_view.py:550 
2026-03-30 10:54:04,814 1467288 DEBUG ? odoo.modules.registry: Invalidating default model caches from write /home/pablo/odoo/odoo/addons/base/models/ir_actions.py:114 
2026-03-30 10:54:04,815 1467288 INFO ? odoo.modules.loading: loading helpdesk_mgmt/views/helpdesk_ticket_templates.xml 
2026-03-30 10:54:04,821 1467288 DEBUG ? odoo.modules.registry: Invalidating templates model caches from write /home/pablo/odoo/odoo/addons/base/models/ir_ui_view.py:550 
2026-03-30 10:54:04,823 1467288 DEBUG ? odoo.modules.registry: Invalidating templates model caches from write /home/pablo/odoo/odoo/addons/base/models/ir_ui_view.py:550 
2026-03-30 10:54:04,836 1467288 DEBUG ? odoo.modules.registry: Invalidating templates model caches from write /home/pablo/odoo/odoo/addons/base/models/ir_ui_view.py:550 
2026-03-30 10:54:04,838 1467288 DEBUG ? odoo.modules.registry: Invalidating templates model caches from write /home/pablo/odoo/odoo/addons/base/models/ir_ui_view.py:550 
2026-03-30 10:54:04,850 1467288 DEBUG ? odoo.modules.registry: Invalidating templates model caches from write /home/pablo/odoo/odoo/addons/base/models/ir_ui_view.py:550 
2026-03-30 10:54:04,853 1467288 DEBUG ? odoo.modules.registry: Invalidating templates model caches from write /home/pablo/odoo/odoo/addons/base/models/ir_ui_view.py:550 
2026-03-30 10:54:04,865 1467288 DEBUG ? odoo.modules.registry: Invalidating templates model caches from write /home/pablo/odoo/odoo/addons/base/models/ir_ui_view.py:550 
2026-03-30 10:54:04,868 1467288 DEBUG ? odoo.modules.registry: Invalidating templates model caches from write /home/pablo/odoo/odoo/addons/base/models/ir_ui_view.py:550 
2026-03-30 10:54:04,882 1467288 DEBUG ? odoo.modules.registry: Invalidating templates model caches from write /home/pablo/odoo/odoo/addons/base/models/ir_ui_view.py:550 
2026-03-30 10:54:04,884 1467288 DEBUG ? odoo.modules.registry: Invalidating templates model caches from write /home/pablo/odoo/odoo/addons/base/models/ir_ui_view.py:550 
2026-03-30 10:54:04,897 1467288 DEBUG ? odoo.modules.registry: Invalidating templates model caches from write /home/pablo/odoo/odoo/addons/base/models/ir_ui_view.py:550 
2026-03-30 10:54:04,898 1467288 DEBUG ? odoo.modules.registry: Invalidating templates model caches from write /home/pablo/odoo/odoo/addons/base/models/ir_ui_view.py:550 
2026-03-30 10:54:04,903 1467288 DEBUG ? odoo.modules.registry: Invalidating templates model caches from write /home/pablo/odoo/odoo/addons/base/models/ir_ui_view.py:550 
2026-03-30 10:54:04,905 1467288 DEBUG ? odoo.modules.registry: Invalidating templates model caches from write /home/pablo/odoo/odoo/addons/base/models/ir_ui_view.py:550 
2026-03-30 10:54:04,915 1467288 DEBUG ? odoo.modules.registry: Invalidating templates model caches from write /home/pablo/odoo/odoo/addons/base/models/ir_ui_view.py:550 
2026-03-30 10:54:04,918 1467288 DEBUG ? odoo.modules.registry: Invalidating templates model caches from write /home/pablo/odoo/odoo/addons/base/models/ir_ui_view.py:550 
2026-03-30 10:54:04,928 1467288 DEBUG ? odoo.modules.registry: Invalidating templates model caches from write /home/pablo/odoo/odoo/addons/base/models/ir_ui_view.py:550 
2026-03-30 10:54:04,930 1467288 DEBUG ? odoo.modules.registry: Invalidating templates model caches from write /home/pablo/odoo/odoo/addons/base/models/ir_ui_view.py:550 
2026-03-30 10:54:04,933 1467288 INFO ? odoo.modules.loading: loading helpdesk_mgmt/views/helpdesk_ticket_time_line_views.xml 
2026-03-30 10:54:04,937 1467288 DEBUG ? odoo.modules.registry: Invalidating templates model caches from write /home/pablo/odoo/odoo/addons/base/models/ir_ui_view.py:550 
2026-03-30 10:54:04,938 1467288 DEBUG ? odoo.modules.registry: Invalidating templates model caches from write /home/pablo/odoo/odoo/addons/base/models/ir_ui_view.py:550 
2026-03-30 10:54:04,945 1467288 INFO ? odoo.modules.loading: loading helpdesk_mgmt/views/helpdesk_ticket_views.xml 
2026-03-30 10:54:04,951 1467288 DEBUG ? odoo.modules.registry: Invalidating default model caches from write /home/pablo/odoo/odoo/addons/base/models/ir_actions.py:114 
2026-03-30 10:54:04,952 1467288 DEBUG ? odoo.modules.registry: Invalidating default model caches from write /home/pablo/odoo/odoo/addons/base/models/ir_actions.py:114 
2026-03-30 10:54:04,955 1467288 DEBUG ? odoo.modules.registry: Invalidating templates model caches from write /home/pablo/odoo/odoo/addons/base/models/ir_ui_view.py:550 
2026-03-30 10:54:04,955 1467288 DEBUG ? odoo.modules.registry: Invalidating templates model caches from write /home/pablo/odoo/odoo/addons/base/models/ir_ui_view.py:550 
2026-03-30 10:54:04,967 1467288 DEBUG ? odoo.modules.registry: Invalidating templates model caches from write /home/pablo/odoo/odoo/addons/base/models/ir_ui_view.py:550 
2026-03-30 10:54:04,968 1467288 DEBUG ? odoo.modules.registry: Invalidating templates model caches from write /home/pablo/odoo/odoo/addons/base/models/ir_ui_view.py:550 
2026-03-30 10:54:04,972 1467288 DEBUG ? odoo.modules.registry: Invalidating templates model caches from write /home/pablo/odoo/odoo/addons/base/models/ir_ui_view.py:550 
2026-03-30 10:54:04,973 1467288 DEBUG ? odoo.modules.registry: Invalidating templates model caches from write /home/pablo/odoo/odoo/addons/base/models/ir_ui_view.py:550 
2026-03-30 10:54:04,982 1467288 DEBUG ? odoo.modules.registry: Invalidating templates model caches from write /home/pablo/odoo/odoo/addons/base/models/ir_ui_view.py:550 
2026-03-30 10:54:04,983 1467288 DEBUG ? odoo.modules.registry: Invalidating templates model caches from write /home/pablo/odoo/odoo/addons/base/models/ir_ui_view.py:550 
2026-03-30 10:54:04,988 1467288 DEBUG ? odoo.modules.registry: Invalidating templates model caches from write /home/pablo/odoo/odoo/addons/base/models/ir_ui_view.py:550 
2026-03-30 10:54:04,988 1467288 DEBUG ? odoo.modules.registry: Invalidating templates model caches from write /home/pablo/odoo/odoo/addons/base/models/ir_ui_view.py:550 
2026-03-30 10:54:04,996 1467288 DEBUG ? odoo.modules.registry: Invalidating templates model caches from write /home/pablo/odoo/odoo/addons/base/models/ir_ui_view.py:550 
2026-03-30 10:54:04,998 1467288 DEBUG ? odoo.modules.registry: Invalidating templates model caches from write /home/pablo/odoo/odoo/addons/base/models/ir_ui_view.py:550 
2026-03-30 10:54:05,002 1467288 DEBUG ? odoo.modules.registry: Invalidating templates model caches from write /home/pablo/odoo/odoo/addons/base/models/ir_ui_view.py:550 
2026-03-30 10:54:05,003 1467288 DEBUG ? odoo.modules.registry: Invalidating templates model caches from write /home/pablo/odoo/odoo/addons/base/models/ir_ui_view.py:550 
2026-03-30 10:54:05,018 1467288 DEBUG ? odoo.modules.registry: Invalidating templates model caches from write /home/pablo/odoo/odoo/addons/base/models/ir_ui_view.py:550 
2026-03-30 10:54:05,018 1467288 DEBUG ? odoo.modules.registry: Invalidating templates model caches from write /home/pablo/odoo/odoo/addons/base/models/ir_ui_view.py:550 
2026-03-30 10:54:05,031 1467288 DEBUG ? odoo.modules.registry: Invalidating templates model caches from write /home/pablo/odoo/odoo/addons/base/models/ir_ui_view.py:550 
2026-03-30 10:54:05,032 1467288 DEBUG ? odoo.modules.registry: Invalidating templates model caches from write /home/pablo/odoo/odoo/addons/base/models/ir_ui_view.py:550 
2026-03-30 10:54:05,048 1467288 DEBUG ? odoo.tools.convert: while parsing /home/pablo/odoo/addons/helpdesk/helpdesk_mgmt/views/helpdesk_ticket_views.xml:439
Error while parsing or validating view:

Element '<xpath expr="//header/button[@name=&#39;action_cancel_case&#39;]">' cannot be located in parent view

View error context:
{'file': '/home/pablo/odoo/addons/helpdesk/helpdesk_mgmt/views/helpdesk_ticket_views.xml',
 'line': 1,
 'name': 'helpdesk.ticket.form.resolution.ot',
 'view': ir.ui.view(1565,),
 'view.model': 'helpdesk.ticket',
 'view.parent': ir.ui.view(1552,),
 'xmlid': 'view_helpdesk_ticket_form_resolution'}
 
Traceback (most recent call last):
  File "/home/pablo/odoo/odoo/tools/convert.py", line 590, in _tag_root
    f(rec)
    ~^^^^^
  File "/home/pablo/odoo/odoo/tools/convert.py", line 444, in _tag_record
    record = model._load_records([data], self.mode == 'update')
  File "/home/pablo/odoo/odoo/models.py", line 5508, in _load_records
    data['record']._load_records_write(data['values'])
    ~~~~~~~~~~~~~~~~~~~~~~~~~~~~~~~~~~^^^^^^^^^^^^^^^^
  File "/home/pablo/odoo/odoo/addons/base/models/ir_ui_view.py", line 2311, in _load_records_write
    super(View, self)._load_records_write(values)
    ~~~~~~~~~~~~~~~~~~~~~~~~~~~~~~~~~~~~~^^^^^^^^
  File "/home/pablo/odoo/odoo/models.py", line 5426, in _load_records_write
    self.write(values)
    ~~~~~~~~~~^^^^^^^^
  File "/home/pablo/odoo/odoo/addons/base/models/ir_ui_view.py", line 554, in write
    res = super(View, self).write(self._compute_defaults(vals))
  File "/home/pablo/odoo/odoo/models.py", line 4845, in write
    fields[0].determine_inverse(real_recs)
    ~~~~~~~~~~~~~~~~~~~~~~~~~~~^^^^^^^^^^^
  File "/home/pablo/odoo/odoo/fields.py", line 1502, in determine_inverse
    determine(self.inverse, records)
    ~~~~~~~~~^^^^^^^^^^^^^^^^^^^^^^^
  File "/home/pablo/odoo/odoo/fields.py", line 110, in determine
    return needle(*args)
  File "/home/pablo/odoo/odoo/addons/base/models/ir_ui_view.py", line 262, in _inverse_arch
    view.write(data)
    ~~~~~~~~~~^^^^^^
  File "/home/pablo/odoo/odoo/addons/base/models/ir_ui_view.py", line 554, in write
    res = super(View, self).write(self._compute_defaults(vals))
  File "/home/pablo/odoo/odoo/models.py", line 4835, in write
    real_recs._validate_fields(vals, inverse_fields)
    ~~~~~~~~~~~~~~~~~~~~~~~~~~^^^^^^^^^^^^^^^^^^^^^^
  File "/home/pablo/odoo/odoo/models.py", line 1636, in _validate_fields
    check(self)
    ~~~~~^^^^^^
  File "/home/pablo/odoo/odoo/addons/base/models/ir_ui_view.py", line 377, in _check_xml
    raise err from None
  File "/home/pablo/odoo/odoo/addons/base/models/ir_ui_view.py", line 367, in _check_xml
    combined_arch = view._get_combined_arch()
  File "/home/pablo/odoo/odoo/addons/base/models/ir_ui_view.py", line 962, in _get_combined_arch
    arch = root.with_prefetch(tree_views._prefetch_ids)._combine(hierarchy)
  File "/home/pablo/odoo/odoo/addons/base/models/ir_ui_view.py", line 920, in _combine
    combined_arch = view.apply_inheritance_specs(combined_arch, arch)
  File "/home/pablo/odoo/odoo/addons/base/models/ir_ui_view.py", line 857, in apply_inheritance_specs
    self._raise_view_error(str(e), specs_tree)
    ~~~~~~~~~~~~~~~~~~~~~~^^^^^^^^^^^^^^^^^^^^
  File "/home/pablo/odoo/odoo/addons/base/models/ir_ui_view.py", line 734, in _raise_view_error
    raise err from from_exception
odoo.exceptions.ValidationError: Error while parsing or validating view:

Element '<xpath expr="//header/button[@name=&#39;action_cancel_case&#39;]">' cannot be located in parent view
2026-03-30 10:54:05,054 1467288 WARNING ? odoo.modules.loading: Transient module states were reset 
2026-03-30 10:54:05,054 1467288 ERROR ? odoo.modules.registry: Failed to load registry 
2026-03-30 10:54:05,054 1467288 ERROR ? odoo.http: Exception during request handling. 
Traceback (most recent call last):
  File "/home/pablo/odoo/odoo/http.py", line 2577, in __call__
    response = request._serve_db()
  File "/home/pablo/odoo/odoo/http.py", line 2081, in _serve_db
    self.registry, cr_readwrite = self._open_registry()
                                  ~~~~~~~~~~~~~~~~~~~^^
  File "/home/pablo/odoo/odoo/http.py", line 1690, in _open_registry
    registry = Registry(self.db)
  File "/home/pablo/odoo/odoo/modules/registry.py", line 108, in __new__
    return cls.new(db_name)
           ~~~~~~~^^^^^^^^^
  File "/home/pablo/odoo/.venv/lib/python3.13/site-packages/decorator.py", line 235, in fun
    return caller(func, *(extras + args), **kw)
  File "/home/pablo/odoo/odoo/tools/func.py", line 97, in locked
    return func(inst, *args, **kwargs)
  File "/home/pablo/odoo/odoo/modules/registry.py", line 129, in new
    odoo.modules.load_modules(registry, force_demo, status, update_module)
    ~~~~~~~~~~~~~~~~~~~~~~~~~^^^^^^^^^^^^^^^^^^^^^^^^^^^^^^^^^^^^^^^^^^^^^
  File "/home/pablo/odoo/odoo/modules/loading.py", line 485, in load_modules
    processed_modules += load_marked_modules(env, graph,
                         ~~~~~~~~~~~~~~~~~~~^^^^^^^^^^^^
        ['installed', 'to upgrade', 'to remove'],
        ^^^^^^^^^^^^^^^^^^^^^^^^^^^^^^^^^^^^^^^^^
        force, status, report, loaded_modules, update_module, models_to_check)
        ^^^^^^^^^^^^^^^^^^^^^^^^^^^^^^^^^^^^^^^^^^^^^^^^^^^^^^^^^^^^^^^^^^^^^^
  File "/home/pablo/odoo/odoo/modules/loading.py", line 365, in load_marked_modules
    loaded, processed = load_module_graph(
                        ~~~~~~~~~~~~~~~~~^
        env, graph, progressdict, report=report, skip_modules=loaded_modules,
        ^^^^^^^^^^^^^^^^^^^^^^^^^^^^^^^^^^^^^^^^^^^^^^^^^^^^^^^^^^^^^^^^^^^^^
        perform_checks=perform_checks, models_to_check=models_to_check
        ^^^^^^^^^^^^^^^^^^^^^^^^^^^^^^^^^^^^^^^^^^^^^^^^^^^^^^^^^^^^^^
    )
    ^
  File "/home/pablo/odoo/odoo/modules/loading.py", line 228, in load_module_graph
    load_data(env, idref, mode, kind='data', package=package)
    ~~~~~~~~~^^^^^^^^^^^^^^^^^^^^^^^^^^^^^^^^^^^^^^^^^^^^^^^^
  File "/home/pablo/odoo/odoo/modules/loading.py", line 72, in load_data
    tools.convert_file(env, package.name, filename, idref, mode, noupdate, kind)
    ~~~~~~~~~~~~~~~~~~^^^^^^^^^^^^^^^^^^^^^^^^^^^^^^^^^^^^^^^^^^^^^^^^^^^^^^^^^^
  File "/home/pablo/odoo/odoo/tools/convert.py", line 662, in convert_file
    convert_xml_import(env, module, fp, idref, mode, noupdate)
    ~~~~~~~~~~~~~~~~~~^^^^^^^^^^^^^^^^^^^^^^^^^^^^^^^^^^^^^^^^
  File "/home/pablo/odoo/odoo/tools/convert.py", line 733, in convert_xml_import
    obj.parse(doc.getroot())
    ~~~~~~~~~^^^^^^^^^^^^^^^
  File "/home/pablo/odoo/odoo/tools/convert.py", line 648, in parse
    self._tag_root(de)
    ~~~~~~~~~~~~~~^^^^
  File "/home/pablo/odoo/odoo/tools/convert.py", line 601, in _tag_root
    raise ParseError(msg) from None  # Restart with "--log-handler odoo.tools.convert:DEBUG" for complete traceback
    ^^^^^^^^^^^^^^^^^^^^^^^^^^^^^^^
odoo.tools.convert.ParseError: while parsing /home/pablo/odoo/addons/helpdesk/helpdesk_mgmt/views/helpdesk_ticket_views.xml:439
Error while parsing or validating view:

Element '<xpath expr="//header/button[@name=&#39;action_cancel_case&#39;]">' cannot be located in parent view

View error context:
{'file': '/home/pablo/odoo/addons/helpdesk/helpdesk_mgmt/views/helpdesk_ticket_views.xml',
 'line': 1,
 'name': 'helpdesk.ticket.form.resolution.ot',
 'view': ir.ui.view(1565,),
 'view.model': 'helpdesk.ticket',
 'view.parent': ir.ui.view(1552,),
 'xmlid': 'view_helpdesk_ticket_form_resolution'}

2026-03-30 10:54:05,057 1467288 INFO ? werkzeug: 127.0.0.1 - - [30/Mar/2026 10:54:05] "GET /favicon.ico HTTP/1.1" 500 - 797 0.881 4.898
2026-03-30 10:54:05,061 1467288 DEBUG ? odoo.modules.registry: Multiprocess load registry signaling: [Registry: 26] [Cache default: 28] [Cache assets: 3] [Cache templates: 2] [Cache routing: 1] [Cache groups: 2] 
2026-03-30 10:54:05,067 1467288 INFO ? odoo.modules.loading: loading 1 modules... 
2026-03-30 10:54:05,067 1467288 DEBUG ? odoo.modules.loading: Loading module base (1/1) 
2026-03-30 10:54:05,075 1467288 DEBUG ? odoo.modules.loading: Module base loaded in 0.01s, 0 queries 
2026-03-30 10:54:05,077 1467288 INFO ? odoo.modules.loading: 1 modules loaded in 0.01s, 0 queries (+0 extra) 
2026-03-30 10:54:05,087 1467288 DEBUG ? odoo.modules.loading: Updating graph with 100 more modules 
2026-03-30 10:54:05,087 1467288 INFO ? odoo.modules.loading: loading 101 modules... 
2026-03-30 10:54:05,088 1467288 DEBUG ? odoo.modules.loading: Loading module l10n_us (2/101) 
2026-03-30 10:54:05,088 1467288 DEBUG ? odoo.modules.loading: Module l10n_us loaded in 0.00s, 0 queries 
2026-03-30 10:54:05,088 1467288 DEBUG ? odoo.modules.loading: Loading module social_media (3/101) 
2026-03-30 10:54:05,088 1467288 DEBUG ? odoo.modules.loading: Module social_media loaded in 0.00s, 0 queries 
2026-03-30 10:54:05,088 1467288 DEBUG ? odoo.modules.loading: Loading module uom (4/101) 
2026-03-30 10:54:05,088 1467288 DEBUG ? odoo.modules.loading: Module uom loaded in 0.00s, 0 queries 
2026-03-30 10:54:05,089 1467288 DEBUG ? odoo.modules.loading: Loading module web (5/101) 
2026-03-30 10:54:05,090 1467288 DEBUG ? odoo.modules.loading: Module web loaded in 0.00s, 0 queries 
2026-03-30 10:54:05,091 1467288 DEBUG ? odoo.modules.loading: Loading module auth_totp (6/101) 
2026-03-30 10:54:05,091 1467288 DEBUG ? odoo.modules.loading: Module auth_totp loaded in 0.00s, 0 queries 
2026-03-30 10:54:05,096 1467288 DEBUG ? odoo.modules.loading: Loading module barcodes (7/101) 
2026-03-30 10:54:05,098 1467288 DEBUG ? odoo.modules.loading: Module barcodes loaded in 0.00s, 0 queries 
2026-03-30 10:54:05,098 1467288 DEBUG ? odoo.modules.loading: Loading module base_import (8/101) 
2026-03-30 10:54:05,100 1467288 DEBUG ? odoo.modules.loading: Module base_import loaded in 0.00s, 0 queries 
2026-03-30 10:54:05,100 1467288 DEBUG ? odoo.modules.loading: Loading module base_import_module (9/101) 
2026-03-30 10:54:05,101 1467288 DEBUG ? odoo.modules.loading: Module base_import_module loaded in 0.00s, 0 queries 
2026-03-30 10:54:05,101 1467288 DEBUG ? odoo.modules.loading: Loading module base_setup (10/101) 
2026-03-30 10:54:05,101 1467288 DEBUG ? odoo.modules.loading: Module base_setup loaded in 0.00s, 0 queries 
2026-03-30 10:54:05,101 1467288 DEBUG ? odoo.modules.loading: Loading module bus (11/101) 
2026-03-30 10:54:05,102 1467288 DEBUG ? odoo.modules.loading: Module bus loaded in 0.00s, 0 queries 
2026-03-30 10:54:05,102 1467288 DEBUG ? odoo.modules.loading: Loading module http_routing (12/101) 
2026-03-30 10:54:05,102 1467288 DEBUG ? odoo.modules.loading: Module http_routing loaded in 0.00s, 0 queries 
2026-03-30 10:54:05,103 1467288 DEBUG ? odoo.modules.loading: Loading module onboarding (13/101) 
2026-03-30 10:54:05,103 1467288 DEBUG ? odoo.modules.loading: Module onboarding loaded in 0.00s, 0 queries 
2026-03-30 10:54:05,103 1467288 DEBUG ? odoo.modules.loading: Loading module resource (14/101) 
2026-03-30 10:54:05,103 1467288 DEBUG ? odoo.modules.loading: Module resource loaded in 0.00s, 0 queries 
2026-03-30 10:54:05,104 1467288 DEBUG ? odoo.modules.loading: Loading module utm (15/101) 
2026-03-30 10:54:05,104 1467288 DEBUG ? odoo.modules.loading: Module utm loaded in 0.00s, 0 queries 
2026-03-30 10:54:05,104 1467288 DEBUG ? odoo.modules.loading: Loading module web_hierarchy (16/101) 
2026-03-30 10:54:05,105 1467288 DEBUG ? odoo.modules.loading: Module web_hierarchy loaded in 0.00s, 0 queries 
2026-03-30 10:54:05,106 1467288 DEBUG ? odoo.modules.loading: Loading module web_tour (17/101) 
2026-03-30 10:54:05,106 1467288 DEBUG ? odoo.modules.loading: Module web_tour loaded in 0.00s, 0 queries 
2026-03-30 10:54:05,106 1467288 DEBUG ? odoo.modules.loading: Loading module barcodes_gs1_nomenclature (18/101) 
2026-03-30 10:54:05,106 1467288 DEBUG ? odoo.modules.loading: Module barcodes_gs1_nomenclature loaded in 0.00s, 0 queries 
2026-03-30 10:54:05,106 1467288 DEBUG ? odoo.modules.loading: Loading module html_editor (19/101) 
2026-03-30 10:54:05,107 1467288 DEBUG ? odoo.modules.loading: Module html_editor loaded in 0.00s, 0 queries 
2026-03-30 10:54:05,107 1467288 DEBUG ? odoo.modules.loading: Loading module iap (20/101) 
2026-03-30 10:54:05,107 1467288 DEBUG ? odoo.modules.loading: Module iap loaded in 0.00s, 0 queries 
2026-03-30 10:54:05,107 1467288 DEBUG ? odoo.modules.loading: Loading module mail (21/101) 
2026-03-30 10:54:05,117 1467288 DEBUG ? odoo.modules.loading: Module mail loaded in 0.01s, 0 queries 
2026-03-30 10:54:05,118 1467288 DEBUG ? odoo.modules.loading: Loading module web_editor (22/101) 
2026-03-30 10:54:05,121 1467288 DEBUG ? odoo.modules.loading: Module web_editor loaded in 0.00s, 0 queries 
2026-03-30 10:54:05,121 1467288 DEBUG ? odoo.modules.loading: Loading module analytic (23/101) 
2026-03-30 10:54:05,122 1467288 DEBUG ? odoo.modules.loading: Module analytic loaded in 0.00s, 0 queries 
2026-03-30 10:54:05,122 1467288 DEBUG ? odoo.modules.loading: Loading module auth_signup (24/101) 
2026-03-30 10:54:05,122 1467288 DEBUG ? odoo.modules.loading: Module auth_signup loaded in 0.00s, 0 queries 
2026-03-30 10:54:05,123 1467288 DEBUG ? odoo.modules.loading: Loading module auth_totp_mail (25/101) 
2026-03-30 10:54:05,123 1467288 DEBUG ? odoo.modules.loading: Module auth_totp_mail loaded in 0.00s, 0 queries 
2026-03-30 10:54:05,123 1467288 DEBUG ? odoo.modules.loading: Loading module base_install_request (26/101) 
2026-03-30 10:54:05,123 1467288 DEBUG ? odoo.modules.loading: Module base_install_request loaded in 0.00s, 0 queries 
2026-03-30 10:54:05,123 1467288 DEBUG ? odoo.modules.loading: Loading module calendar (27/101) 
2026-03-30 10:54:05,124 1467288 DEBUG ? odoo.modules.loading: Module calendar loaded in 0.00s, 0 queries 
2026-03-30 10:54:05,124 1467288 DEBUG ? odoo.modules.loading: Loading module contacts (28/101) 
2026-03-30 10:54:05,125 1467288 DEBUG ? odoo.modules.loading: Module contacts loaded in 0.00s, 0 queries 
2026-03-30 10:54:05,125 1467288 DEBUG ? odoo.modules.loading: Loading module gamification (29/101) 
2026-03-30 10:54:05,125 1467288 DEBUG ? odoo.modules.loading: Module gamification loaded in 0.00s, 0 queries 
2026-03-30 10:54:05,126 1467288 DEBUG ? odoo.modules.loading: Loading module iap_mail (30/101) 
2026-03-30 10:54:05,126 1467288 DEBUG ? odoo.modules.loading: Module iap_mail loaded in 0.00s, 0 queries 
2026-03-30 10:54:05,126 1467288 DEBUG ? odoo.modules.loading: Loading module link_tracker (31/101) 
2026-03-30 10:54:05,127 1467288 DEBUG ? odoo.modules.loading: Module link_tracker loaded in 0.00s, 0 queries 
2026-03-30 10:54:05,127 1467288 DEBUG ? odoo.modules.loading: Loading module mail_bot (32/101) 
2026-03-30 10:54:05,128 1467288 DEBUG ? odoo.modules.loading: Module mail_bot loaded in 0.00s, 0 queries 
2026-03-30 10:54:05,128 1467288 DEBUG ? odoo.modules.loading: Loading module microsoft_outlook (33/101) 
2026-03-30 10:54:05,128 1467288 DEBUG ? odoo.modules.loading: Module microsoft_outlook loaded in 0.00s, 0 queries 
2026-03-30 10:54:05,128 1467288 DEBUG ? odoo.modules.loading: Loading module phone_validation (34/101) 
2026-03-30 10:54:05,132 1467288 DEBUG ? odoo.modules.loading: Module phone_validation loaded in 0.00s, 0 queries 
2026-03-30 10:54:05,132 1467288 DEBUG ? odoo.modules.loading: Loading module privacy_lookup (35/101) 
2026-03-30 10:54:05,133 1467288 DEBUG ? odoo.modules.loading: Module privacy_lookup loaded in 0.00s, 0 queries 
2026-03-30 10:54:05,133 1467288 DEBUG ? odoo.modules.loading: Loading module product (36/101) 
2026-03-30 10:54:05,134 1467288 DEBUG ? odoo.modules.loading: Module product loaded in 0.00s, 0 queries 
2026-03-30 10:54:05,135 1467288 DEBUG ? odoo.modules.loading: Loading module rating (37/101) 
2026-03-30 10:54:05,135 1467288 DEBUG ? odoo.modules.loading: Module rating loaded in 0.00s, 0 queries 
2026-03-30 10:54:05,135 1467288 DEBUG ? odoo.modules.loading: Loading module resource_mail (38/101) 
2026-03-30 10:54:05,135 1467288 DEBUG ? odoo.modules.loading: Module resource_mail loaded in 0.00s, 0 queries 
2026-03-30 10:54:05,135 1467288 DEBUG ? odoo.modules.loading: Loading module sales_team (39/101) 
2026-03-30 10:54:05,136 1467288 DEBUG ? odoo.modules.loading: Module sales_team loaded in 0.00s, 0 queries 
2026-03-30 10:54:05,136 1467288 DEBUG ? odoo.modules.loading: Loading module web_unsplash (40/101) 
2026-03-30 10:54:05,136 1467288 DEBUG ? odoo.modules.loading: Module web_unsplash loaded in 0.00s, 0 queries 
2026-03-30 10:54:05,136 1467288 DEBUG ? odoo.modules.loading: Loading module partner_autocomplete (41/101) 
2026-03-30 10:54:05,137 1467288 DEBUG ? odoo.modules.loading: Module partner_autocomplete loaded in 0.00s, 0 queries 
2026-03-30 10:54:05,137 1467288 DEBUG ? odoo.modules.loading: Loading module portal (42/101) 
2026-03-30 10:54:05,138 1467288 DEBUG ? odoo.modules.loading: Module portal loaded in 0.00s, 0 queries 
2026-03-30 10:54:05,138 1467288 DEBUG ? odoo.modules.loading: Loading module sms (43/101) 
2026-03-30 10:54:05,141 1467288 DEBUG ? odoo.modules.loading: Module sms loaded in 0.00s, 0 queries 
2026-03-30 10:54:05,142 1467288 DEBUG ? odoo.modules.loading: Loading module snailmail (44/101) 
2026-03-30 10:54:05,143 1467288 DEBUG ? odoo.modules.loading: Module snailmail loaded in 0.00s, 0 queries 
2026-03-30 10:54:05,143 1467288 DEBUG ? odoo.modules.loading: Loading module survey (45/101) 
2026-03-30 10:54:05,144 1467288 DEBUG ? odoo.modules.loading: Module survey loaded in 0.00s, 0 queries 
2026-03-30 10:54:05,144 1467288 DEBUG ? odoo.modules.loading: Loading module auth_totp_portal (46/101) 
2026-03-30 10:54:05,145 1467288 DEBUG ? odoo.modules.loading: Module auth_totp_portal loaded in 0.00s, 0 queries 
2026-03-30 10:54:05,145 1467288 DEBUG ? odoo.modules.loading: Loading module calendar_sms (47/101) 
2026-03-30 10:54:05,145 1467288 DEBUG ? odoo.modules.loading: Module calendar_sms loaded in 0.00s, 0 queries 
2026-03-30 10:54:05,145 1467288 DEBUG ? odoo.modules.loading: Loading module digest (48/101) 
2026-03-30 10:54:05,146 1467288 DEBUG ? odoo.modules.loading: Module digest loaded in 0.00s, 0 queries 
2026-03-30 10:54:05,146 1467288 DEBUG ? odoo.modules.loading: Loading module payment (49/101) 
2026-03-30 10:54:05,146 1467288 DEBUG ? odoo.modules.loading: Module payment loaded in 0.00s, 0 queries 
2026-03-30 10:54:05,146 1467288 DEBUG ? odoo.modules.loading: Loading module portal_rating (50/101) 
2026-03-30 10:54:05,147 1467288 DEBUG ? odoo.modules.loading: Module portal_rating loaded in 0.00s, 0 queries 
2026-03-30 10:54:05,147 1467288 DEBUG ? odoo.modules.loading: Loading module spreadsheet (51/101) 
2026-03-30 10:54:05,148 1467288 DEBUG ? odoo.modules.loading: Module spreadsheet loaded in 0.00s, 0 queries 
2026-03-30 10:54:05,148 1467288 DEBUG ? odoo.modules.loading: Loading module account (52/101) 
2026-03-30 10:54:05,156 1467288 DEBUG ? odoo.modules.loading: Module account loaded in 0.01s, 0 queries 
2026-03-30 10:54:05,156 1467288 DEBUG ? odoo.modules.loading: Loading module crm (53/101) 
2026-03-30 10:54:05,157 1467288 DEBUG ? odoo.modules.loading: Module crm loaded in 0.00s, 0 queries 
2026-03-30 10:54:05,157 1467288 DEBUG ? odoo.modules.loading: Loading module hr (54/101) 
2026-03-30 10:54:05,165 1467288 DEBUG ? odoo.modules.loading: Module hr loaded in 0.01s, 0 queries 
2026-03-30 10:54:05,165 1467288 DEBUG ? odoo.modules.loading: Loading module mass_mailing (55/101) 
2026-03-30 10:54:05,167 1467288 DEBUG ? odoo.modules.loading: Module mass_mailing loaded in 0.00s, 0 queries 
2026-03-30 10:54:05,167 1467288 DEBUG ? odoo.modules.loading: Loading module project (56/101) 
2026-03-30 10:54:05,168 1467288 DEBUG ? odoo.modules.loading: Module project loaded in 0.00s, 0 queries 
2026-03-30 10:54:05,168 1467288 DEBUG ? odoo.modules.loading: Loading module spreadsheet_dashboard (57/101) 
2026-03-30 10:54:05,169 1467288 DEBUG ? odoo.modules.loading: Module spreadsheet_dashboard loaded in 0.00s, 0 queries 
2026-03-30 10:54:05,169 1467288 DEBUG ? odoo.modules.loading: Loading module stock (58/101) 
2026-03-30 10:54:05,172 1467288 DEBUG ? odoo.modules.loading: Module stock loaded in 0.00s, 0 queries 
2026-03-30 10:54:05,172 1467288 DEBUG ? odoo.modules.loading: Loading module account_add_gln (59/101) 
2026-03-30 10:54:05,172 1467288 DEBUG ? odoo.modules.loading: Module account_add_gln loaded in 0.00s, 0 queries 
2026-03-30 10:54:05,172 1467288 DEBUG ? odoo.modules.loading: Loading module account_edi_ubl_cii (60/101) 
2026-03-30 10:54:05,173 1467288 DEBUG ? odoo.modules.loading: Module account_edi_ubl_cii loaded in 0.00s, 0 queries 
2026-03-30 10:54:05,173 1467288 DEBUG ? odoo.modules.loading: Loading module account_payment (61/101) 
2026-03-30 10:54:05,174 1467288 DEBUG ? odoo.modules.loading: Module account_payment loaded in 0.00s, 0 queries 
2026-03-30 10:54:05,174 1467288 DEBUG ? odoo.modules.loading: Loading module base_iban (62/101) 
2026-03-30 10:54:05,174 1467288 DEBUG ? odoo.modules.loading: Module base_iban loaded in 0.00s, 0 queries 
2026-03-30 10:54:05,174 1467288 DEBUG ? odoo.modules.loading: Loading module base_vat (63/101) 
2026-03-30 10:54:05,175 1467288 DEBUG ? odoo.modules.loading: Module base_vat loaded in 0.00s, 0 queries 
2026-03-30 10:54:05,178 1467288 DEBUG ? odoo.modules.loading: Loading module board (64/101) 
2026-03-30 10:54:05,179 1467288 DEBUG ? odoo.modules.loading: Module board loaded in 0.00s, 0 queries 
2026-03-30 10:54:05,179 1467288 DEBUG ? odoo.modules.loading: Loading module crm_sms (65/101) 
2026-03-30 10:54:05,179 1467288 DEBUG ? odoo.modules.loading: Module crm_sms loaded in 0.00s, 0 queries 
2026-03-30 10:54:05,180 1467288 DEBUG ? odoo.modules.loading: Loading module hr_calendar (66/101) 
2026-03-30 10:54:05,180 1467288 DEBUG ? odoo.modules.loading: Module hr_calendar loaded in 0.00s, 0 queries 
2026-03-30 10:54:05,180 1467288 DEBUG ? odoo.modules.loading: Loading module hr_gamification (67/101) 
2026-03-30 10:54:05,181 1467288 DEBUG ? odoo.modules.loading: Module hr_gamification loaded in 0.00s, 0 queries 
2026-03-30 10:54:05,181 1467288 DEBUG ? odoo.modules.loading: Loading module hr_org_chart (68/101) 
2026-03-30 10:54:05,181 1467288 DEBUG ? odoo.modules.loading: Module hr_org_chart loaded in 0.00s, 0 queries 
2026-03-30 10:54:05,181 1467288 DEBUG ? odoo.modules.loading: Loading module hr_skills (69/101) 
2026-03-30 10:54:05,182 1467288 DEBUG ? odoo.modules.loading: Module hr_skills loaded in 0.00s, 0 queries 
2026-03-30 10:54:05,182 1467288 DEBUG ? odoo.modules.loading: Loading module iap_crm (70/101) 
2026-03-30 10:54:05,182 1467288 DEBUG ? odoo.modules.loading: Module iap_crm loaded in 0.00s, 0 queries 
2026-03-30 10:54:05,182 1467288 DEBUG ? odoo.modules.loading: Loading module l10n_us_account (71/101) 
2026-03-30 10:54:05,182 1467288 DEBUG ? odoo.modules.loading: Module l10n_us_account loaded in 0.00s, 0 queries 
2026-03-30 10:54:05,182 1467288 DEBUG ? odoo.modules.loading: Loading module mail_bot_hr (72/101) 
2026-03-30 10:54:05,183 1467288 DEBUG ? odoo.modules.loading: Module mail_bot_hr loaded in 0.00s, 0 queries 
2026-03-30 10:54:05,183 1467288 DEBUG ? odoo.modules.loading: Loading module mass_mailing_crm (73/101) 
2026-03-30 10:54:05,183 1467288 DEBUG ? odoo.modules.loading: Module mass_mailing_crm loaded in 0.00s, 0 queries 
2026-03-30 10:54:05,183 1467288 DEBUG ? odoo.modules.loading: Loading module mass_mailing_themes (74/101) 
2026-03-30 10:54:05,183 1467288 DEBUG ? odoo.modules.loading: Module mass_mailing_themes loaded in 0.00s, 0 queries 
2026-03-30 10:54:05,183 1467288 DEBUG ? odoo.modules.loading: Loading module project_account (75/101) 
2026-03-30 10:54:05,183 1467288 DEBUG ? odoo.modules.loading: Module project_account loaded in 0.00s, 0 queries 
2026-03-30 10:54:05,184 1467288 DEBUG ? odoo.modules.loading: Loading module project_sms (76/101) 
2026-03-30 10:54:05,184 1467288 DEBUG ? odoo.modules.loading: Module project_sms loaded in 0.00s, 0 queries 
2026-03-30 10:54:05,184 1467288 DEBUG ? odoo.modules.loading: Loading module project_stock (77/101) 
2026-03-30 10:54:05,184 1467288 DEBUG ? odoo.modules.loading: Module project_stock loaded in 0.00s, 0 queries 
2026-03-30 10:54:05,184 1467288 DEBUG ? odoo.modules.loading: Loading module project_todo (78/101) 
2026-03-30 10:54:05,185 1467288 DEBUG ? odoo.modules.loading: Module project_todo loaded in 0.00s, 0 queries 
2026-03-30 10:54:05,185 1467288 DEBUG ? odoo.modules.loading: Loading module purchase (79/101) 
2026-03-30 10:54:05,186 1467288 DEBUG ? odoo.modules.loading: Module purchase loaded in 0.00s, 0 queries 
2026-03-30 10:54:05,186 1467288 DEBUG ? odoo.modules.loading: Loading module snailmail_account (80/101) 
2026-03-30 10:54:05,187 1467288 DEBUG ? odoo.modules.loading: Module snailmail_account loaded in 0.00s, 0 queries 
2026-03-30 10:54:05,187 1467288 DEBUG ? odoo.modules.loading: Loading module spreadsheet_account (81/101) 
2026-03-30 10:54:05,187 1467288 DEBUG ? odoo.modules.loading: Module spreadsheet_account loaded in 0.00s, 0 queries 
2026-03-30 10:54:05,187 1467288 DEBUG ? odoo.modules.loading: Loading module spreadsheet_dashboard_account (82/101) 
2026-03-30 10:54:05,187 1467288 DEBUG ? odoo.modules.loading: Module spreadsheet_dashboard_account loaded in 0.00s, 0 queries 
2026-03-30 10:54:05,187 1467288 DEBUG ? odoo.modules.loading: Loading module stock_account (83/101) 
2026-03-30 10:54:05,188 1467288 DEBUG ? odoo.modules.loading: Module stock_account loaded in 0.00s, 0 queries 
2026-03-30 10:54:05,188 1467288 DEBUG ? odoo.modules.loading: Loading module stock_sms (84/101) 
2026-03-30 10:54:05,189 1467288 DEBUG ? odoo.modules.loading: Module stock_sms loaded in 0.00s, 0 queries 
2026-03-30 10:54:05,189 1467288 DEBUG ? odoo.modules.loading: Loading module account_qr_code_sepa (85/101) 
2026-03-30 10:54:05,189 1467288 DEBUG ? odoo.modules.loading: Module account_qr_code_sepa loaded in 0.00s, 0 queries 
2026-03-30 10:54:05,189 1467288 DEBUG ? odoo.modules.loading: Loading module crm_iap_enrich (86/101) 
2026-03-30 10:54:05,190 1467288 DEBUG ? odoo.modules.loading: Module crm_iap_enrich loaded in 0.00s, 0 queries 
2026-03-30 10:54:05,190 1467288 DEBUG ? odoo.modules.loading: Loading module crm_iap_mine (87/101) 
2026-03-30 10:54:05,190 1467288 DEBUG ? odoo.modules.loading: Module crm_iap_mine loaded in 0.00s, 0 queries 
2026-03-30 10:54:05,191 1467288 INFO ? odoo.modules.loading: Loading module helpdesk_mgmt (88/101) 
2026-03-30 10:54:05,597 1467288 INFO ? odoo.modules.registry: module helpdesk_mgmt: creating or updating database tables 
2026-03-30 10:54:05,741 1467288 DEBUG ? odoo.models: Table 'res_company': setting default value of new column fiscalyear_last_day to 31 
2026-03-30 10:54:05,742 1467288 DEBUG ? odoo.models: Table 'res_company': setting default value of new column fiscalyear_last_month to '12' 
2026-03-30 10:54:05,743 1467288 DEBUG ? odoo.models: Table 'res_company': setting default value of new column account_price_include to 'tax_excluded' 
2026-03-30 10:54:05,753 1467288 DEBUG ? odoo.models: Table 'res_company': setting default value of new column account_opening_date to '2026-01-01' 
2026-03-30 10:54:05,754 1467288 DEBUG ? odoo.models: Table 'res_company': setting default value of new column po_lead to 0.0 
2026-03-30 10:54:05,766 1467288 DEBUG ? odoo.models: Table 'res_config_settings': setting default value of new column company_id to 1 
2026-03-30 10:54:05,780 1467288 DEBUG ? odoo.models: Table 'res_partner': setting default value of new column autopost_bills to 'ask' 
2026-03-30 10:54:05,791 1467288 DEBUG ? odoo.models: Table 'res_users': setting default value of new column notification_type to 'email' 
2026-03-30 10:54:05,807 1467288 WARNING ? odoo.addons.base.models.ir_model: Two fields (case_number, number) of helpdesk.ticket() have the same label: Número de caso. [Modules: helpdesk_mgmt and helpdesk_mgmt] 
2026-03-30 10:54:05,807 1467288 WARNING ? odoo.addons.base.models.ir_model: Two fields (subject_id, subject) of helpdesk.ticket() have the same label: Asunto. [Modules: helpdesk_mgmt and helpdesk_mgmt] 
2026-03-30 10:54:05,807 1467288 WARNING ? odoo.addons.base.models.ir_model: Two fields (state_reason_id, state_reason) of helpdesk.ticket() have the same label: Razón para el estado. [Modules: helpdesk_mgmt and helpdesk_mgmt] 
2026-03-30 10:54:06,065 1467288 DEBUG ? odoo.schema: Table 'res_company': column 'fiscalyear_last_day': added constraint NOT NULL 
2026-03-30 10:54:06,067 1467288 DEBUG ? odoo.schema: Table 'res_company': column 'fiscalyear_last_month': added constraint NOT NULL 
2026-03-30 10:54:06,068 1467288 DEBUG ? odoo.schema: Table 'res_company': column 'account_price_include': added constraint NOT NULL 
2026-03-30 10:54:06,070 1467288 DEBUG ? odoo.schema: Table 'res_company': column 'account_opening_date': added constraint NOT NULL 
2026-03-30 10:54:06,071 1467288 DEBUG ? odoo.schema: Table 'res_company': column 'po_lead': added constraint NOT NULL 
2026-03-30 10:54:06,078 1467288 DEBUG ? odoo.schema: Table 'res_config_settings': column 'company_id': added constraint NOT NULL 
2026-03-30 10:54:06,083 1467288 DEBUG ? odoo.schema: Table 'res_partner': column 'autopost_bills': added constraint NOT NULL 
2026-03-30 10:54:06,094 1467288 DEBUG ? odoo.schema: Table 'res_users': column 'notification_type': added constraint NOT NULL 
2026-03-30 10:54:06,099 1467288 INFO ? odoo.schema: Keep unexpected index helpdesk_ticket__priority_index on table helpdesk_ticket 
2026-03-30 10:54:06,099 1467288 INFO ? odoo.schema: Keep unexpected index helpdesk_ticket__state_index on table helpdesk_ticket 
2026-03-30 10:54:06,099 1467288 INFO ? odoo.schema: Keep unexpected index helpdesk_ticket__subject_id_index on table helpdesk_ticket 
2026-03-30 10:54:06,114 1467288 INFO ? odoo.modules.loading: loading helpdesk_mgmt/data/helpdesk_data.xml 
2026-03-30 10:54:06,121 1467288 DEBUG ? odoo.modules.registry: Invalidating templates model caches from write /home/pablo/odoo/odoo/addons/base/models/ir_ui_view.py:550 
2026-03-30 10:54:06,130 1467288 DEBUG ? odoo.modules.registry: Invalidating templates model caches from write /home/pablo/odoo/odoo/addons/base/models/ir_ui_view.py:550 
2026-03-30 10:54:06,266 1467288 INFO ? odoo.modules.loading: loading helpdesk_mgmt/security/helpdesk_security.xml 
2026-03-30 10:54:06,371 1467288 DEBUG ? odoo.modules.registry: Invalidating default model caches from call_cache_clearing_methods /home/pablo/odoo/odoo/addons/base/models/ir_model.py:2183 
2026-03-30 10:54:06,439 1467288 DEBUG ? odoo.modules.registry: Invalidating groups model caches from write /home/pablo/odoo/odoo/addons/base/models/res_users.py:1539 
2026-03-30 10:54:06,439 1467288 DEBUG ? odoo.modules.registry: Invalidating default model caches from write /home/pablo/odoo/odoo/addons/base/models/res_users.py:1681 
2026-03-30 10:54:06,439 1467288 DEBUG ? odoo.modules.registry: Invalidating groups model caches from _update_xmlids /home/pablo/odoo/odoo/addons/base/models/ir_model.py:2414 
2026-03-30 10:54:06,453 1467288 DEBUG ? odoo.modules.registry: Invalidating default model caches from call_cache_clearing_methods /home/pablo/odoo/odoo/addons/base/models/ir_model.py:2183 
2026-03-30 10:54:06,482 1467288 DEBUG ? odoo.modules.registry: Invalidating groups model caches from write /home/pablo/odoo/odoo/addons/base/models/res_users.py:1539 
2026-03-30 10:54:06,483 1467288 DEBUG ? odoo.modules.registry: Invalidating default model caches from write /home/pablo/odoo/odoo/addons/base/models/res_users.py:1681 
2026-03-30 10:54:06,483 1467288 DEBUG ? odoo.modules.registry: Invalidating groups model caches from _update_xmlids /home/pablo/odoo/odoo/addons/base/models/ir_model.py:2414 
2026-03-30 10:54:06,486 1467288 DEBUG ? odoo.modules.registry: Invalidating default model caches from call_cache_clearing_methods /home/pablo/odoo/odoo/addons/base/models/ir_model.py:2183 
2026-03-30 10:54:06,511 1467288 DEBUG ? odoo.modules.registry: Invalidating groups model caches from write /home/pablo/odoo/odoo/addons/base/models/res_users.py:1539 
2026-03-30 10:54:06,512 1467288 DEBUG ? odoo.modules.registry: Invalidating default model caches from write /home/pablo/odoo/odoo/addons/base/models/res_users.py:1681 
2026-03-30 10:54:06,513 1467288 DEBUG ? odoo.modules.registry: Invalidating groups model caches from _update_xmlids /home/pablo/odoo/odoo/addons/base/models/ir_model.py:2414 
2026-03-30 10:54:06,516 1467288 DEBUG ? odoo.modules.registry: Invalidating default model caches from call_cache_clearing_methods /home/pablo/odoo/odoo/addons/base/models/ir_model.py:2183 
2026-03-30 10:54:06,544 1467288 DEBUG ? odoo.modules.registry: Invalidating groups model caches from write /home/pablo/odoo/odoo/addons/base/models/res_users.py:1539 
2026-03-30 10:54:06,544 1467288 DEBUG ? odoo.modules.registry: Invalidating default model caches from write /home/pablo/odoo/odoo/addons/base/models/res_users.py:1681 
2026-03-30 10:54:06,546 1467288 DEBUG ? odoo.modules.registry: Invalidating groups model caches from _update_xmlids /home/pablo/odoo/odoo/addons/base/models/ir_model.py:2414 
2026-03-30 10:54:06,555 1467288 INFO ? odoo.modules.loading: loading helpdesk_mgmt/security/ir.model.access.csv 
2026-03-30 10:54:06,600 1467288 DEBUG ? odoo.modules.registry: Invalidating default model caches from call_cache_clearing_methods /home/pablo/odoo/odoo/addons/base/models/ir_model.py:2183 
2026-03-30 10:54:06,602 1467288 DEBUG ? odoo.modules.registry: Invalidating default model caches from call_cache_clearing_methods /home/pablo/odoo/odoo/addons/base/models/ir_model.py:2183 
2026-03-30 10:54:06,603 1467288 DEBUG ? odoo.modules.registry: Invalidating default model caches from call_cache_clearing_methods /home/pablo/odoo/odoo/addons/base/models/ir_model.py:2183 
2026-03-30 10:54:06,605 1467288 DEBUG ? odoo.modules.registry: Invalidating default model caches from call_cache_clearing_methods /home/pablo/odoo/odoo/addons/base/models/ir_model.py:2183 
2026-03-30 10:54:06,607 1467288 DEBUG ? odoo.modules.registry: Invalidating default model caches from call_cache_clearing_methods /home/pablo/odoo/odoo/addons/base/models/ir_model.py:2183 
2026-03-30 10:54:06,609 1467288 DEBUG ? odoo.modules.registry: Invalidating default model caches from call_cache_clearing_methods /home/pablo/odoo/odoo/addons/base/models/ir_model.py:2183 
2026-03-30 10:54:06,612 1467288 DEBUG ? odoo.modules.registry: Invalidating default model caches from call_cache_clearing_methods /home/pablo/odoo/odoo/addons/base/models/ir_model.py:2183 
2026-03-30 10:54:06,614 1467288 DEBUG ? odoo.modules.registry: Invalidating default model caches from call_cache_clearing_methods /home/pablo/odoo/odoo/addons/base/models/ir_model.py:2183 
2026-03-30 10:54:06,615 1467288 DEBUG ? odoo.modules.registry: Invalidating default model caches from call_cache_clearing_methods /home/pablo/odoo/odoo/addons/base/models/ir_model.py:2183 
2026-03-30 10:54:06,616 1467288 DEBUG ? odoo.modules.registry: Invalidating default model caches from call_cache_clearing_methods /home/pablo/odoo/odoo/addons/base/models/ir_model.py:2183 
2026-03-30 10:54:06,617 1467288 DEBUG ? odoo.modules.registry: Invalidating default model caches from call_cache_clearing_methods /home/pablo/odoo/odoo/addons/base/models/ir_model.py:2183 
2026-03-30 10:54:06,619 1467288 DEBUG ? odoo.modules.registry: Invalidating default model caches from call_cache_clearing_methods /home/pablo/odoo/odoo/addons/base/models/ir_model.py:2183 
2026-03-30 10:54:06,619 1467288 DEBUG ? odoo.modules.registry: Invalidating default model caches from call_cache_clearing_methods /home/pablo/odoo/odoo/addons/base/models/ir_model.py:2183 
2026-03-30 10:54:06,620 1467288 DEBUG ? odoo.modules.registry: Invalidating default model caches from call_cache_clearing_methods /home/pablo/odoo/odoo/addons/base/models/ir_model.py:2183 
2026-03-30 10:54:06,621 1467288 DEBUG ? odoo.modules.registry: Invalidating default model caches from call_cache_clearing_methods /home/pablo/odoo/odoo/addons/base/models/ir_model.py:2183 
2026-03-30 10:54:06,622 1467288 DEBUG ? odoo.modules.registry: Invalidating default model caches from call_cache_clearing_methods /home/pablo/odoo/odoo/addons/base/models/ir_model.py:2183 
2026-03-30 10:54:06,623 1467288 DEBUG ? odoo.modules.registry: Invalidating default model caches from call_cache_clearing_methods /home/pablo/odoo/odoo/addons/base/models/ir_model.py:2183 
2026-03-30 10:54:06,624 1467288 DEBUG ? odoo.modules.registry: Invalidating default model caches from call_cache_clearing_methods /home/pablo/odoo/odoo/addons/base/models/ir_model.py:2183 
2026-03-30 10:54:06,625 1467288 DEBUG ? odoo.modules.registry: Invalidating default model caches from call_cache_clearing_methods /home/pablo/odoo/odoo/addons/base/models/ir_model.py:2183 
2026-03-30 10:54:06,626 1467288 DEBUG ? odoo.modules.registry: Invalidating default model caches from call_cache_clearing_methods /home/pablo/odoo/odoo/addons/base/models/ir_model.py:2183 
2026-03-30 10:54:06,629 1467288 DEBUG ? odoo.modules.registry: Invalidating default model caches from call_cache_clearing_methods /home/pablo/odoo/odoo/addons/base/models/ir_model.py:2183 
2026-03-30 10:54:06,631 1467288 DEBUG ? odoo.modules.registry: Invalidating default model caches from call_cache_clearing_methods /home/pablo/odoo/odoo/addons/base/models/ir_model.py:2183 
2026-03-30 10:54:06,633 1467288 DEBUG ? odoo.modules.registry: Invalidating default model caches from call_cache_clearing_methods /home/pablo/odoo/odoo/addons/base/models/ir_model.py:2183 
2026-03-30 10:54:06,634 1467288 DEBUG ? odoo.modules.registry: Invalidating default model caches from call_cache_clearing_methods /home/pablo/odoo/odoo/addons/base/models/ir_model.py:2183 
2026-03-30 10:54:06,636 1467288 DEBUG ? odoo.modules.registry: Invalidating default model caches from call_cache_clearing_methods /home/pablo/odoo/odoo/addons/base/models/ir_model.py:2183 
2026-03-30 10:54:06,637 1467288 DEBUG ? odoo.modules.registry: Invalidating default model caches from call_cache_clearing_methods /home/pablo/odoo/odoo/addons/base/models/ir_model.py:2183 
2026-03-30 10:54:06,638 1467288 DEBUG ? odoo.modules.registry: Invalidating default model caches from call_cache_clearing_methods /home/pablo/odoo/odoo/addons/base/models/ir_model.py:2183 
2026-03-30 10:54:06,639 1467288 DEBUG ? odoo.modules.registry: Invalidating default model caches from call_cache_clearing_methods /home/pablo/odoo/odoo/addons/base/models/ir_model.py:2183 
2026-03-30 10:54:06,640 1467288 DEBUG ? odoo.modules.registry: Invalidating default model caches from call_cache_clearing_methods /home/pablo/odoo/odoo/addons/base/models/ir_model.py:2183 
2026-03-30 10:54:06,641 1467288 DEBUG ? odoo.modules.registry: Invalidating default model caches from call_cache_clearing_methods /home/pablo/odoo/odoo/addons/base/models/ir_model.py:2183 
2026-03-30 10:54:06,643 1467288 DEBUG ? odoo.modules.registry: Invalidating default model caches from call_cache_clearing_methods /home/pablo/odoo/odoo/addons/base/models/ir_model.py:2183 
2026-03-30 10:54:06,646 1467288 DEBUG ? odoo.modules.registry: Invalidating default model caches from call_cache_clearing_methods /home/pablo/odoo/odoo/addons/base/models/ir_model.py:2183 
2026-03-30 10:54:06,648 1467288 DEBUG ? odoo.modules.registry: Invalidating default model caches from call_cache_clearing_methods /home/pablo/odoo/odoo/addons/base/models/ir_model.py:2183 
2026-03-30 10:54:06,649 1467288 DEBUG ? odoo.modules.registry: Invalidating default model caches from call_cache_clearing_methods /home/pablo/odoo/odoo/addons/base/models/ir_model.py:2183 
2026-03-30 10:54:06,651 1467288 DEBUG ? odoo.modules.registry: Invalidating default model caches from call_cache_clearing_methods /home/pablo/odoo/odoo/addons/base/models/ir_model.py:2183 
2026-03-30 10:54:06,652 1467288 DEBUG ? odoo.modules.registry: Invalidating default model caches from call_cache_clearing_methods /home/pablo/odoo/odoo/addons/base/models/ir_model.py:2183 
2026-03-30 10:54:06,653 1467288 DEBUG ? odoo.modules.registry: Invalidating default model caches from call_cache_clearing_methods /home/pablo/odoo/odoo/addons/base/models/ir_model.py:2183 
2026-03-30 10:54:06,655 1467288 INFO ? odoo.modules.loading: loading helpdesk_mgmt/views/res_partner_views.xml 
2026-03-30 10:54:06,660 1467288 DEBUG ? odoo.modules.registry: Invalidating templates model caches from write /home/pablo/odoo/odoo/addons/base/models/ir_ui_view.py:550 
2026-03-30 10:54:06,664 1467288 DEBUG ? odoo.modules.registry: Invalidating templates model caches from write /home/pablo/odoo/odoo/addons/base/models/ir_ui_view.py:550 
2026-03-30 10:54:06,723 1467288 INFO ? odoo.modules.loading: loading helpdesk_mgmt/views/res_config_settings_views.xml 
2026-03-30 10:54:06,728 1467288 DEBUG ? odoo.modules.registry: Invalidating templates model caches from write /home/pablo/odoo/odoo/addons/base/models/ir_ui_view.py:550 
2026-03-30 10:54:06,730 1467288 DEBUG ? odoo.modules.registry: Invalidating templates model caches from write /home/pablo/odoo/odoo/addons/base/models/ir_ui_view.py:550 
2026-03-30 10:54:06,780 1467288 DEBUG ? odoo.modules.registry: Invalidating default model caches from write /home/pablo/odoo/odoo/addons/base/models/ir_actions.py:114 
2026-03-30 10:54:06,781 1467288 INFO ? odoo.modules.loading: loading helpdesk_mgmt/views/helpdesk_ticket_templates.xml 
2026-03-30 10:54:06,788 1467288 DEBUG ? odoo.modules.registry: Invalidating templates model caches from write /home/pablo/odoo/odoo/addons/base/models/ir_ui_view.py:550 
2026-03-30 10:54:06,790 1467288 DEBUG ? odoo.modules.registry: Invalidating templates model caches from write /home/pablo/odoo/odoo/addons/base/models/ir_ui_view.py:550 
2026-03-30 10:54:06,802 1467288 DEBUG ? odoo.modules.registry: Invalidating templates model caches from write /home/pablo/odoo/odoo/addons/base/models/ir_ui_view.py:550 
2026-03-30 10:54:06,804 1467288 DEBUG ? odoo.modules.registry: Invalidating templates model caches from write /home/pablo/odoo/odoo/addons/base/models/ir_ui_view.py:550 
2026-03-30 10:54:06,811 1467288 DEBUG ? odoo.modules.registry: Invalidating templates model caches from write /home/pablo/odoo/odoo/addons/base/models/ir_ui_view.py:550 
2026-03-30 10:54:06,815 1467288 DEBUG ? odoo.modules.registry: Invalidating templates model caches from write /home/pablo/odoo/odoo/addons/base/models/ir_ui_view.py:550 
2026-03-30 10:54:06,829 1467288 DEBUG ? odoo.modules.registry: Invalidating templates model caches from write /home/pablo/odoo/odoo/addons/base/models/ir_ui_view.py:550 
2026-03-30 10:54:06,831 1467288 DEBUG ? odoo.modules.registry: Invalidating templates model caches from write /home/pablo/odoo/odoo/addons/base/models/ir_ui_view.py:550 
2026-03-30 10:54:06,842 1467288 DEBUG ? odoo.modules.registry: Invalidating templates model caches from write /home/pablo/odoo/odoo/addons/base/models/ir_ui_view.py:550 
2026-03-30 10:54:06,845 1467288 DEBUG ? odoo.modules.registry: Invalidating templates model caches from write /home/pablo/odoo/odoo/addons/base/models/ir_ui_view.py:550 
2026-03-30 10:54:06,853 1467288 DEBUG ? odoo.modules.registry: Invalidating templates model caches from write /home/pablo/odoo/odoo/addons/base/models/ir_ui_view.py:550 
2026-03-30 10:54:06,855 1467288 DEBUG ? odoo.modules.registry: Invalidating templates model caches from write /home/pablo/odoo/odoo/addons/base/models/ir_ui_view.py:550 
2026-03-30 10:54:06,861 1467288 DEBUG ? odoo.modules.registry: Invalidating templates model caches from write /home/pablo/odoo/odoo/addons/base/models/ir_ui_view.py:550 
2026-03-30 10:54:06,862 1467288 DEBUG ? odoo.modules.registry: Invalidating templates model caches from write /home/pablo/odoo/odoo/addons/base/models/ir_ui_view.py:550 
2026-03-30 10:54:06,868 1467288 DEBUG ? odoo.modules.registry: Invalidating templates model caches from write /home/pablo/odoo/odoo/addons/base/models/ir_ui_view.py:550 
2026-03-30 10:54:06,871 1467288 DEBUG ? odoo.modules.registry: Invalidating templates model caches from write /home/pablo/odoo/odoo/addons/base/models/ir_ui_view.py:550 
2026-03-30 10:54:06,878 1467288 DEBUG ? odoo.modules.registry: Invalidating templates model caches from write /home/pablo/odoo/odoo/addons/base/models/ir_ui_view.py:550 
2026-03-30 10:54:06,879 1467288 DEBUG ? odoo.modules.registry: Invalidating templates model caches from write /home/pablo/odoo/odoo/addons/base/models/ir_ui_view.py:550 
2026-03-30 10:54:06,882 1467288 INFO ? odoo.modules.loading: loading helpdesk_mgmt/views/helpdesk_ticket_time_line_views.xml 
2026-03-30 10:54:06,886 1467288 DEBUG ? odoo.modules.registry: Invalidating templates model caches from write /home/pablo/odoo/odoo/addons/base/models/ir_ui_view.py:550 
2026-03-30 10:54:06,887 1467288 DEBUG ? odoo.modules.registry: Invalidating templates model caches from write /home/pablo/odoo/odoo/addons/base/models/ir_ui_view.py:550 
2026-03-30 10:54:06,891 1467288 INFO ? odoo.modules.loading: loading helpdesk_mgmt/views/helpdesk_ticket_views.xml 
2026-03-30 10:54:06,895 1467288 DEBUG ? odoo.modules.registry: Invalidating default model caches from write /home/pablo/odoo/odoo/addons/base/models/ir_actions.py:114 
2026-03-30 10:54:06,897 1467288 DEBUG ? odoo.modules.registry: Invalidating default model caches from write /home/pablo/odoo/odoo/addons/base/models/ir_actions.py:114 
2026-03-30 10:54:06,900 1467288 DEBUG ? odoo.modules.registry: Invalidating templates model caches from write /home/pablo/odoo/odoo/addons/base/models/ir_ui_view.py:550 
2026-03-30 10:54:06,900 1467288 DEBUG ? odoo.modules.registry: Invalidating templates model caches from write /home/pablo/odoo/odoo/addons/base/models/ir_ui_view.py:550 
2026-03-30 10:54:06,910 1467288 DEBUG ? odoo.modules.registry: Invalidating templates model caches from write /home/pablo/odoo/odoo/addons/base/models/ir_ui_view.py:550 
2026-03-30 10:54:06,911 1467288 DEBUG ? odoo.modules.registry: Invalidating templates model caches from write /home/pablo/odoo/odoo/addons/base/models/ir_ui_view.py:550 
2026-03-30 10:54:06,916 1467288 DEBUG ? odoo.modules.registry: Invalidating templates model caches from write /home/pablo/odoo/odoo/addons/base/models/ir_ui_view.py:550 
2026-03-30 10:54:06,916 1467288 DEBUG ? odoo.modules.registry: Invalidating templates model caches from write /home/pablo/odoo/odoo/addons/base/models/ir_ui_view.py:550 
2026-03-30 10:54:06,922 1467288 DEBUG ? odoo.modules.registry: Invalidating templates model caches from write /home/pablo/odoo/odoo/addons/base/models/ir_ui_view.py:550 
2026-03-30 10:54:06,923 1467288 DEBUG ? odoo.modules.registry: Invalidating templates model caches from write /home/pablo/odoo/odoo/addons/base/models/ir_ui_view.py:550 
2026-03-30 10:54:06,928 1467288 DEBUG ? odoo.modules.registry: Invalidating templates model caches from write /home/pablo/odoo/odoo/addons/base/models/ir_ui_view.py:550 
2026-03-30 10:54:06,929 1467288 DEBUG ? odoo.modules.registry: Invalidating templates model caches from write /home/pablo/odoo/odoo/addons/base/models/ir_ui_view.py:550 
2026-03-30 10:54:06,933 1467288 DEBUG ? odoo.modules.registry: Invalidating templates model caches from write /home/pablo/odoo/odoo/addons/base/models/ir_ui_view.py:550 
2026-03-30 10:54:06,934 1467288 DEBUG ? odoo.modules.registry: Invalidating templates model caches from write /home/pablo/odoo/odoo/addons/base/models/ir_ui_view.py:550 
2026-03-30 10:54:06,939 1467288 DEBUG ? odoo.modules.registry: Invalidating templates model caches from write /home/pablo/odoo/odoo/addons/base/models/ir_ui_view.py:550 
2026-03-30 10:54:06,940 1467288 DEBUG ? odoo.modules.registry: Invalidating templates model caches from write /home/pablo/odoo/odoo/addons/base/models/ir_ui_view.py:550 
2026-03-30 10:54:06,951 1467288 DEBUG ? odoo.modules.registry: Invalidating templates model caches from write /home/pablo/odoo/odoo/addons/base/models/ir_ui_view.py:550 
2026-03-30 10:54:06,952 1467288 DEBUG ? odoo.modules.registry: Invalidating templates model caches from write /home/pablo/odoo/odoo/addons/base/models/ir_ui_view.py:550 
2026-03-30 10:54:06,960 1467288 DEBUG ? odoo.modules.registry: Invalidating templates model caches from write /home/pablo/odoo/odoo/addons/base/models/ir_ui_view.py:550 
2026-03-30 10:54:06,961 1467288 DEBUG ? odoo.modules.registry: Invalidating templates model caches from write /home/pablo/odoo/odoo/addons/base/models/ir_ui_view.py:550 
2026-03-30 10:54:06,974 1467288 DEBUG ? odoo.tools.convert: while parsing /home/pablo/odoo/addons/helpdesk/helpdesk_mgmt/views/helpdesk_ticket_views.xml:439
Error while parsing or validating view:

Element '<xpath expr="//header/button[@name=&#39;action_cancel_case&#39;]">' cannot be located in parent view

View error context:
{'file': '/home/pablo/odoo/addons/helpdesk/helpdesk_mgmt/views/helpdesk_ticket_views.xml',
 'line': 1,
 'name': 'helpdesk.ticket.form.resolution.ot',
 'view': ir.ui.view(1565,),
 'view.model': 'helpdesk.ticket',
 'view.parent': ir.ui.view(1552,),
 'xmlid': 'view_helpdesk_ticket_form_resolution'}
 
Traceback (most recent call last):
  File "/home/pablo/odoo/odoo/tools/convert.py", line 590, in _tag_root
    f(rec)
    ~^^^^^
  File "/home/pablo/odoo/odoo/tools/convert.py", line 444, in _tag_record
    record = model._load_records([data], self.mode == 'update')
  File "/home/pablo/odoo/odoo/models.py", line 5508, in _load_records
    data['record']._load_records_write(data['values'])
    ~~~~~~~~~~~~~~~~~~~~~~~~~~~~~~~~~~^^^^^^^^^^^^^^^^
  File "/home/pablo/odoo/odoo/addons/base/models/ir_ui_view.py", line 2311, in _load_records_write
    super(View, self)._load_records_write(values)
    ~~~~~~~~~~~~~~~~~~~~~~~~~~~~~~~~~~~~~^^^^^^^^
  File "/home/pablo/odoo/odoo/models.py", line 5426, in _load_records_write
    self.write(values)
    ~~~~~~~~~~^^^^^^^^
  File "/home/pablo/odoo/odoo/addons/base/models/ir_ui_view.py", line 554, in write
    res = super(View, self).write(self._compute_defaults(vals))
  File "/home/pablo/odoo/odoo/models.py", line 4845, in write
    fields[0].determine_inverse(real_recs)
    ~~~~~~~~~~~~~~~~~~~~~~~~~~~^^^^^^^^^^^
  File "/home/pablo/odoo/odoo/fields.py", line 1502, in determine_inverse
    determine(self.inverse, records)
    ~~~~~~~~~^^^^^^^^^^^^^^^^^^^^^^^
  File "/home/pablo/odoo/odoo/fields.py", line 110, in determine
    return needle(*args)
  File "/home/pablo/odoo/odoo/addons/base/models/ir_ui_view.py", line 262, in _inverse_arch
    view.write(data)
    ~~~~~~~~~~^^^^^^
  File "/home/pablo/odoo/odoo/addons/base/models/ir_ui_view.py", line 554, in write
    res = super(View, self).write(self._compute_defaults(vals))
  File "/home/pablo/odoo/odoo/models.py", line 4835, in write
    real_recs._validate_fields(vals, inverse_fields)
    ~~~~~~~~~~~~~~~~~~~~~~~~~~^^^^^^^^^^^^^^^^^^^^^^
  File "/home/pablo/odoo/odoo/models.py", line 1636, in _validate_fields
    check(self)
    ~~~~~^^^^^^
  File "/home/pablo/odoo/odoo/addons/base/models/ir_ui_view.py", line 377, in _check_xml
    raise err from None
  File "/home/pablo/odoo/odoo/addons/base/models/ir_ui_view.py", line 367, in _check_xml
    combined_arch = view._get_combined_arch()
  File "/home/pablo/odoo/odoo/addons/base/models/ir_ui_view.py", line 962, in _get_combined_arch
    arch = root.with_prefetch(tree_views._prefetch_ids)._combine(hierarchy)
  File "/home/pablo/odoo/odoo/addons/base/models/ir_ui_view.py", line 920, in _combine
    combined_arch = view.apply_inheritance_specs(combined_arch, arch)
  File "/home/pablo/odoo/odoo/addons/base/models/ir_ui_view.py", line 857, in apply_inheritance_specs
    self._raise_view_error(str(e), specs_tree)
    ~~~~~~~~~~~~~~~~~~~~~~^^^^^^^^^^^^^^^^^^^^
  File "/home/pablo/odoo/odoo/addons/base/models/ir_ui_view.py", line 734, in _raise_view_error
    raise err from from_exception
odoo.exceptions.ValidationError: Error while parsing or validating view:

Element '<xpath expr="//header/button[@name=&#39;action_cancel_case&#39;]">' cannot be located in parent view
2026-03-30 10:54:06,979 1467288 WARNING ? odoo.modules.loading: Transient module states were reset 
2026-03-30 10:54:06,980 1467288 ERROR ? odoo.modules.registry: Failed to load registry 
2026-03-30 10:54:06,980 1467288 ERROR ? odoo.http: Exception during request handling. 
Traceback (most recent call last):
  File "/home/pablo/odoo/odoo/http.py", line 2577, in __call__
    response = request._serve_db()
  File "/home/pablo/odoo/odoo/http.py", line 2081, in _serve_db
    self.registry, cr_readwrite = self._open_registry()
                                  ~~~~~~~~~~~~~~~~~~~^^
  File "/home/pablo/odoo/odoo/http.py", line 1690, in _open_registry
    registry = Registry(self.db)
  File "/home/pablo/odoo/odoo/modules/registry.py", line 108, in __new__
    return cls.new(db_name)
           ~~~~~~~^^^^^^^^^
  File "/home/pablo/odoo/.venv/lib/python3.13/site-packages/decorator.py", line 235, in fun
    return caller(func, *(extras + args), **kw)
  File "/home/pablo/odoo/odoo/tools/func.py", line 97, in locked
    return func(inst, *args, **kwargs)
  File "/home/pablo/odoo/odoo/modules/registry.py", line 129, in new
    odoo.modules.load_modules(registry, force_demo, status, update_module)
    ~~~~~~~~~~~~~~~~~~~~~~~~~^^^^^^^^^^^^^^^^^^^^^^^^^^^^^^^^^^^^^^^^^^^^^
  File "/home/pablo/odoo/odoo/modules/loading.py", line 485, in load_modules
    processed_modules += load_marked_modules(env, graph,
                         ~~~~~~~~~~~~~~~~~~~^^^^^^^^^^^^
        ['installed', 'to upgrade', 'to remove'],
        ^^^^^^^^^^^^^^^^^^^^^^^^^^^^^^^^^^^^^^^^^
        force, status, report, loaded_modules, update_module, models_to_check)
        ^^^^^^^^^^^^^^^^^^^^^^^^^^^^^^^^^^^^^^^^^^^^^^^^^^^^^^^^^^^^^^^^^^^^^^
  File "/home/pablo/odoo/odoo/modules/loading.py", line 365, in load_marked_modules
    loaded, processed = load_module_graph(
                        ~~~~~~~~~~~~~~~~~^
        env, graph, progressdict, report=report, skip_modules=loaded_modules,
        ^^^^^^^^^^^^^^^^^^^^^^^^^^^^^^^^^^^^^^^^^^^^^^^^^^^^^^^^^^^^^^^^^^^^^
        perform_checks=perform_checks, models_to_check=models_to_check
        ^^^^^^^^^^^^^^^^^^^^^^^^^^^^^^^^^^^^^^^^^^^^^^^^^^^^^^^^^^^^^^
    )
    ^
  File "/home/pablo/odoo/odoo/modules/loading.py", line 228, in load_module_graph
    load_data(env, idref, mode, kind='data', package=package)
    ~~~~~~~~~^^^^^^^^^^^^^^^^^^^^^^^^^^^^^^^^^^^^^^^^^^^^^^^^
  File "/home/pablo/odoo/odoo/modules/loading.py", line 72, in load_data
    tools.convert_file(env, package.name, filename, idref, mode, noupdate, kind)
    ~~~~~~~~~~~~~~~~~~^^^^^^^^^^^^^^^^^^^^^^^^^^^^^^^^^^^^^^^^^^^^^^^^^^^^^^^^^^
  File "/home/pablo/odoo/odoo/tools/convert.py", line 662, in convert_file
    convert_xml_import(env, module, fp, idref, mode, noupdate)
    ~~~~~~~~~~~~~~~~~~^^^^^^^^^^^^^^^^^^^^^^^^^^^^^^^^^^^^^^^^
  File "/home/pablo/odoo/odoo/tools/convert.py", line 733, in convert_xml_import
    obj.parse(doc.getroot())
    ~~~~~~~~~^^^^^^^^^^^^^^^
  File "/home/pablo/odoo/odoo/tools/convert.py", line 648, in parse
    self._tag_root(de)
    ~~~~~~~~~~~~~~^^^^
  File "/home/pablo/odoo/odoo/tools/convert.py", line 601, in _tag_root
    raise ParseError(msg) from None  # Restart with "--log-handler odoo.tools.convert:DEBUG" for complete traceback
    ^^^^^^^^^^^^^^^^^^^^^^^^^^^^^^^
odoo.tools.convert.ParseError: while parsing /home/pablo/odoo/addons/helpdesk/helpdesk_mgmt/views/helpdesk_ticket_views.xml:439
Error while parsing or validating view:

Element '<xpath expr="//header/button[@name=&#39;action_cancel_case&#39;]">' cannot be located in parent view

View error context:
{'file': '/home/pablo/odoo/addons/helpdesk/helpdesk_mgmt/views/helpdesk_ticket_views.xml',
 'line': 1,
 'name': 'helpdesk.ticket.form.resolution.ot',
 'view': ir.ui.view(1565,),
 'view.model': 'helpdesk.ticket',
 'view.parent': ir.ui.view(1552,),
 'xmlid': 'view_helpdesk_ticket_form_resolution'}

2026-03-30 10:54:06,982 1467288 INFO ? werkzeug: 127.0.0.1 - - [30/Mar/2026 10:54:06] "GET /.well-known/appspecific/com.chrome.devtools.json HTTP/1.1" 500 - 797 0.676 6.987
2026-03-30 10:54:06,986 1467288 DEBUG ? odoo.modules.registry: Multiprocess load registry signaling: [Registry: 26] [Cache default: 28] [Cache assets: 3] [Cache templates: 2] [Cache routing: 1] [Cache groups: 2] 
2026-03-30 10:54:06,989 1467288 INFO ? odoo.modules.loading: loading 1 modules... 
2026-03-30 10:54:06,990 1467288 DEBUG ? odoo.modules.loading: Loading module base (1/1) 
2026-03-30 10:54:06,997 1467288 DEBUG ? odoo.modules.loading: Module base loaded in 0.01s, 0 queries 
2026-03-30 10:54:06,997 1467288 INFO ? odoo.modules.loading: 1 modules loaded in 0.01s, 0 queries (+0 extra) 
2026-03-30 10:54:07,006 1467288 DEBUG ? odoo.modules.loading: Updating graph with 100 more modules 
2026-03-30 10:54:07,006 1467288 INFO ? odoo.modules.loading: loading 101 modules... 
2026-03-30 10:54:07,007 1467288 DEBUG ? odoo.modules.loading: Loading module l10n_us (2/101) 
2026-03-30 10:54:07,007 1467288 DEBUG ? odoo.modules.loading: Module l10n_us loaded in 0.00s, 0 queries 
2026-03-30 10:54:07,007 1467288 DEBUG ? odoo.modules.loading: Loading module social_media (3/101) 
2026-03-30 10:54:07,007 1467288 DEBUG ? odoo.modules.loading: Module social_media loaded in 0.00s, 0 queries 
2026-03-30 10:54:07,007 1467288 DEBUG ? odoo.modules.loading: Loading module uom (4/101) 
2026-03-30 10:54:07,008 1467288 DEBUG ? odoo.modules.loading: Module uom loaded in 0.00s, 0 queries 
2026-03-30 10:54:07,008 1467288 DEBUG ? odoo.modules.loading: Loading module web (5/101) 
2026-03-30 10:54:07,009 1467288 DEBUG ? odoo.modules.loading: Module web loaded in 0.00s, 0 queries 
2026-03-30 10:54:07,009 1467288 DEBUG ? odoo.modules.loading: Loading module auth_totp (6/101) 
2026-03-30 10:54:07,010 1467288 DEBUG ? odoo.modules.loading: Module auth_totp loaded in 0.00s, 0 queries 
2026-03-30 10:54:07,010 1467288 DEBUG ? odoo.modules.loading: Loading module barcodes (7/101) 
2026-03-30 10:54:07,011 1467288 DEBUG ? odoo.modules.loading: Module barcodes loaded in 0.00s, 0 queries 
2026-03-30 10:54:07,011 1467288 DEBUG ? odoo.modules.loading: Loading module base_import (8/101) 
2026-03-30 10:54:07,012 1467288 DEBUG ? odoo.modules.loading: Module base_import loaded in 0.00s, 0 queries 
2026-03-30 10:54:07,012 1467288 DEBUG ? odoo.modules.loading: Loading module base_import_module (9/101) 
2026-03-30 10:54:07,012 1467288 DEBUG ? odoo.modules.loading: Module base_import_module loaded in 0.00s, 0 queries 
2026-03-30 10:54:07,013 1467288 DEBUG ? odoo.modules.loading: Loading module base_setup (10/101) 
2026-03-30 10:54:07,013 1467288 DEBUG ? odoo.modules.loading: Module base_setup loaded in 0.00s, 0 queries 
2026-03-30 10:54:07,013 1467288 DEBUG ? odoo.modules.loading: Loading module bus (11/101) 
2026-03-30 10:54:07,013 1467288 DEBUG ? odoo.modules.loading: Module bus loaded in 0.00s, 0 queries 
2026-03-30 10:54:07,014 1467288 DEBUG ? odoo.modules.loading: Loading module http_routing (12/101) 
2026-03-30 10:54:07,014 1467288 DEBUG ? odoo.modules.loading: Module http_routing loaded in 0.00s, 0 queries 
2026-03-30 10:54:07,014 1467288 DEBUG ? odoo.modules.loading: Loading module onboarding (13/101) 
2026-03-30 10:54:07,014 1467288 DEBUG ? odoo.modules.loading: Module onboarding loaded in 0.00s, 0 queries 
2026-03-30 10:54:07,014 1467288 DEBUG ? odoo.modules.loading: Loading module resource (14/101) 
2026-03-30 10:54:07,015 1467288 DEBUG ? odoo.modules.loading: Module resource loaded in 0.00s, 0 queries 
2026-03-30 10:54:07,015 1467288 DEBUG ? odoo.modules.loading: Loading module utm (15/101) 
2026-03-30 10:54:07,015 1467288 DEBUG ? odoo.modules.loading: Module utm loaded in 0.00s, 0 queries 
2026-03-30 10:54:07,015 1467288 DEBUG ? odoo.modules.loading: Loading module web_hierarchy (16/101) 
2026-03-30 10:54:07,017 1467288 DEBUG ? odoo.modules.loading: Module web_hierarchy loaded in 0.00s, 0 queries 
2026-03-30 10:54:07,017 1467288 DEBUG ? odoo.modules.loading: Loading module web_tour (17/101) 
2026-03-30 10:54:07,017 1467288 DEBUG ? odoo.modules.loading: Module web_tour loaded in 0.00s, 0 queries 
2026-03-30 10:54:07,017 1467288 DEBUG ? odoo.modules.loading: Loading module barcodes_gs1_nomenclature (18/101) 
2026-03-30 10:54:07,018 1467288 DEBUG ? odoo.modules.loading: Module barcodes_gs1_nomenclature loaded in 0.00s, 0 queries 
2026-03-30 10:54:07,018 1467288 DEBUG ? odoo.modules.loading: Loading module html_editor (19/101) 
2026-03-30 10:54:07,018 1467288 DEBUG ? odoo.modules.loading: Module html_editor loaded in 0.00s, 0 queries 
2026-03-30 10:54:07,018 1467288 DEBUG ? odoo.modules.loading: Loading module iap (20/101) 
2026-03-30 10:54:07,019 1467288 DEBUG ? odoo.modules.loading: Module iap loaded in 0.00s, 0 queries 
2026-03-30 10:54:07,019 1467288 DEBUG ? odoo.modules.loading: Loading module mail (21/101) 
2026-03-30 10:54:07,024 1467288 DEBUG ? odoo.modules.loading: Module mail loaded in 0.00s, 0 queries 
2026-03-30 10:54:07,024 1467288 DEBUG ? odoo.modules.loading: Loading module web_editor (22/101) 
2026-03-30 10:54:07,028 1467288 DEBUG ? odoo.modules.loading: Module web_editor loaded in 0.00s, 0 queries 
2026-03-30 10:54:07,028 1467288 DEBUG ? odoo.modules.loading: Loading module analytic (23/101) 
2026-03-30 10:54:07,028 1467288 DEBUG ? odoo.modules.loading: Module analytic loaded in 0.00s, 0 queries 
2026-03-30 10:54:07,029 1467288 DEBUG ? odoo.modules.loading: Loading module auth_signup (24/101) 
2026-03-30 10:54:07,029 1467288 DEBUG ? odoo.modules.loading: Module auth_signup loaded in 0.00s, 0 queries 
2026-03-30 10:54:07,029 1467288 DEBUG ? odoo.modules.loading: Loading module auth_totp_mail (25/101) 
2026-03-30 10:54:07,029 1467288 DEBUG ? odoo.modules.loading: Module auth_totp_mail loaded in 0.00s, 0 queries 
2026-03-30 10:54:07,029 1467288 DEBUG ? odoo.modules.loading: Loading module base_install_request (26/101) 
2026-03-30 10:54:07,030 1467288 DEBUG ? odoo.modules.loading: Module base_install_request loaded in 0.00s, 0 queries 
2026-03-30 10:54:07,030 1467288 DEBUG ? odoo.modules.loading: Loading module calendar (27/101) 
2026-03-30 10:54:07,030 1467288 DEBUG ? odoo.modules.loading: Module calendar loaded in 0.00s, 0 queries 
2026-03-30 10:54:07,031 1467288 DEBUG ? odoo.modules.loading: Loading module contacts (28/101) 
2026-03-30 10:54:07,031 1467288 DEBUG ? odoo.modules.loading: Module contacts loaded in 0.00s, 0 queries 
2026-03-30 10:54:07,031 1467288 DEBUG ? odoo.modules.loading: Loading module gamification (29/101) 
2026-03-30 10:54:07,032 1467288 DEBUG ? odoo.modules.loading: Module gamification loaded in 0.00s, 0 queries 
2026-03-30 10:54:07,032 1467288 DEBUG ? odoo.modules.loading: Loading module iap_mail (30/101) 
2026-03-30 10:54:07,032 1467288 DEBUG ? odoo.modules.loading: Module iap_mail loaded in 0.00s, 0 queries 
2026-03-30 10:54:07,032 1467288 DEBUG ? odoo.modules.loading: Loading module link_tracker (31/101) 
2026-03-30 10:54:07,032 1467288 DEBUG ? odoo.modules.loading: Module link_tracker loaded in 0.00s, 0 queries 
2026-03-30 10:54:07,032 1467288 DEBUG ? odoo.modules.loading: Loading module mail_bot (32/101) 
2026-03-30 10:54:07,033 1467288 DEBUG ? odoo.modules.loading: Module mail_bot loaded in 0.00s, 0 queries 
2026-03-30 10:54:07,033 1467288 DEBUG ? odoo.modules.loading: Loading module microsoft_outlook (33/101) 
2026-03-30 10:54:07,033 1467288 DEBUG ? odoo.modules.loading: Module microsoft_outlook loaded in 0.00s, 0 queries 
2026-03-30 10:54:07,033 1467288 DEBUG ? odoo.modules.loading: Loading module phone_validation (34/101) 
2026-03-30 10:54:07,037 1467288 DEBUG ? odoo.modules.loading: Module phone_validation loaded in 0.00s, 0 queries 
2026-03-30 10:54:07,037 1467288 DEBUG ? odoo.modules.loading: Loading module privacy_lookup (35/101) 
2026-03-30 10:54:07,037 1467288 DEBUG ? odoo.modules.loading: Module privacy_lookup loaded in 0.00s, 0 queries 
2026-03-30 10:54:07,037 1467288 DEBUG ? odoo.modules.loading: Loading module product (36/101) 
2026-03-30 10:54:07,039 1467288 DEBUG ? odoo.modules.loading: Module product loaded in 0.00s, 0 queries 
2026-03-30 10:54:07,039 1467288 DEBUG ? odoo.modules.loading: Loading module rating (37/101) 
2026-03-30 10:54:07,039 1467288 DEBUG ? odoo.modules.loading: Module rating loaded in 0.00s, 0 queries 
2026-03-30 10:54:07,039 1467288 DEBUG ? odoo.modules.loading: Loading module resource_mail (38/101) 
2026-03-30 10:54:07,040 1467288 DEBUG ? odoo.modules.loading: Module resource_mail loaded in 0.00s, 0 queries 
2026-03-30 10:54:07,040 1467288 DEBUG ? odoo.modules.loading: Loading module sales_team (39/101) 
2026-03-30 10:54:07,040 1467288 DEBUG ? odoo.modules.loading: Module sales_team loaded in 0.00s, 0 queries 
2026-03-30 10:54:07,040 1467288 DEBUG ? odoo.modules.loading: Loading module web_unsplash (40/101) 
2026-03-30 10:54:07,040 1467288 DEBUG ? odoo.modules.loading: Module web_unsplash loaded in 0.00s, 0 queries 
2026-03-30 10:54:07,040 1467288 DEBUG ? odoo.modules.loading: Loading module partner_autocomplete (41/101) 
2026-03-30 10:54:07,041 1467288 DEBUG ? odoo.modules.loading: Module partner_autocomplete loaded in 0.00s, 0 queries 
2026-03-30 10:54:07,041 1467288 DEBUG ? odoo.modules.loading: Loading module portal (42/101) 
2026-03-30 10:54:07,042 1467288 DEBUG ? odoo.modules.loading: Module portal loaded in 0.00s, 0 queries 
2026-03-30 10:54:07,042 1467288 DEBUG ? odoo.modules.loading: Loading module sms (43/101) 
2026-03-30 10:54:07,046 1467288 DEBUG ? odoo.modules.loading: Module sms loaded in 0.00s, 0 queries 
2026-03-30 10:54:07,046 1467288 DEBUG ? odoo.modules.loading: Loading module snailmail (44/101) 
2026-03-30 10:54:07,047 1467288 DEBUG ? odoo.modules.loading: Module snailmail loaded in 0.00s, 0 queries 
2026-03-30 10:54:07,047 1467288 DEBUG ? odoo.modules.loading: Loading module survey (45/101) 
2026-03-30 10:54:07,048 1467288 DEBUG ? odoo.modules.loading: Module survey loaded in 0.00s, 0 queries 
2026-03-30 10:54:07,048 1467288 DEBUG ? odoo.modules.loading: Loading module auth_totp_portal (46/101) 
2026-03-30 10:54:07,049 1467288 DEBUG ? odoo.modules.loading: Module auth_totp_portal loaded in 0.00s, 0 queries 
2026-03-30 10:54:07,049 1467288 DEBUG ? odoo.modules.loading: Loading module calendar_sms (47/101) 
2026-03-30 10:54:07,049 1467288 DEBUG ? odoo.modules.loading: Module calendar_sms loaded in 0.00s, 0 queries 
2026-03-30 10:54:07,049 1467288 DEBUG ? odoo.modules.loading: Loading module digest (48/101) 
2026-03-30 10:54:07,049 1467288 DEBUG ? odoo.modules.loading: Module digest loaded in 0.00s, 0 queries 
2026-03-30 10:54:07,050 1467288 DEBUG ? odoo.modules.loading: Loading module payment (49/101) 
2026-03-30 10:54:07,051 1467288 DEBUG ? odoo.modules.loading: Module payment loaded in 0.00s, 0 queries 
2026-03-30 10:54:07,052 1467288 DEBUG ? odoo.modules.loading: Loading module portal_rating (50/101) 
2026-03-30 10:54:07,052 1467288 DEBUG ? odoo.modules.loading: Module portal_rating loaded in 0.00s, 0 queries 
2026-03-30 10:54:07,052 1467288 DEBUG ? odoo.modules.loading: Loading module spreadsheet (51/101) 
2026-03-30 10:54:07,053 1467288 DEBUG ? odoo.modules.loading: Module spreadsheet loaded in 0.00s, 0 queries 
2026-03-30 10:54:07,053 1467288 DEBUG ? odoo.modules.loading: Loading module account (52/101) 
2026-03-30 10:54:07,057 1467288 DEBUG ? odoo.modules.loading: Module account loaded in 0.00s, 0 queries 
2026-03-30 10:54:07,057 1467288 DEBUG ? odoo.modules.loading: Loading module crm (53/101) 
2026-03-30 10:54:07,059 1467288 DEBUG ? odoo.modules.loading: Module crm loaded in 0.00s, 0 queries 
2026-03-30 10:54:07,059 1467288 DEBUG ? odoo.modules.loading: Loading module hr (54/101) 
2026-03-30 10:54:07,064 1467288 DEBUG ? odoo.modules.loading: Module hr loaded in 0.00s, 0 queries 
2026-03-30 10:54:07,064 1467288 DEBUG ? odoo.modules.loading: Loading module mass_mailing (55/101) 
2026-03-30 10:54:07,065 1467288 DEBUG ? odoo.modules.loading: Module mass_mailing loaded in 0.00s, 0 queries 
2026-03-30 10:54:07,066 1467288 DEBUG ? odoo.modules.loading: Loading module project (56/101) 
2026-03-30 10:54:07,067 1467288 DEBUG ? odoo.modules.loading: Module project loaded in 0.00s, 0 queries 
2026-03-30 10:54:07,068 1467288 DEBUG ? odoo.modules.loading: Loading module spreadsheet_dashboard (57/101) 
2026-03-30 10:54:07,068 1467288 DEBUG ? odoo.modules.loading: Module spreadsheet_dashboard loaded in 0.00s, 0 queries 
2026-03-30 10:54:07,069 1467288 DEBUG ? odoo.modules.loading: Loading module stock (58/101) 
2026-03-30 10:54:07,072 1467288 DEBUG ? odoo.modules.loading: Module stock loaded in 0.00s, 0 queries 
2026-03-30 10:54:07,072 1467288 DEBUG ? odoo.modules.loading: Loading module account_add_gln (59/101) 
2026-03-30 10:54:07,073 1467288 DEBUG ? odoo.modules.loading: Module account_add_gln loaded in 0.00s, 0 queries 
2026-03-30 10:54:07,073 1467288 DEBUG ? odoo.modules.loading: Loading module account_edi_ubl_cii (60/101) 
2026-03-30 10:54:07,073 1467288 DEBUG ? odoo.modules.loading: Module account_edi_ubl_cii loaded in 0.00s, 0 queries 
2026-03-30 10:54:07,074 1467288 DEBUG ? odoo.modules.loading: Loading module account_payment (61/101) 
2026-03-30 10:54:07,074 1467288 DEBUG ? odoo.modules.loading: Module account_payment loaded in 0.00s, 0 queries 
2026-03-30 10:54:07,074 1467288 DEBUG ? odoo.modules.loading: Loading module base_iban (62/101) 
2026-03-30 10:54:07,074 1467288 DEBUG ? odoo.modules.loading: Module base_iban loaded in 0.00s, 0 queries 
2026-03-30 10:54:07,074 1467288 DEBUG ? odoo.modules.loading: Loading module base_vat (63/101) 
2026-03-30 10:54:07,075 1467288 DEBUG ? odoo.modules.loading: Module base_vat loaded in 0.00s, 0 queries 
2026-03-30 10:54:07,075 1467288 DEBUG ? odoo.modules.loading: Loading module board (64/101) 
2026-03-30 10:54:07,075 1467288 DEBUG ? odoo.modules.loading: Module board loaded in 0.00s, 0 queries 
2026-03-30 10:54:07,075 1467288 DEBUG ? odoo.modules.loading: Loading module crm_sms (65/101) 
2026-03-30 10:54:07,075 1467288 DEBUG ? odoo.modules.loading: Module crm_sms loaded in 0.00s, 0 queries 
2026-03-30 10:54:07,075 1467288 DEBUG ? odoo.modules.loading: Loading module hr_calendar (66/101) 
2026-03-30 10:54:07,076 1467288 DEBUG ? odoo.modules.loading: Module hr_calendar loaded in 0.00s, 0 queries 
2026-03-30 10:54:07,076 1467288 DEBUG ? odoo.modules.loading: Loading module hr_gamification (67/101) 
2026-03-30 10:54:07,076 1467288 DEBUG ? odoo.modules.loading: Module hr_gamification loaded in 0.00s, 0 queries 
2026-03-30 10:54:07,076 1467288 DEBUG ? odoo.modules.loading: Loading module hr_org_chart (68/101) 
2026-03-30 10:54:07,076 1467288 DEBUG ? odoo.modules.loading: Module hr_org_chart loaded in 0.00s, 0 queries 
2026-03-30 10:54:07,077 1467288 DEBUG ? odoo.modules.loading: Loading module hr_skills (69/101) 
2026-03-30 10:54:07,077 1467288 DEBUG ? odoo.modules.loading: Module hr_skills loaded in 0.00s, 0 queries 
2026-03-30 10:54:07,077 1467288 DEBUG ? odoo.modules.loading: Loading module iap_crm (70/101) 
2026-03-30 10:54:07,078 1467288 DEBUG ? odoo.modules.loading: Module iap_crm loaded in 0.00s, 0 queries 
2026-03-30 10:54:07,078 1467288 DEBUG ? odoo.modules.loading: Loading module l10n_us_account (71/101) 
2026-03-30 10:54:07,078 1467288 DEBUG ? odoo.modules.loading: Module l10n_us_account loaded in 0.00s, 0 queries 
2026-03-30 10:54:07,078 1467288 DEBUG ? odoo.modules.loading: Loading module mail_bot_hr (72/101) 
2026-03-30 10:54:07,078 1467288 DEBUG ? odoo.modules.loading: Module mail_bot_hr loaded in 0.00s, 0 queries 
2026-03-30 10:54:07,078 1467288 DEBUG ? odoo.modules.loading: Loading module mass_mailing_crm (73/101) 
2026-03-30 10:54:07,078 1467288 DEBUG ? odoo.modules.loading: Module mass_mailing_crm loaded in 0.00s, 0 queries 
2026-03-30 10:54:07,079 1467288 DEBUG ? odoo.modules.loading: Loading module mass_mailing_themes (74/101) 
2026-03-30 10:54:07,079 1467288 DEBUG ? odoo.modules.loading: Module mass_mailing_themes loaded in 0.00s, 0 queries 
2026-03-30 10:54:07,079 1467288 DEBUG ? odoo.modules.loading: Loading module project_account (75/101) 
2026-03-30 10:54:07,079 1467288 DEBUG ? odoo.modules.loading: Module project_account loaded in 0.00s, 0 queries 
2026-03-30 10:54:07,079 1467288 DEBUG ? odoo.modules.loading: Loading module project_sms (76/101) 
2026-03-30 10:54:07,079 1467288 DEBUG ? odoo.modules.loading: Module project_sms loaded in 0.00s, 0 queries 
2026-03-30 10:54:07,079 1467288 DEBUG ? odoo.modules.loading: Loading module project_stock (77/101) 
2026-03-30 10:54:07,080 1467288 DEBUG ? odoo.modules.loading: Module project_stock loaded in 0.00s, 0 queries 
2026-03-30 10:54:07,080 1467288 DEBUG ? odoo.modules.loading: Loading module project_todo (78/101) 
2026-03-30 10:54:07,080 1467288 DEBUG ? odoo.modules.loading: Module project_todo loaded in 0.00s, 0 queries 
2026-03-30 10:54:07,080 1467288 DEBUG ? odoo.modules.loading: Loading module purchase (79/101) 
2026-03-30 10:54:07,081 1467288 DEBUG ? odoo.modules.loading: Module purchase loaded in 0.00s, 0 queries 
2026-03-30 10:54:07,081 1467288 DEBUG ? odoo.modules.loading: Loading module snailmail_account (80/101) 
2026-03-30 10:54:07,081 1467288 DEBUG ? odoo.modules.loading: Module snailmail_account loaded in 0.00s, 0 queries 
2026-03-30 10:54:07,081 1467288 DEBUG ? odoo.modules.loading: Loading module spreadsheet_account (81/101) 
2026-03-30 10:54:07,082 1467288 DEBUG ? odoo.modules.loading: Module spreadsheet_account loaded in 0.00s, 0 queries 
2026-03-30 10:54:07,082 1467288 DEBUG ? odoo.modules.loading: Loading module spreadsheet_dashboard_account (82/101) 
2026-03-30 10:54:07,082 1467288 DEBUG ? odoo.modules.loading: Module spreadsheet_dashboard_account loaded in 0.00s, 0 queries 
2026-03-30 10:54:07,082 1467288 DEBUG ? odoo.modules.loading: Loading module stock_account (83/101) 
2026-03-30 10:54:07,083 1467288 DEBUG ? odoo.modules.loading: Module stock_account loaded in 0.00s, 0 queries 
2026-03-30 10:54:07,083 1467288 DEBUG ? odoo.modules.loading: Loading module stock_sms (84/101) 
2026-03-30 10:54:07,084 1467288 DEBUG ? odoo.modules.loading: Module stock_sms loaded in 0.00s, 0 queries 
2026-03-30 10:54:07,084 1467288 DEBUG ? odoo.modules.loading: Loading module account_qr_code_sepa (85/101) 
2026-03-30 10:54:07,085 1467288 DEBUG ? odoo.modules.loading: Module account_qr_code_sepa loaded in 0.00s, 0 queries 
2026-03-30 10:54:07,085 1467288 DEBUG ? odoo.modules.loading: Loading module crm_iap_enrich (86/101) 
2026-03-30 10:54:07,086 1467288 DEBUG ? odoo.modules.loading: Module crm_iap_enrich loaded in 0.00s, 0 queries 
2026-03-30 10:54:07,086 1467288 DEBUG ? odoo.modules.loading: Loading module crm_iap_mine (87/101) 
2026-03-30 10:54:07,086 1467288 DEBUG ? odoo.modules.loading: Module crm_iap_mine loaded in 0.00s, 0 queries 
2026-03-30 10:54:07,086 1467288 INFO ? odoo.modules.loading: Loading module helpdesk_mgmt (88/101) 
2026-03-30 10:54:07,471 1467288 INFO ? odoo.modules.registry: module helpdesk_mgmt: creating or updating database tables 
2026-03-30 10:54:07,604 1467288 DEBUG ? odoo.models: Table 'res_company': setting default value of new column fiscalyear_last_day to 31 
2026-03-30 10:54:07,604 1467288 DEBUG ? odoo.models: Table 'res_company': setting default value of new column fiscalyear_last_month to '12' 
2026-03-30 10:54:07,605 1467288 DEBUG ? odoo.models: Table 'res_company': setting default value of new column account_price_include to 'tax_excluded' 
2026-03-30 10:54:07,608 1467288 DEBUG ? odoo.models: Table 'res_company': setting default value of new column account_opening_date to '2026-01-01' 
2026-03-30 10:54:07,609 1467288 DEBUG ? odoo.models: Table 'res_company': setting default value of new column po_lead to 0.0 
2026-03-30 10:54:07,623 1467288 DEBUG ? odoo.models: Table 'res_config_settings': setting default value of new column company_id to 1 
2026-03-30 10:54:07,642 1467288 DEBUG ? odoo.models: Table 'res_partner': setting default value of new column autopost_bills to 'ask' 
2026-03-30 10:54:07,654 1467288 DEBUG ? odoo.models: Table 'res_users': setting default value of new column notification_type to 'email' 
2026-03-30 10:54:07,666 1467288 WARNING ? odoo.addons.base.models.ir_model: Two fields (case_number, number) of helpdesk.ticket() have the same label: Número de caso. [Modules: helpdesk_mgmt and helpdesk_mgmt] 
2026-03-30 10:54:07,666 1467288 WARNING ? odoo.addons.base.models.ir_model: Two fields (subject_id, subject) of helpdesk.ticket() have the same label: Asunto. [Modules: helpdesk_mgmt and helpdesk_mgmt] 
2026-03-30 10:54:07,666 1467288 WARNING ? odoo.addons.base.models.ir_model: Two fields (state_reason_id, state_reason) of helpdesk.ticket() have the same label: Razón para el estado. [Modules: helpdesk_mgmt and helpdesk_mgmt] 
2026-03-30 10:54:07,867 1467288 DEBUG ? odoo.schema: Table 'res_company': column 'fiscalyear_last_day': added constraint NOT NULL 
2026-03-30 10:54:07,869 1467288 DEBUG ? odoo.schema: Table 'res_company': column 'fiscalyear_last_month': added constraint NOT NULL 
2026-03-30 10:54:07,870 1467288 DEBUG ? odoo.schema: Table 'res_company': column 'account_price_include': added constraint NOT NULL 
2026-03-30 10:54:07,871 1467288 DEBUG ? odoo.schema: Table 'res_company': column 'account_opening_date': added constraint NOT NULL 
2026-03-30 10:54:07,872 1467288 DEBUG ? odoo.schema: Table 'res_company': column 'po_lead': added constraint NOT NULL 
2026-03-30 10:54:07,873 1467288 DEBUG ? odoo.schema: Table 'res_config_settings': column 'company_id': added constraint NOT NULL 
2026-03-30 10:54:07,880 1467288 DEBUG ? odoo.schema: Table 'res_partner': column 'autopost_bills': added constraint NOT NULL 
2026-03-30 10:54:07,884 1467288 DEBUG ? odoo.schema: Table 'res_users': column 'notification_type': added constraint NOT NULL 
2026-03-30 10:54:07,889 1467288 INFO ? odoo.schema: Keep unexpected index helpdesk_ticket__priority_index on table helpdesk_ticket 
2026-03-30 10:54:07,889 1467288 INFO ? odoo.schema: Keep unexpected index helpdesk_ticket__state_index on table helpdesk_ticket 
2026-03-30 10:54:07,889 1467288 INFO ? odoo.schema: Keep unexpected index helpdesk_ticket__subject_id_index on table helpdesk_ticket 
2026-03-30 10:54:07,929 1467288 INFO ? odoo.modules.loading: loading helpdesk_mgmt/data/helpdesk_data.xml 
2026-03-30 10:54:07,946 1467288 DEBUG ? odoo.modules.registry: Invalidating templates model caches from write /home/pablo/odoo/odoo/addons/base/models/ir_ui_view.py:550 
2026-03-30 10:54:07,948 1467288 DEBUG ? odoo.modules.registry: Invalidating templates model caches from write /home/pablo/odoo/odoo/addons/base/models/ir_ui_view.py:550 
2026-03-30 10:54:08,038 1467288 INFO ? odoo.modules.loading: loading helpdesk_mgmt/security/helpdesk_security.xml 
2026-03-30 10:54:08,044 1467288 DEBUG ? odoo.modules.registry: Invalidating default model caches from call_cache_clearing_methods /home/pablo/odoo/odoo/addons/base/models/ir_model.py:2183 
2026-03-30 10:54:08,102 1467288 DEBUG ? odoo.modules.registry: Invalidating groups model caches from write /home/pablo/odoo/odoo/addons/base/models/res_users.py:1539 
2026-03-30 10:54:08,102 1467288 DEBUG ? odoo.modules.registry: Invalidating default model caches from write /home/pablo/odoo/odoo/addons/base/models/res_users.py:1681 
2026-03-30 10:54:08,103 1467288 DEBUG ? odoo.modules.registry: Invalidating groups model caches from _update_xmlids /home/pablo/odoo/odoo/addons/base/models/ir_model.py:2414 
2026-03-30 10:54:08,107 1467288 DEBUG ? odoo.modules.registry: Invalidating default model caches from call_cache_clearing_methods /home/pablo/odoo/odoo/addons/base/models/ir_model.py:2183 
2026-03-30 10:54:08,140 1467288 DEBUG ? odoo.modules.registry: Invalidating groups model caches from write /home/pablo/odoo/odoo/addons/base/models/res_users.py:1539 
2026-03-30 10:54:08,140 1467288 DEBUG ? odoo.modules.registry: Invalidating default model caches from write /home/pablo/odoo/odoo/addons/base/models/res_users.py:1681 
2026-03-30 10:54:08,141 1467288 DEBUG ? odoo.modules.registry: Invalidating groups model caches from _update_xmlids /home/pablo/odoo/odoo/addons/base/models/ir_model.py:2414 
2026-03-30 10:54:08,144 1467288 DEBUG ? odoo.modules.registry: Invalidating default model caches from call_cache_clearing_methods /home/pablo/odoo/odoo/addons/base/models/ir_model.py:2183 
2026-03-30 10:54:08,168 1467288 DEBUG ? odoo.modules.registry: Invalidating groups model caches from write /home/pablo/odoo/odoo/addons/base/models/res_users.py:1539 
2026-03-30 10:54:08,168 1467288 DEBUG ? odoo.modules.registry: Invalidating default model caches from write /home/pablo/odoo/odoo/addons/base/models/res_users.py:1681 
2026-03-30 10:54:08,168 1467288 DEBUG ? odoo.modules.registry: Invalidating groups model caches from _update_xmlids /home/pablo/odoo/odoo/addons/base/models/ir_model.py:2414 
2026-03-30 10:54:08,171 1467288 DEBUG ? odoo.modules.registry: Invalidating default model caches from call_cache_clearing_methods /home/pablo/odoo/odoo/addons/base/models/ir_model.py:2183 
2026-03-30 10:54:08,199 1467288 DEBUG ? odoo.modules.registry: Invalidating groups model caches from write /home/pablo/odoo/odoo/addons/base/models/res_users.py:1539 
2026-03-30 10:54:08,199 1467288 DEBUG ? odoo.modules.registry: Invalidating default model caches from write /home/pablo/odoo/odoo/addons/base/models/res_users.py:1681 
2026-03-30 10:54:08,200 1467288 DEBUG ? odoo.modules.registry: Invalidating groups model caches from _update_xmlids /home/pablo/odoo/odoo/addons/base/models/ir_model.py:2414 
2026-03-30 10:54:08,210 1467288 INFO ? odoo.modules.loading: loading helpdesk_mgmt/security/ir.model.access.csv 
2026-03-30 10:54:08,259 1467288 DEBUG ? odoo.modules.registry: Invalidating default model caches from call_cache_clearing_methods /home/pablo/odoo/odoo/addons/base/models/ir_model.py:2183 
2026-03-30 10:54:08,261 1467288 DEBUG ? odoo.modules.registry: Invalidating default model caches from call_cache_clearing_methods /home/pablo/odoo/odoo/addons/base/models/ir_model.py:2183 
2026-03-30 10:54:08,264 1467288 DEBUG ? odoo.modules.registry: Invalidating default model caches from call_cache_clearing_methods /home/pablo/odoo/odoo/addons/base/models/ir_model.py:2183 
2026-03-30 10:54:08,265 1467288 DEBUG ? odoo.modules.registry: Invalidating default model caches from call_cache_clearing_methods /home/pablo/odoo/odoo/addons/base/models/ir_model.py:2183 
2026-03-30 10:54:08,267 1467288 DEBUG ? odoo.modules.registry: Invalidating default model caches from call_cache_clearing_methods /home/pablo/odoo/odoo/addons/base/models/ir_model.py:2183 
2026-03-30 10:54:08,268 1467288 DEBUG ? odoo.modules.registry: Invalidating default model caches from call_cache_clearing_methods /home/pablo/odoo/odoo/addons/base/models/ir_model.py:2183 
2026-03-30 10:54:08,269 1467288 DEBUG ? odoo.modules.registry: Invalidating default model caches from call_cache_clearing_methods /home/pablo/odoo/odoo/addons/base/models/ir_model.py:2183 
2026-03-30 10:54:08,270 1467288 DEBUG ? odoo.modules.registry: Invalidating default model caches from call_cache_clearing_methods /home/pablo/odoo/odoo/addons/base/models/ir_model.py:2183 
2026-03-30 10:54:08,271 1467288 DEBUG ? odoo.modules.registry: Invalidating default model caches from call_cache_clearing_methods /home/pablo/odoo/odoo/addons/base/models/ir_model.py:2183 
2026-03-30 10:54:08,272 1467288 DEBUG ? odoo.modules.registry: Invalidating default model caches from call_cache_clearing_methods /home/pablo/odoo/odoo/addons/base/models/ir_model.py:2183 
2026-03-30 10:54:08,272 1467288 DEBUG ? odoo.modules.registry: Invalidating default model caches from call_cache_clearing_methods /home/pablo/odoo/odoo/addons/base/models/ir_model.py:2183 
2026-03-30 10:54:08,273 1467288 DEBUG ? odoo.modules.registry: Invalidating default model caches from call_cache_clearing_methods /home/pablo/odoo/odoo/addons/base/models/ir_model.py:2183 
2026-03-30 10:54:08,274 1467288 DEBUG ? odoo.modules.registry: Invalidating default model caches from call_cache_clearing_methods /home/pablo/odoo/odoo/addons/base/models/ir_model.py:2183 
2026-03-30 10:54:08,275 1467288 DEBUG ? odoo.modules.registry: Invalidating default model caches from call_cache_clearing_methods /home/pablo/odoo/odoo/addons/base/models/ir_model.py:2183 
2026-03-30 10:54:08,276 1467288 DEBUG ? odoo.modules.registry: Invalidating default model caches from call_cache_clearing_methods /home/pablo/odoo/odoo/addons/base/models/ir_model.py:2183 
2026-03-30 10:54:08,276 1467288 DEBUG ? odoo.modules.registry: Invalidating default model caches from call_cache_clearing_methods /home/pablo/odoo/odoo/addons/base/models/ir_model.py:2183 
2026-03-30 10:54:08,277 1467288 DEBUG ? odoo.modules.registry: Invalidating default model caches from call_cache_clearing_methods /home/pablo/odoo/odoo/addons/base/models/ir_model.py:2183 
2026-03-30 10:54:08,279 1467288 DEBUG ? odoo.modules.registry: Invalidating default model caches from call_cache_clearing_methods /home/pablo/odoo/odoo/addons/base/models/ir_model.py:2183 
2026-03-30 10:54:08,281 1467288 DEBUG ? odoo.modules.registry: Invalidating default model caches from call_cache_clearing_methods /home/pablo/odoo/odoo/addons/base/models/ir_model.py:2183 
2026-03-30 10:54:08,282 1467288 DEBUG ? odoo.modules.registry: Invalidating default model caches from call_cache_clearing_methods /home/pablo/odoo/odoo/addons/base/models/ir_model.py:2183 
2026-03-30 10:54:08,283 1467288 DEBUG ? odoo.modules.registry: Invalidating default model caches from call_cache_clearing_methods /home/pablo/odoo/odoo/addons/base/models/ir_model.py:2183 
2026-03-30 10:54:08,284 1467288 DEBUG ? odoo.modules.registry: Invalidating default model caches from call_cache_clearing_methods /home/pablo/odoo/odoo/addons/base/models/ir_model.py:2183 
2026-03-30 10:54:08,284 1467288 DEBUG ? odoo.modules.registry: Invalidating default model caches from call_cache_clearing_methods /home/pablo/odoo/odoo/addons/base/models/ir_model.py:2183 
2026-03-30 10:54:08,285 1467288 DEBUG ? odoo.modules.registry: Invalidating default model caches from call_cache_clearing_methods /home/pablo/odoo/odoo/addons/base/models/ir_model.py:2183 
2026-03-30 10:54:08,286 1467288 DEBUG ? odoo.modules.registry: Invalidating default model caches from call_cache_clearing_methods /home/pablo/odoo/odoo/addons/base/models/ir_model.py:2183 
2026-03-30 10:54:08,287 1467288 DEBUG ? odoo.modules.registry: Invalidating default model caches from call_cache_clearing_methods /home/pablo/odoo/odoo/addons/base/models/ir_model.py:2183 
2026-03-30 10:54:08,287 1467288 DEBUG ? odoo.modules.registry: Invalidating default model caches from call_cache_clearing_methods /home/pablo/odoo/odoo/addons/base/models/ir_model.py:2183 
2026-03-30 10:54:08,288 1467288 DEBUG ? odoo.modules.registry: Invalidating default model caches from call_cache_clearing_methods /home/pablo/odoo/odoo/addons/base/models/ir_model.py:2183 
2026-03-30 10:54:08,289 1467288 DEBUG ? odoo.modules.registry: Invalidating default model caches from call_cache_clearing_methods /home/pablo/odoo/odoo/addons/base/models/ir_model.py:2183 
2026-03-30 10:54:08,290 1467288 DEBUG ? odoo.modules.registry: Invalidating default model caches from call_cache_clearing_methods /home/pablo/odoo/odoo/addons/base/models/ir_model.py:2183 
2026-03-30 10:54:08,291 1467288 DEBUG ? odoo.modules.registry: Invalidating default model caches from call_cache_clearing_methods /home/pablo/odoo/odoo/addons/base/models/ir_model.py:2183 
2026-03-30 10:54:08,291 1467288 DEBUG ? odoo.modules.registry: Invalidating default model caches from call_cache_clearing_methods /home/pablo/odoo/odoo/addons/base/models/ir_model.py:2183 
2026-03-30 10:54:08,292 1467288 DEBUG ? odoo.modules.registry: Invalidating default model caches from call_cache_clearing_methods /home/pablo/odoo/odoo/addons/base/models/ir_model.py:2183 
2026-03-30 10:54:08,293 1467288 DEBUG ? odoo.modules.registry: Invalidating default model caches from call_cache_clearing_methods /home/pablo/odoo/odoo/addons/base/models/ir_model.py:2183 
2026-03-30 10:54:08,294 1467288 DEBUG ? odoo.modules.registry: Invalidating default model caches from call_cache_clearing_methods /home/pablo/odoo/odoo/addons/base/models/ir_model.py:2183 
2026-03-30 10:54:08,294 1467288 DEBUG ? odoo.modules.registry: Invalidating default model caches from call_cache_clearing_methods /home/pablo/odoo/odoo/addons/base/models/ir_model.py:2183 
2026-03-30 10:54:08,296 1467288 DEBUG ? odoo.modules.registry: Invalidating default model caches from call_cache_clearing_methods /home/pablo/odoo/odoo/addons/base/models/ir_model.py:2183 
2026-03-30 10:54:08,299 1467288 INFO ? odoo.modules.loading: loading helpdesk_mgmt/views/res_partner_views.xml 
2026-03-30 10:54:08,303 1467288 DEBUG ? odoo.modules.registry: Invalidating templates model caches from write /home/pablo/odoo/odoo/addons/base/models/ir_ui_view.py:550 
2026-03-30 10:54:08,304 1467288 DEBUG ? odoo.modules.registry: Invalidating templates model caches from write /home/pablo/odoo/odoo/addons/base/models/ir_ui_view.py:550 
2026-03-30 10:54:08,342 1467288 INFO ? odoo.modules.loading: loading helpdesk_mgmt/views/res_config_settings_views.xml 
2026-03-30 10:54:08,348 1467288 DEBUG ? odoo.modules.registry: Invalidating templates model caches from write /home/pablo/odoo/odoo/addons/base/models/ir_ui_view.py:550 
2026-03-30 10:54:08,350 1467288 DEBUG ? odoo.modules.registry: Invalidating templates model caches from write /home/pablo/odoo/odoo/addons/base/models/ir_ui_view.py:550 
2026-03-30 10:54:08,402 1467288 DEBUG ? odoo.modules.registry: Invalidating default model caches from write /home/pablo/odoo/odoo/addons/base/models/ir_actions.py:114 
2026-03-30 10:54:08,403 1467288 INFO ? odoo.modules.loading: loading helpdesk_mgmt/views/helpdesk_ticket_templates.xml 
2026-03-30 10:54:08,409 1467288 DEBUG ? odoo.modules.registry: Invalidating templates model caches from write /home/pablo/odoo/odoo/addons/base/models/ir_ui_view.py:550 
2026-03-30 10:54:08,411 1467288 DEBUG ? odoo.modules.registry: Invalidating templates model caches from write /home/pablo/odoo/odoo/addons/base/models/ir_ui_view.py:550 
2026-03-30 10:54:08,421 1467288 DEBUG ? odoo.modules.registry: Invalidating templates model caches from write /home/pablo/odoo/odoo/addons/base/models/ir_ui_view.py:550 
2026-03-30 10:54:08,422 1467288 DEBUG ? odoo.modules.registry: Invalidating templates model caches from write /home/pablo/odoo/odoo/addons/base/models/ir_ui_view.py:550 
2026-03-30 10:54:08,428 1467288 DEBUG ? odoo.modules.registry: Invalidating templates model caches from write /home/pablo/odoo/odoo/addons/base/models/ir_ui_view.py:550 
2026-03-30 10:54:08,432 1467288 DEBUG ? odoo.modules.registry: Invalidating templates model caches from write /home/pablo/odoo/odoo/addons/base/models/ir_ui_view.py:550 
2026-03-30 10:54:08,443 1467288 DEBUG ? odoo.modules.registry: Invalidating templates model caches from write /home/pablo/odoo/odoo/addons/base/models/ir_ui_view.py:550 
2026-03-30 10:54:08,448 1467288 DEBUG ? odoo.modules.registry: Invalidating templates model caches from write /home/pablo/odoo/odoo/addons/base/models/ir_ui_view.py:550 
2026-03-30 10:54:08,458 1467288 DEBUG ? odoo.modules.registry: Invalidating templates model caches from write /home/pablo/odoo/odoo/addons/base/models/ir_ui_view.py:550 
2026-03-30 10:54:08,460 1467288 DEBUG ? odoo.modules.registry: Invalidating templates model caches from write /home/pablo/odoo/odoo/addons/base/models/ir_ui_view.py:550 
2026-03-30 10:54:08,472 1467288 DEBUG ? odoo.modules.registry: Invalidating templates model caches from write /home/pablo/odoo/odoo/addons/base/models/ir_ui_view.py:550 
2026-03-30 10:54:08,474 1467288 DEBUG ? odoo.modules.registry: Invalidating templates model caches from write /home/pablo/odoo/odoo/addons/base/models/ir_ui_view.py:550 
2026-03-30 10:54:08,483 1467288 DEBUG ? odoo.modules.registry: Invalidating templates model caches from write /home/pablo/odoo/odoo/addons/base/models/ir_ui_view.py:550 
2026-03-30 10:54:08,485 1467288 DEBUG ? odoo.modules.registry: Invalidating templates model caches from write /home/pablo/odoo/odoo/addons/base/models/ir_ui_view.py:550 
2026-03-30 10:54:08,494 1467288 DEBUG ? odoo.modules.registry: Invalidating templates model caches from write /home/pablo/odoo/odoo/addons/base/models/ir_ui_view.py:550 
2026-03-30 10:54:08,497 1467288 DEBUG ? odoo.modules.registry: Invalidating templates model caches from write /home/pablo/odoo/odoo/addons/base/models/ir_ui_view.py:550 
2026-03-30 10:54:08,510 1467288 DEBUG ? odoo.modules.registry: Invalidating templates model caches from write /home/pablo/odoo/odoo/addons/base/models/ir_ui_view.py:550 
2026-03-30 10:54:08,511 1467288 DEBUG ? odoo.modules.registry: Invalidating templates model caches from write /home/pablo/odoo/odoo/addons/base/models/ir_ui_view.py:550 
2026-03-30 10:54:08,515 1467288 INFO ? odoo.modules.loading: loading helpdesk_mgmt/views/helpdesk_ticket_time_line_views.xml 
2026-03-30 10:54:08,520 1467288 DEBUG ? odoo.modules.registry: Invalidating templates model caches from write /home/pablo/odoo/odoo/addons/base/models/ir_ui_view.py:550 
2026-03-30 10:54:08,521 1467288 DEBUG ? odoo.modules.registry: Invalidating templates model caches from write /home/pablo/odoo/odoo/addons/base/models/ir_ui_view.py:550 
2026-03-30 10:54:08,528 1467288 INFO ? odoo.modules.loading: loading helpdesk_mgmt/views/helpdesk_ticket_views.xml 
2026-03-30 10:54:08,533 1467288 DEBUG ? odoo.modules.registry: Invalidating default model caches from write /home/pablo/odoo/odoo/addons/base/models/ir_actions.py:114 
2026-03-30 10:54:08,536 1467288 DEBUG ? odoo.modules.registry: Invalidating default model caches from write /home/pablo/odoo/odoo/addons/base/models/ir_actions.py:114 
2026-03-30 10:54:08,539 1467288 DEBUG ? odoo.modules.registry: Invalidating templates model caches from write /home/pablo/odoo/odoo/addons/base/models/ir_ui_view.py:550 
2026-03-30 10:54:08,540 1467288 DEBUG ? odoo.modules.registry: Invalidating templates model caches from write /home/pablo/odoo/odoo/addons/base/models/ir_ui_view.py:550 
2026-03-30 10:54:08,553 1467288 DEBUG ? odoo.modules.registry: Invalidating templates model caches from write /home/pablo/odoo/odoo/addons/base/models/ir_ui_view.py:550 
2026-03-30 10:54:08,554 1467288 DEBUG ? odoo.modules.registry: Invalidating templates model caches from write /home/pablo/odoo/odoo/addons/base/models/ir_ui_view.py:550 
2026-03-30 10:54:08,565 1467288 DEBUG ? odoo.modules.registry: Invalidating templates model caches from write /home/pablo/odoo/odoo/addons/base/models/ir_ui_view.py:550 
2026-03-30 10:54:08,567 1467288 DEBUG ? odoo.modules.registry: Invalidating templates model caches from write /home/pablo/odoo/odoo/addons/base/models/ir_ui_view.py:550 
2026-03-30 10:54:08,587 1467288 DEBUG ? odoo.modules.registry: Invalidating templates model caches from write /home/pablo/odoo/odoo/addons/base/models/ir_ui_view.py:550 
2026-03-30 10:54:08,590 1467288 DEBUG ? odoo.modules.registry: Invalidating templates model caches from write /home/pablo/odoo/odoo/addons/base/models/ir_ui_view.py:550 
2026-03-30 10:54:08,603 1467288 DEBUG ? odoo.modules.registry: Invalidating templates model caches from write /home/pablo/odoo/odoo/addons/base/models/ir_ui_view.py:550 
2026-03-30 10:54:08,604 1467288 DEBUG ? odoo.modules.registry: Invalidating templates model caches from write /home/pablo/odoo/odoo/addons/base/models/ir_ui_view.py:550 
2026-03-30 10:54:08,610 1467288 DEBUG ? odoo.modules.registry: Invalidating templates model caches from write /home/pablo/odoo/odoo/addons/base/models/ir_ui_view.py:550 
2026-03-30 10:54:08,612 1467288 DEBUG ? odoo.modules.registry: Invalidating templates model caches from write /home/pablo/odoo/odoo/addons/base/models/ir_ui_view.py:550 
2026-03-30 10:54:08,618 1467288 DEBUG ? odoo.modules.registry: Invalidating templates model caches from write /home/pablo/odoo/odoo/addons/base/models/ir_ui_view.py:550 
2026-03-30 10:54:08,620 1467288 DEBUG ? odoo.modules.registry: Invalidating templates model caches from write /home/pablo/odoo/odoo/addons/base/models/ir_ui_view.py:550 
2026-03-30 10:54:08,634 1467288 DEBUG ? odoo.modules.registry: Invalidating templates model caches from write /home/pablo/odoo/odoo/addons/base/models/ir_ui_view.py:550 
2026-03-30 10:54:08,635 1467288 DEBUG ? odoo.modules.registry: Invalidating templates model caches from write /home/pablo/odoo/odoo/addons/base/models/ir_ui_view.py:550 
2026-03-30 10:54:08,643 1467288 DEBUG ? odoo.modules.registry: Invalidating templates model caches from write /home/pablo/odoo/odoo/addons/base/models/ir_ui_view.py:550 
2026-03-30 10:54:08,644 1467288 DEBUG ? odoo.modules.registry: Invalidating templates model caches from write /home/pablo/odoo/odoo/addons/base/models/ir_ui_view.py:550 
2026-03-30 10:54:08,658 1467288 DEBUG ? odoo.tools.convert: while parsing /home/pablo/odoo/addons/helpdesk/helpdesk_mgmt/views/helpdesk_ticket_views.xml:439
Error while parsing or validating view:

Element '<xpath expr="//header/button[@name=&#39;action_cancel_case&#39;]">' cannot be located in parent view

View error context:
{'file': '/home/pablo/odoo/addons/helpdesk/helpdesk_mgmt/views/helpdesk_ticket_views.xml',
 'line': 1,
 'name': 'helpdesk.ticket.form.resolution.ot',
 'view': ir.ui.view(1565,),
 'view.model': 'helpdesk.ticket',
 'view.parent': ir.ui.view(1552,),
 'xmlid': 'view_helpdesk_ticket_form_resolution'}
 
Traceback (most recent call last):
  File "/home/pablo/odoo/odoo/tools/convert.py", line 590, in _tag_root
    f(rec)
    ~^^^^^
  File "/home/pablo/odoo/odoo/tools/convert.py", line 444, in _tag_record
    record = model._load_records([data], self.mode == 'update')
  File "/home/pablo/odoo/odoo/models.py", line 5508, in _load_records
    data['record']._load_records_write(data['values'])
    ~~~~~~~~~~~~~~~~~~~~~~~~~~~~~~~~~~^^^^^^^^^^^^^^^^
  File "/home/pablo/odoo/odoo/addons/base/models/ir_ui_view.py", line 2311, in _load_records_write
    super(View, self)._load_records_write(values)
    ~~~~~~~~~~~~~~~~~~~~~~~~~~~~~~~~~~~~~^^^^^^^^
  File "/home/pablo/odoo/odoo/models.py", line 5426, in _load_records_write
    self.write(values)
    ~~~~~~~~~~^^^^^^^^
  File "/home/pablo/odoo/odoo/addons/base/models/ir_ui_view.py", line 554, in write
    res = super(View, self).write(self._compute_defaults(vals))
  File "/home/pablo/odoo/odoo/models.py", line 4845, in write
    fields[0].determine_inverse(real_recs)
    ~~~~~~~~~~~~~~~~~~~~~~~~~~~^^^^^^^^^^^
  File "/home/pablo/odoo/odoo/fields.py", line 1502, in determine_inverse
    determine(self.inverse, records)
    ~~~~~~~~~^^^^^^^^^^^^^^^^^^^^^^^
  File "/home/pablo/odoo/odoo/fields.py", line 110, in determine
    return needle(*args)
  File "/home/pablo/odoo/odoo/addons/base/models/ir_ui_view.py", line 262, in _inverse_arch
    view.write(data)
    ~~~~~~~~~~^^^^^^
  File "/home/pablo/odoo/odoo/addons/base/models/ir_ui_view.py", line 554, in write
    res = super(View, self).write(self._compute_defaults(vals))
  File "/home/pablo/odoo/odoo/models.py", line 4835, in write
    real_recs._validate_fields(vals, inverse_fields)
    ~~~~~~~~~~~~~~~~~~~~~~~~~~^^^^^^^^^^^^^^^^^^^^^^
  File "/home/pablo/odoo/odoo/models.py", line 1636, in _validate_fields
    check(self)
    ~~~~~^^^^^^
  File "/home/pablo/odoo/odoo/addons/base/models/ir_ui_view.py", line 377, in _check_xml
    raise err from None
  File "/home/pablo/odoo/odoo/addons/base/models/ir_ui_view.py", line 367, in _check_xml
    combined_arch = view._get_combined_arch()
  File "/home/pablo/odoo/odoo/addons/base/models/ir_ui_view.py", line 962, in _get_combined_arch
    arch = root.with_prefetch(tree_views._prefetch_ids)._combine(hierarchy)
  File "/home/pablo/odoo/odoo/addons/base/models/ir_ui_view.py", line 920, in _combine
    combined_arch = view.apply_inheritance_specs(combined_arch, arch)
  File "/home/pablo/odoo/odoo/addons/base/models/ir_ui_view.py", line 857, in apply_inheritance_specs
    self._raise_view_error(str(e), specs_tree)
    ~~~~~~~~~~~~~~~~~~~~~~^^^^^^^^^^^^^^^^^^^^
  File "/home/pablo/odoo/odoo/addons/base/models/ir_ui_view.py", line 734, in _raise_view_error
    raise err from from_exception
odoo.exceptions.ValidationError: Error while parsing or validating view:

Element '<xpath expr="//header/button[@name=&#39;action_cancel_case&#39;]">' cannot be located in parent view
2026-03-30 10:54:08,665 1467288 WARNING ? odoo.modules.loading: Transient module states were reset 
2026-03-30 10:54:08,666 1467288 ERROR ? odoo.modules.registry: Failed to load registry 
2026-03-30 10:54:08,666 1467288 ERROR ? odoo.http: Exception during request handling. 
Traceback (most recent call last):
  File "/home/pablo/odoo/odoo/http.py", line 2577, in __call__
    response = request._serve_db()
  File "/home/pablo/odoo/odoo/http.py", line 2081, in _serve_db
    self.registry, cr_readwrite = self._open_registry()
                                  ~~~~~~~~~~~~~~~~~~~^^
  File "/home/pablo/odoo/odoo/http.py", line 1690, in _open_registry
    registry = Registry(self.db)
  File "/home/pablo/odoo/odoo/modules/registry.py", line 108, in __new__
    return cls.new(db_name)
           ~~~~~~~^^^^^^^^^
  File "/home/pablo/odoo/.venv/lib/python3.13/site-packages/decorator.py", line 235, in fun
    return caller(func, *(extras + args), **kw)
  File "/home/pablo/odoo/odoo/tools/func.py", line 97, in locked
    return func(inst, *args, **kwargs)
  File "/home/pablo/odoo/odoo/modules/registry.py", line 129, in new
    odoo.modules.load_modules(registry, force_demo, status, update_module)
    ~~~~~~~~~~~~~~~~~~~~~~~~~^^^^^^^^^^^^^^^^^^^^^^^^^^^^^^^^^^^^^^^^^^^^^
  File "/home/pablo/odoo/odoo/modules/loading.py", line 485, in load_modules
    processed_modules += load_marked_modules(env, graph,
                         ~~~~~~~~~~~~~~~~~~~^^^^^^^^^^^^
        ['installed', 'to upgrade', 'to remove'],
        ^^^^^^^^^^^^^^^^^^^^^^^^^^^^^^^^^^^^^^^^^
        force, status, report, loaded_modules, update_module, models_to_check)
        ^^^^^^^^^^^^^^^^^^^^^^^^^^^^^^^^^^^^^^^^^^^^^^^^^^^^^^^^^^^^^^^^^^^^^^
  File "/home/pablo/odoo/odoo/modules/loading.py", line 365, in load_marked_modules
    loaded, processed = load_module_graph(
                        ~~~~~~~~~~~~~~~~~^
        env, graph, progressdict, report=report, skip_modules=loaded_modules,
        ^^^^^^^^^^^^^^^^^^^^^^^^^^^^^^^^^^^^^^^^^^^^^^^^^^^^^^^^^^^^^^^^^^^^^
        perform_checks=perform_checks, models_to_check=models_to_check
        ^^^^^^^^^^^^^^^^^^^^^^^^^^^^^^^^^^^^^^^^^^^^^^^^^^^^^^^^^^^^^^
    )
    ^
  File "/home/pablo/odoo/odoo/modules/loading.py", line 228, in load_module_graph
    load_data(env, idref, mode, kind='data', package=package)
    ~~~~~~~~~^^^^^^^^^^^^^^^^^^^^^^^^^^^^^^^^^^^^^^^^^^^^^^^^
  File "/home/pablo/odoo/odoo/modules/loading.py", line 72, in load_data
    tools.convert_file(env, package.name, filename, idref, mode, noupdate, kind)
    ~~~~~~~~~~~~~~~~~~^^^^^^^^^^^^^^^^^^^^^^^^^^^^^^^^^^^^^^^^^^^^^^^^^^^^^^^^^^
  File "/home/pablo/odoo/odoo/tools/convert.py", line 662, in convert_file
    convert_xml_import(env, module, fp, idref, mode, noupdate)
    ~~~~~~~~~~~~~~~~~~^^^^^^^^^^^^^^^^^^^^^^^^^^^^^^^^^^^^^^^^
  File "/home/pablo/odoo/odoo/tools/convert.py", line 733, in convert_xml_import
    obj.parse(doc.getroot())
    ~~~~~~~~~^^^^^^^^^^^^^^^
  File "/home/pablo/odoo/odoo/tools/convert.py", line 648, in parse
    self._tag_root(de)
    ~~~~~~~~~~~~~~^^^^
  File "/home/pablo/odoo/odoo/tools/convert.py", line 601, in _tag_root
    raise ParseError(msg) from None  # Restart with "--log-handler odoo.tools.convert:DEBUG" for complete traceback
    ^^^^^^^^^^^^^^^^^^^^^^^^^^^^^^^
odoo.tools.convert.ParseError: while parsing /home/pablo/odoo/addons/helpdesk/helpdesk_mgmt/views/helpdesk_ticket_views.xml:439
Error while parsing or validating view:

Element '<xpath expr="//header/button[@name=&#39;action_cancel_case&#39;]">' cannot be located in parent view

View error context:
{'file': '/home/pablo/odoo/addons/helpdesk/helpdesk_mgmt/views/helpdesk_ticket_views.xml',
 'line': 1,
 'name': 'helpdesk.ticket.form.resolution.ot',
 'view': ir.ui.view(1565,),
 'view.model': 'helpdesk.ticket',
 'view.parent': ir.ui.view(1552,),
 'xmlid': 'view_helpdesk_ticket_form_resolution'}

2026-03-30 10:54:08,668 1467288 INFO ? werkzeug: 127.0.0.1 - - [30/Mar/2026 10:54:08] "GET /web/service-worker.js HTTP/1.1" 500 - 797 0.641 4.941
2026-03-30 10:54:10,245 1467288 DEBUG ? odoo.service.server: cron0 polling for jobs 
2026-03-30 10:54:25,415 1467288 DEBUG ? odoo.service.server: cron1 polling for jobs 
